IncidentID,AgencyORI,AgencyName,IncidentStatusDesc,County,RdwyNumber,Street,RoadwayName,StreetSfx,StreetDir,IntersectionRdwy,IntersectionRdwyName,BetweenStRdwy1,BetweenStRdwyName1,BetweenStRdwy2,BetweenStRdwyName2,Latitude,Longitude,Milepoint,CollisionDate,CollisionTime,UnitsInvolved,MotorVehiclesInvolved,NumberKilled,NumberInjured,Weather,RdwyConditionCode,HitandRun,DirAnalysisCode,MannerofCollision,RdwyCharacter,LightCondition,RampFromRdwyId,RampToRdwyId,AcceptedDate,IsSecondaryCollision,OwnerBadge,IncidentStatus,
26897239,0568000,LOUISVILLE METRO POLICE DEPT,Accepted,JEFFERSON,KY2054,1200,ALGONQUIN,PKWY,,,,,,,,38.217590347,-85.775584881,2.714,7/5/2020 12:00:00 AM,2346,1,1,0,0,CLOUDY,WET,False,COLLISION WITH FIXED OBJECT NON - INTERSECTION - FIRST EVENT COLLISION 09 - 32 EXCLUDING 16,SINGLE VEHICLE,STRAIGHT & LEVEL,DARK-HWY LIGHTED/ON,,,7/6/2020 9:13:22 AM,False,7426,Accepted,
26997370,0568000,LOUISVILLE METRO POLICE DEPT,Accepted,JEFFERSON,KY1931,,7TH ST,RD,,,BERNHEIM,,,,,38.219760434,-85.777736777,10.459,7/5/2020 12:00:00 AM,1321,2,2,1,3,CLEAR,DRY,False,HEAD-ON COLLISION,HEAD ON,STRAIGHT & LEVEL,DAYLIGHT,,,7/28/2020 8:19:35 AM,False,7720,Accepted,
26934482,0568000,LOUISVILLE METRO POLICE DEPT,Accepted,JEFFERSON,US0150,,BROADWAY,,E,,FLOYD,,,,,38.245507581,-85.749730505,2.840,7/5/2020 12:00:00 AM,0014,2,2,0,0,CLEAR,DRY,False,ANGLE COLLISION - ONE VEHICLE TURNING RIGHT,ANGLE,STRAIGHT & LEVEL,DARK-HWY LIGHTED/ON,,,7/15/2020 8:55:17 AM,False,5122,Accepted,
27368036,0568000,LOUISVILLE METRO POLICE DEPT,Accepted,JEFFERSON,US0031E,,BARDSTOWN,RD,,,BANNON CROSSINGS,,,,,38.182211118,-85.628662402,8.816,7/5/2020 12:00:00 AM,2149,3,3,1,0,CLOUDY,DRY,True,SIDESWIPE-SAME DIRECTION,SIDESWIPE-SAME DIRECTION,STRAIGHT & LEVEL,DARK-HWY NOT LIGHTED,,,10/23/2020 8:35:05 AM,False,7772,Accepted,
26897201,0568000,LOUISVILLE METRO POLICE DEPT,Accepted,JEFFERSON,KY1631,,CRITTENDEN,DR,,,CENTRAL,,,,,38.202921287,-85.750734609,1.037,7/5/2020 12:00:00 AM,1150,2,2,0,0,CLEAR,DRY,False,ANGLE COLLISION - OTHER,ANGLE,STRAIGHT & LEVEL,DAYLIGHT,,,7/6/2020 9:11:08 AM,False,7094,Accepted,
26897208,0568000,LOUISVILLE METRO POLICE DEPT,Accepted,JEFFERSON,,3405,VIRGINIA,AVE,,,,,,,,38.239019917,-85.810341273,0.764,7/5/2020 12:00:00 AM,1451,3,3,0,0,CLEAR,DRY,True,1 VEHICLE PARKED POSITION (NOT PARKING LOT/DRIVEWAY),REAR END,STRAIGHT & LEVEL,DAYLIGHT,,,7/6/2020 9:11:28 AM,False,5161,Accepted,
26897216,0568000,LOUISVILLE METRO POLICE DEPT,Accepted,JEFFERSON,I 0264,,I264 W,,,,,,,,,38.216588412,-85.822413168,4.453,7/5/2020 12:00:00 AM,1718,1,1,0,1,RAINING,WET,False,OTHER ROADWAY OR MID-BLOCK COLLISION,SINGLE VEHICLE,CURVE & LEVEL,DAYLIGHT,,,7/6/2020 9:11:57 AM,False,5253,Accepted,
26897226,0568000,LOUISVILLE METRO POLICE DEPT,Accepted,JEFFERSON,KY1703,2401,NEWBURG,RD,,,TREVILIAN,,,,,38.213495245,-85.700856500,3.390,7/5/2020 12:00:00 AM,1944,1,1,0,1,CLOUDY,WET,False,OTHER INTERSECTION COLLISIONS,SINGLE VEHICLE,CURVE & HILLCREST,DAYLIGHT,,,7/6/2020 9:12:37 AM,False,7101,Accepted,
26897233,0568000,LOUISVILLE METRO POLICE DEPT,Accepted,JEFFERSON,,,4TH,ST,S,,BRANDEIS,,,,,38.219495759,-85.763053626,2.586,7/5/2020 12:00:00 AM,1932,2,2,0,0,CLEAR,DRY,False,OPPOSING LEFT TURN,OPPOSING LEFT TURN,STRAIGHT & LEVEL,DAYLIGHT,,,7/6/2020 9:13:01 AM,False,5204,Accepted,
26897234,0568000,LOUISVILLE METRO POLICE DEPT,Accepted,JEFFERSON,US0150,,BROADWAY,,E,,BROOK,,,,,38.245632448,-85.751791737,2.726,7/5/2020 12:00:00 AM,2113,2,1,0,1,CLEAR,DRY,False,COLLISION WITH PEDESTRIAN IN INTERSECTION,SINGLE VEHICLE,STRAIGHT & LEVEL,DUSK,,,7/6/2020 9:13:04 AM,False,5154,Accepted,
26897199,0568000,LOUISVILLE METRO POLICE DEPT,Accepted,JEFFERSON,,,15TH,ST,S,,GALLAGHER,,,,,38.238367422,-85.778093583,0.898,7/5/2020 12:00:00 AM,0518,1,1,0,0,CLEAR,DRY,False,COLLISION WITH FIXED OBJECT IN INTERSECTION - FIRST EVENT COLLISION 09 - 32,SINGLE VEHICLE,STRAIGHT & LEVEL,DUSK,,,7/6/2020 9:11:01 AM,False,5290,Accepted,
26897202,0568000,LOUISVILLE METRO POLICE DEPT,Accepted,JEFFERSON,,,YOUNG,AVE,,,,,34TH,,LYMAN JOHNSON,38.230061386,-85.810261998,0.224,7/5/2020 12:00:00 AM,1412,2,2,0,0,CLEAR,DRY,False,REAR END IN TRAFFIC LANES BOTH VEHICLES MOVING,REAR END,STRAIGHT & GRADE,DAYLIGHT,,,7/6/2020 9:11:14 AM,False,7328,Accepted,
26897210,0568000,LOUISVILLE METRO POLICE DEPT,Accepted,JEFFERSON,I 0265,,I265 E,,,,,,,,,38.215661417,-85.506214845,24.990,7/5/2020 12:00:00 AM,1401,1,1,0,0,CLEAR,DRY,False,COLLISION WITH FIXED OBJECT NON - INTERSECTION - FIRST EVENT COLLISION 09 - 32 EXCLUDING 16,SINGLE VEHICLE,STRAIGHT & LEVEL,DAYLIGHT,,,7/6/2020 9:11:35 AM,False,7751,Accepted,
26897211,0568000,LOUISVILLE METRO POLICE DEPT,Accepted,JEFFERSON,US0031W,12500,DIXIE,HWY,,,,,,,,38.072478275,-85.884650065,6.004,7/5/2020 12:00:00 AM,1035,2,2,0,1,CLEAR,DRY,False,1 VEHICLE ENTERING/LEAVING ENTRANCE,ANGLE,STRAIGHT & LEVEL,DAYLIGHT,,,7/6/2020 9:11:39 AM,False,7177,Accepted,
26897219,0568000,LOUISVILLE METRO POLICE DEPT,Accepted,JEFFERSON,,,ASHLAND,AVE,W,,CLIFF,,,,,38.186144140,-85.775686088,0.544,7/5/2020 12:00:00 AM,1541,2,2,0,1,CLEAR,DRY,False,ANGLE COLLISION - OTHER,ANGLE,STRAIGHT & LEVEL,DAYLIGHT,,,7/6/2020 9:12:10 AM,False,7468,Accepted,
26897227,0568000,LOUISVILLE METRO POLICE DEPT,Accepted,JEFFERSON,,6101,STRAWBERRY,LN,,,,,ROCHESTER,,CRITTENDEN DR CONN,38.172355193,-85.752482514,1.305,7/5/2020 12:00:00 AM,2015,2,2,0,0,CLEAR,DRY,True,1 VEHICLE ENTERING/LEAVING ENTRANCE,ANGLE,STRAIGHT & GRADE,DUSK,,,7/6/2020 9:12:40 AM,False,5245,Accepted,
26897228,0568000,LOUISVILLE METRO POLICE DEPT,Accepted,JEFFERSON,I 0071,,I71 N,,,,,,,,,38.299361984,-85.619505845,6.752,7/5/2020 12:00:00 AM,2026,1,1,0,0,CLOUDY,DRY,False,OTHER COLLISIONS ON SHOULDER,SINGLE VEHICLE,CURVE & GRADE,DUSK,,,7/6/2020 9:12:44 AM,False,5228,Accepted,
26897218,0568000,LOUISVILLE METRO POLICE DEPT,Accepted,JEFFERSON,I 0064,,I64 W,,,I 0064,I64 W EXIT4 ON RAMP FROM US31W,,,,,38.259017429,-85.765902138,3.791,7/5/2020 12:00:00 AM,1935,1,1,0,1,CLOUDY,FLOODED,False,OTHER INTERSECTION COLLISIONS,SINGLE VEHICLE,CURVE & LEVEL,DAYLIGHT,,,7/6/2020 9:12:05 AM,False,5122,Accepted,
26897224,0568000,LOUISVILLE METRO POLICE DEPT,Accepted,JEFFERSON,I 0064,,,,,,,,,,,38.259799493,-85.742074380,0.057,7/5/2020 12:00:00 AM,2240,1,1,0,1,CLOUDY,DRY,False,OTHER RAMP RELATED COLLISIONS NOT LISTED ABOVE,SINGLE VEHICLE,CURVE & GRADE,DARK-HWY LIGHTED/ON,I 0064,I 0071,7/6/2020 9:12:30 AM,False,5275,Accepted,
26903811,0568000,LOUISVILLE METRO POLICE DEPT,Accepted,JEFFERSON,,120,SOUTHLAND,BLVD,E,,,,TERESA,,TERRY,38.172623777,-85.760222453,0.209,7/4/2020 12:00:00 AM,0324,2,1,0,0,CLEAR,DRY,True,1 VEHICLE PARKED POSITION (NOT PARKING LOT/DRIVEWAY),BACKING,STRAIGHT & LEVEL,DARK-HWY LIGHTED/ON,,,7/7/2020 3:00:09 PM,False,5245,Accepted,
26897235,0568000,LOUISVILLE METRO POLICE DEPT,Accepted,JEFFERSON,,,4TH,ST,S,,,,,,,38.235041810,-85.760325769,1.503,7/4/2020 12:00:00 AM,2212,2,2,0,2,CLEAR,DRY,False,1 VEHICLE ENTERING/LEAVING ENTRANCE,ANGLE,STRAIGHT & LEVEL,DARK (UNKNOWN ROADWAY LIGHTING),,,7/6/2020 9:13:08 AM,False,5213,Accepted,
26897185,0568000,LOUISVILLE METRO POLICE DEPT,Accepted,JEFFERSON,,,GALT,AVE,S,,,,,,,38.254187162,-85.696513719,0.003,7/4/2020 12:00:00 AM,0933,2,1,0,1,CLEAR,DRY,False,COLLISION WITH PEDESTRIAN NON - INTERSECTION,SINGLE VEHICLE,STRAIGHT & LEVEL,DAYLIGHT,,,7/6/2020 9:10:12 AM,False,7281,Accepted,
26897169,0568000,LOUISVILLE METRO POLICE DEPT,Accepted,JEFFERSON,KY0061,7514,PRESTON,HWY,,,,,,,,38.142265008,-85.688827995,4.238,7/4/2020 12:00:00 AM,0022,2,2,0,1,CLEAR,DRY,True,SIDESWIPE COLLISION - SAME DIRECTION,SIDESWIPE-SAME DIRECTION,STRAIGHT & LEVEL,DARK-HWY LIGHTED/ON,,,7/6/2020 9:09:10 AM,False,7016,Accepted,
26897241,0568000,LOUISVILLE METRO POLICE DEPT,Accepted,JEFFERSON,US0031E,1056,BARDSTOWN,RD,,,,,,,,38.238745993,-85.721594815,15.465,7/4/2020 12:00:00 AM,2152,2,2,0,0,CLEAR,DRY,False,1 VEHICLE ENTERING/LEAVING ENTRANCE,ANGLE,STRAIGHT & LEVEL,DARK-HWY LIGHTED/ON,,,7/6/2020 9:13:29 AM,False,7304,Accepted,
26897186,0568000,LOUISVILLE METRO POLICE DEPT,Accepted,JEFFERSON,KY0061,,PRESTON,HWY,,,,,,,,38.093418480,-85.669468462,0.691,7/4/2020 12:00:00 AM,1216,2,2,0,1,CLEAR,DRY,False,REAR END IN TRAFFIC LANES BOTH VEHICLES MOVING,REAR END,STRAIGHT & LEVEL,DAYLIGHT,,,7/6/2020 9:10:17 AM,False,7442,Accepted,
26897194,0568000,LOUISVILLE METRO POLICE DEPT,Accepted,JEFFERSON,,,CHESTNUT,ST,W,,27TH,,,,,38.253138444,-85.795959632,0.271,7/4/2020 12:00:00 AM,2059,2,1,0,1,CLEAR,DRY,False,COLLISION WITH BICYCLE IN INTERSECTION,SINGLE VEHICLE,STRAIGHT & LEVEL,DAYLIGHT,,,7/6/2020 9:10:43 AM,False,5047,Accepted,
26897175,0568000,LOUISVILLE METRO POLICE DEPT,Accepted,JEFFERSON,US0150,,BROADWAY,,W,,,,,,,38.247933407,-85.773249417,1.567,7/4/2020 12:00:00 AM,0521,2,2,0,0,CLEAR,DRY,True,OTHER ROADWAY OR MID-BLOCK COLLISION,OPPOSING LEFT TURN,STRAIGHT & LEVEL,DARK-HWY LIGHTED/ON,,,7/6/2020 9:09:34 AM,False,5025,Accepted,
26897176,0568000,LOUISVILLE METRO POLICE DEPT,Accepted,JEFFERSON,KY3064,,PORTLAND,AVE,,,29TH,,,,,38.272796017,-85.794920543,0.687,7/4/2020 12:00:00 AM,1133,2,2,0,1,CLEAR,DRY,False,ANGLE COLLISION - OTHER,ANGLE,STRAIGHT & LEVEL,DAYLIGHT,,,7/6/2020 9:09:38 AM,False,7345,Accepted,
26897183,0568000,LOUISVILLE METRO POLICE DEPT,Accepted,JEFFERSON,KY1931,7104,MANSLICK,RD,,,,,,,,38.157256598,-85.800107307,5.648,7/4/2020 12:00:00 AM,1012,1,1,0,0,CLEAR,DRY,False,OTHER COLLISIONS ON SHOULDER,SINGLE VEHICLE,STRAIGHT & LEVEL,DAYLIGHT,,,7/6/2020 9:10:04 AM,False,5100,Accepted,
26897184,0568000,LOUISVILLE METRO POLICE DEPT,Accepted,JEFFERSON,,,DUNCAN,ST,,,18TH,,,,,38.261861748,-85.779167430,0.122,7/4/2020 12:00:00 AM,1547,2,2,0,3,CLEAR,DRY,True,ANGLE COLLISION - OTHER,ANGLE,STRAIGHT & LEVEL,DAYLIGHT,,,7/6/2020 9:10:09 AM,False,7345,Accepted,
26897191,0568000,LOUISVILLE METRO POLICE DEPT,Accepted,JEFFERSON,I 0265,,I265 W,,,,,I 0064,I64 E EXIT19A RAMP TO I265 S,I 0265,I265 W EXIT23 OFF RAMP TO KY155,38.209659045,-85.507037838,24.541,7/4/2020 12:00:00 AM,1315,1,1,0,5,CLEAR,DRY,False,RAN OFF ROADWAY (1 VEHICLE WITH/EARTH EMBANKMENT/DITCH),SINGLE VEHICLE,STRAIGHT & LEVEL,DAYLIGHT,,,7/6/2020 9:10:33 AM,False,7377,Accepted,
26897193,0568000,LOUISVILLE METRO POLICE DEPT,Accepted,JEFFERSON,KY0907,7742,3RD ST,RD,,,,,,,,38.133576964,-85.789937528,5.150,7/4/2020 12:00:00 AM,2152,2,2,0,0,CLEAR,DRY,True,OTHER ROADWAY OR MID-BLOCK COLLISION,OPPOSING LEFT TURN,CURVE & LEVEL,DARK-HWY LIGHTED/OFF,,,7/6/2020 9:10:40 AM,False,7362,Accepted,
27858565,0568000,LOUISVILLE METRO POLICE DEPT,Accepted,JEFFERSON,I 0265,,I265 E,,,,,I 0265,I265 E EXIT15 ON RAMP FROM KY864,I 0265,I265 E EXIT17 OFF RAMP TO US31E,38.139373968,-85.590667703,16.867,7/4/2020 12:00:00 AM,2123,1,1,1,0,CLEAR,DRY,False,OTHER COLLISIONS ON SHOULDER,SINGLE VEHICLE,CURVE & LEVEL,DARK-HWY LIGHTED/ON,,,3/8/2021 10:53:10 AM,False,7720,Accepted,
26925124,0568000,LOUISVILLE METRO POLICE DEPT,Accepted,JEFFERSON,KY0061,,PRESTON,HWY,,,CHATEAU,,,,,38.147756859,-85.691836932,4.651,7/4/2020 12:00:00 AM,1324,2,2,0,2,CLEAR,DRY,False,SIDESWIPE-SAME DIRECTION,SIDESWIPE-SAME DIRECTION,STRAIGHT & LEVEL,DAYLIGHT,,,7/13/2020 9:18:12 AM,False,7720,Accepted,
26897165,0568000,LOUISVILLE METRO POLICE DEPT,Accepted,JEFFERSON,I 0071,,I71 S,,,,,,,,,38.308875229,-85.594182075,8.288,7/4/2020 12:00:00 AM,0234,1,1,0,0,CLEAR,DRY,False,OTHER COLLISIONS ON SHOULDER,SINGLE VEHICLE,STRAIGHT & LEVEL,DARK (UNKNOWN ROADWAY LIGHTING),,,7/6/2020 9:08:54 AM,False,5004,Accepted,
26897238,0568000,LOUISVILLE METRO POLICE DEPT,Accepted,JEFFERSON,,,ROY WILKINS,AVE,,US0031W,MARKET,,,,,38.256144574,-85.764996158,0.095,7/4/2020 12:00:00 AM,2148,2,2,0,0,CLEAR,DRY,False,ANGLE COLLISION - OTHER,ANGLE,STRAIGHT & LEVEL,DARK-HWY LIGHTED/ON,,,7/6/2020 9:13:19 AM,False,5172,Accepted,
26897213,0568000,LOUISVILLE METRO POLICE DEPT,Accepted,JEFFERSON,,309,HARPERS FERRY,RD,,,,,,,,38.131169179,-85.769243846,0.195,7/4/2020 12:00:00 AM,1946,2,2,0,0,CLEAR,DRY,True,SIDESWIPE COLLISION - SAME DIRECTION,SIDESWIPE-SAME DIRECTION,STRAIGHT & LEVEL,DAYLIGHT,,,7/6/2020 9:11:47 AM,False,5266,Accepted,
26897232,0568000,LOUISVILLE METRO POLICE DEPT,Accepted,JEFFERSON,KY1934,,GREENBELT,HWY,,KY1230,LOWER RIVER,,,,,38.098012344,-85.892075602,1.048,7/4/2020 12:00:00 AM,1955,1,1,0,1,CLEAR,DRY,False,COLLISION WITH FIXED OBJECT IN INTERSECTION - FIRST EVENT COLLISION 09 - 32,SINGLE VEHICLE,CURVE & LEVEL,DAYLIGHT,,,7/6/2020 9:12:57 AM,False,7160,Accepted,
26897198,0568000,LOUISVILLE METRO POLICE DEPT,Accepted,JEFFERSON,,,MAGAZINE,ST,,US0031W,DR W J HODGE,,,,,38.250742763,-85.786299457,1.045,7/4/2020 12:00:00 AM,1132,2,2,0,0,CLEAR,DRY,True,ANGLE COLLISION - OTHER,ANGLE,STRAIGHT & LEVEL,DARK-HWY LIGHTED/ON,,,7/6/2020 9:10:58 AM,False,5162,Accepted,
26897215,0568000,LOUISVILLE METRO POLICE DEPT,Accepted,JEFFERSON,,,CHESTNUT,ST,E,KY0061,JACKSON,,,,,38.247621906,-85.745181917,0.422,7/4/2020 12:00:00 AM,1537,2,2,0,2,CLEAR,DRY,False,ANGLE COLLISION - OTHER,ANGLE,STRAIGHT & LEVEL,DAYLIGHT,,,7/6/2020 9:11:54 AM,False,7239,Accepted,
26897223,0568000,LOUISVILLE METRO POLICE DEPT,Accepted,JEFFERSON,,,RIVER,RD,,,,,,,,38.259752311,-85.743136905,0.197,7/4/2020 12:00:00 AM,0300,2,2,0,0,CLEAR,DRY,False,REAR END IN TRAFFIC LANES BOTH VEHICLES MOVING,REAR END,CURVE & LEVEL,DARK-HWY NOT LIGHTED,,,7/6/2020 9:12:26 AM,False,5275,Accepted,
26915980,0568000,LOUISVILLE METRO POLICE DEPT,Accepted,JEFFERSON,US0031E,,BARDSTOWN,RD,,,,KY1065,BEULAH CHURCH,,CEDARLOOK,38.147502014,-85.585993103,5.367,7/4/2020 12:00:00 AM,1406,3,3,0,0,CLEAR,DRY,True,OTHER ROADWAY OR MID-BLOCK COLLISION,REAR END,STRAIGHT & LEVEL,DAYLIGHT,,,7/10/2020 8:31:00 AM,False,6337,Accepted,
26911643,0568000,LOUISVILLE METRO POLICE DEPT,Accepted,JEFFERSON,,,DIXIE,HWY,,,GAULBERT,,,,,38.227502030,-85.790824534,1.548,7/4/2020 12:00:00 AM,0100,2,2,0,2,CLEAR,DRY,False,HEAD-ON COLLISION,HEAD ON,STRAIGHT & LEVEL,DARK-HWY LIGHTED/ON,,,7/9/2020 8:12:50 AM,False,7461,Accepted,
26897170,0568000,LOUISVILLE METRO POLICE DEPT,Accepted,JEFFERSON,,,AMHERST,AVE,W,KY1020,SOUTHSIDE,,,,,38.174506406,-85.764693084,0.079,7/4/2020 12:00:00 AM,0322,2,2,0,0,CLEAR,DRY,True,OPPOSITE DIRECTION - BOTH VEHICLES GOING STRAIGHT AHEAD,SIDESWIPE-OPPOSITE DIRECTION,STRAIGHT & LEVEL,DARK-HWY LIGHTED/ON,,,7/6/2020 9:09:13 AM,False,5245,Accepted,
26897171,0568000,LOUISVILLE METRO POLICE DEPT,Accepted,JEFFERSON,,,PARK,RD,S,,MINOR,,,,,38.116373642,-85.712208047,2.079,7/4/2020 12:00:00 AM,0339,1,1,0,1,CLEAR,DRY,False,NON-COLLISION OBJECT COLLISION,SINGLE VEHICLE,CURVE & LEVEL,DARK-HWY NOT LIGHTED,,,7/6/2020 9:09:18 AM,False,5115,Accepted,
26897172,0568000,LOUISVILLE METRO POLICE DEPT,Accepted,JEFFERSON,,,CHESTNUT,ST,W,,1ST,,,,,38.248436350,-85.753140058,2.624,7/4/2020 12:00:00 AM,0413,1,1,0,1,CLEAR,DRY,False,COLLISION WITH FIXED OBJECT IN INTERSECTION - FIRST EVENT COLLISION 09 - 32,SINGLE VEHICLE,STRAIGHT & LEVEL,DARK-HWY LIGHTED/ON,,,7/6/2020 9:09:22 AM,False,5122,Accepted,
26897179,0568000,LOUISVILLE METRO POLICE DEPT,Accepted,JEFFERSON,KY1020,11010,NATIONAL,TPKE,,,,,,,,38.093695013,-85.727164603,0.738,7/4/2020 12:00:00 AM,1342,1,1,0,0,CLEAR,DRY,False,COLLISION WITH FIXED OBJECT NON - INTERSECTION - FIRST EVENT COLLISION 09 - 32 EXCLUDING 16,SINGLE VEHICLE,STRAIGHT & LEVEL,DAYLIGHT,,,7/6/2020 9:09:50 AM,False,7263,Accepted,
26897180,0568000,LOUISVILLE METRO POLICE DEPT,Accepted,JEFFERSON,US0031E,2440,BARDSTOWN,RD,,,,,WEBER,,WROCKLAGE,38.223630958,-85.687717264,13.302,7/4/2020 12:00:00 AM,1416,2,1,0,1,CLEAR,DRY,False,COLLISION WITH PEDESTRIAN NON - INTERSECTION,SINGLE VEHICLE,STRAIGHT & LEVEL,DAYLIGHT,,,7/6/2020 9:09:53 AM,False,2100,Accepted,
26897187,0568000,LOUISVILLE METRO POLICE DEPT,Accepted,JEFFERSON,KY1931,6615,MANSLICK,RD,,,,,,,,38.165626078,-85.797504278,6.263,7/4/2020 12:00:00 AM,1132,2,2,0,0,CLEAR,DRY,False,SIDESWIPE COLLISION - SAME DIRECTION,SIDESWIPE-SAME DIRECTION,STRAIGHT & LEVEL,DAYLIGHT,,,7/6/2020 9:10:21 AM,False,7485,Accepted,
26897188,0568000,LOUISVILLE METRO POLICE DEPT,Accepted,JEFFERSON,US0150T,,MARKET,ST,W,US0150,DR W J HODGE,,,,,38.258424462,-85.784960366,0.083,7/4/2020 12:00:00 AM,1815,2,2,0,0,CLEAR,DRY,False,ANGLE COLLISION - OTHER,ANGLE,STRAIGHT & LEVEL,DAYLIGHT,,,7/6/2020 9:10:25 AM,False,7345,Accepted,
26897195,0568000,LOUISVILLE METRO POLICE DEPT,Accepted,JEFFERSON,KY3064,,PORTLAND,AVE,,,24TH,,,,,38.270023986,-85.786993126,0.268,7/4/2020 12:00:00 AM,2008,2,2,0,0,CLEAR,DRY,False,SIDESWIPE-SAME DIRECTION,SIDESWIPE-SAME DIRECTION,STRAIGHT & LEVEL,DAYLIGHT,,,7/6/2020 9:10:47 AM,False,7173,Accepted,
26897196,0568000,LOUISVILLE METRO POLICE DEPT,Accepted,JEFFERSON,KY1931,,7TH ST,RD,,,,,EUCLID,,LINCOLN,38.218476735,-85.779086656,10.353,7/4/2020 12:00:00 AM,2123,2,2,0,0,CLEAR,DRY,False,1 VEHICLE ENTERING/LEAVING ENTRANCE,ANGLE,STRAIGHT & LEVEL,DARK-HWY LIGHTED/ON,,,7/6/2020 9:10:50 AM,False,7435,Accepted,
26897197,0568000,LOUISVILLE METRO POLICE DEPT,Accepted,JEFFERSON,KY1230,,CANE RUN,RD,,,,,,,,38.175793117,-85.883124811,7.165,7/4/2020 12:00:00 AM,2250,2,2,0,2,CLEAR,DRY,False,HEAD-ON COLLISION,HEAD ON,STRAIGHT & LEVEL,DARK-HWY LIGHTED/ON,,,7/6/2020 9:10:54 AM,False,5170,Accepted,
26953338,0568000,LOUISVILLE METRO POLICE DEPT,Accepted,JEFFERSON,KY1065,,OUTER,LOOP,,,,,,,,38.137503098,-85.631626033,9.076,7/4/2020 12:00:00 AM,1905,2,2,0,0,CLEAR,DRY,False,1 VEHICLE ENTERING/LEAVING ENTRANCE,ANGLE,STRAIGHT & LEVEL,DAYLIGHT,,,7/20/2020 8:17:00 AM,False,7670,Accepted,
26934461,0568000,LOUISVILLE METRO POLICE DEPT,Accepted,JEFFERSON,,,MILES,LN,,,CLAUDIA,,,,,38.124789433,-85.669482453,0.526,7/3/2020 12:00:00 AM,1735,2,2,0,0,CLOUDY,DRY,False,ANGLE COLLISION - OTHER,ANGLE,STRAIGHT & LEVEL,DAYLIGHT,,,7/15/2020 8:54:24 AM,False,2583,Accepted,
26939332,0560400,SHIVELY POLICE DEPARTMENT,Accepted,JEFFERSON,I 0264,,,,,,,,,,,38.186320058,-85.811442888,0.351,7/3/2020 12:00:00 AM,1235,2,2,0,2,CLEAR,DRY,False,OTHER RAMP RELATED COLLISIONS NOT LISTED ABOVE,REAR END,CURVE & GRADE,DAYLIGHT,I 0264,US31W N,7/16/2020 9:21:59 AM,False,7106,Accepted,
26911625,0568000,LOUISVILLE METRO POLICE DEPT,Accepted,JEFFERSON,US0060A,,EASTERN,PKWY,,,,,DAHLIA,,BARRET,38.225399463,-85.723510970,5.917,7/3/2020 12:00:00 AM,1601,2,2,0,0,CLEAR,DRY,True,REAR END IN TRAFFIC LANES BOTH VEHICLES MOVING,REAR END,CURVE & GRADE,DAYLIGHT,,,7/9/2020 8:11:41 AM,False,2228,Accepted,
26911641,0568000,LOUISVILLE METRO POLICE DEPT,Accepted,JEFFERSON,,,MANNER DALE,DR,,,ENRIDGE,,,,,38.202251812,-85.621131555,0.072,7/3/2020 12:00:00 AM,2100,3,3,0,3,CLEAR,DRY,False,OTHER INTERSECTION COLLISIONS,REAR END,STRAIGHT & LEVEL,DAYLIGHT,,,7/9/2020 8:12:43 AM,False,5178,Accepted,
26887714,0568000,LOUISVILLE METRO POLICE DEPT,Accepted,JEFFERSON,KY1020,,2ND,ST,S,,BURNETT,,,,,38.226916807,-85.758362389,10.782,7/3/2020 12:00:00 AM,0218,2,2,0,4,CLEAR,DRY,False,ANGLE COLLISION - OTHER,ANGLE,STRAIGHT & LEVEL,DARK (UNKNOWN ROADWAY LIGHTING),,,7/3/2020 9:17:02 AM,False,5050,Accepted,
26887721,0568000,LOUISVILLE METRO POLICE DEPT,Accepted,JEFFERSON,US0031W,,22ND,ST,S,,HALE,,,,,38.238425887,-85.790126268,18.807,7/3/2020 12:00:00 AM,0610,2,2,0,0,CLEAR,DRY,True,COLLISION WITH PARKED VEHICLE,SIDESWIPE-SAME DIRECTION,STRAIGHT & LEVEL,DAWN,,,7/3/2020 9:17:30 AM,False,5261,Accepted,
26887722,0568000,LOUISVILLE METRO POLICE DEPT,Accepted,JEFFERSON,I 0264,,,,,,,,,,,38.209660605,-85.827869446,0.164,7/3/2020 12:00:00 AM,0743,1,1,0,1,CLEAR,DRY,False,COLLISION WITH FIXED OBJECT NOT IN GORE ,SINGLE VEHICLE,STRAIGHT & GRADE,DAYLIGHT,I 0264,KY1934,7/3/2020 9:17:33 AM,False,4903,Accepted,
26887728,0568000,LOUISVILLE METRO POLICE DEPT,Accepted,JEFFERSON,I 0264,,,,,,,,,,,38.222830721,-85.822658457,,7/3/2020 12:00:00 AM,0632,2,2,0,0,CLEAR,DRY,False,OTHER RAMP RELATED COLLISIONS NOT LISTED ABOVE,ANGLE,STRAIGHT & LEVEL,DAWN,KY2056,I 0264,7/3/2020 9:23:13 AM,False,7948,Accepted,
26890862,0560400,SHIVELY POLICE DEPARTMENT,Accepted,JEFFERSON,US0031W,2400,DIXIE,HWY,,,,,,,,38.215410249,-85.795712120,17.088,7/3/2020 12:00:00 AM,1630,2,2,0,0,CLEAR,DRY,False,1 VEHICLE ENTERING/LEAVING ENTRANCE,ANGLE,STRAIGHT & LEVEL,DAYLIGHT,,,7/4/2020 6:57:37 AM,False,7129,Accepted,
26897153,0568000,LOUISVILLE METRO POLICE DEPT,Accepted,JEFFERSON,,,INDIAN,TRL,E,,UNSELD,,,,,38.180128941,-85.673508289,2.066,7/3/2020 12:00:00 AM,1249,2,2,0,1,CLEAR,DRY,False,ANGLE COLLISION - OTHER,ANGLE,STRAIGHT & LEVEL,DAYLIGHT,,,7/6/2020 9:08:11 AM,False,4693,Accepted,