IncidentID,AgencyORI,AgencyName,IncidentStatusDesc,County,RdwyNumber,Street,RoadwayName,StreetSfx,StreetDir,IntersectionRdwy,IntersectionRdwyName,BetweenStRdwy1,BetweenStRdwyName1,BetweenStRdwy2,BetweenStRdwyName2,Latitude,Longitude,Milepoint,CollisionDate,CollisionTime,UnitsInvolved,MotorVehiclesInvolved,NumberKilled,NumberInjured,Weather,RdwyConditionCode,HitandRun,DirAnalysisCode,MannerofCollision,RdwyCharacter,LightCondition,RampFromRdwyId,RampToRdwyId,AcceptedDate,IsSecondaryCollision,OwnerBadge,IncidentStatus,
26897154,0568000,LOUISVILLE METRO POLICE DEPT,Accepted,JEFFERSON,,,3RD,ST,S,,LANSING,,,,,38.192569800,-85.764900376,0.553,7/3/2020 12:00:00 AM,1422,2,2,0,1,CLEAR,DRY,False,OTHER INTERSECTION COLLISIONS,REAR END,STRAIGHT & LEVEL,DAYLIGHT,,,7/6/2020 9:08:15 AM,False,7094,Accepted,
26897163,0568000,LOUISVILLE METRO POLICE DEPT,Accepted,JEFFERSON,,,MAGAZINE,ST,,,15TH,,,,,38.249681879,-85.776320943,0.499,7/3/2020 12:00:00 AM,2354,3,3,0,0,CLEAR,DRY,False,COLLISION WITH PARKED VEHICLE,SIDESWIPE-OPPOSITE DIRECTION,STRAIGHT & LEVEL,DARK-HWY LIGHTED/ON,,,7/6/2020 9:08:47 AM,False,5047,Accepted,
26887712,0568000,LOUISVILLE METRO POLICE DEPT,Accepted,JEFFERSON,,635,LINDELL,AVE,,,,,,,,38.251606136,-85.812126043,0.109,7/3/2020 12:00:00 AM,0251,5,5,0,1,CLEAR,DRY,False,1 VEHICLE PARKED POSITION (NOT PARKING LOT/DRIVEWAY),SIDESWIPE-SAME DIRECTION,STRAIGHT & LEVEL,DARK-HWY LIGHTED/ON,,,7/3/2020 9:16:55 AM,False,5057,Accepted,
26897189,0568000,LOUISVILLE METRO POLICE DEPT,Accepted,JEFFERSON,US0031W,,DIXIE,HWY,,,KINGSFORD,,,,,38.173027418,-85.824869820,13.683,7/3/2020 12:00:00 AM,2029,2,2,0,1,CLEAR,DRY,False,OPPOSING LEFT TURN,OPPOSING LEFT TURN,STRAIGHT & LEVEL,DAYLIGHT,,,7/6/2020 9:10:29 AM,False,5170,Accepted,
26897206,0568000,LOUISVILLE METRO POLICE DEPT,Accepted,JEFFERSON,,7211,HOME PARK,DR,,,,,,,,38.167722756,-85.888539593,0.013,7/3/2020 12:00:00 AM,1031,3,3,0,1,CLEAR,DRY,False,1 VEHICLE PARKED POSITION (NOT PARKING LOT/DRIVEWAY),ANGLE,STRAIGHT & LEVEL,DAYLIGHT,,,7/6/2020 9:11:25 AM,False,2936,Accepted,
26897229,0568000,LOUISVILLE METRO POLICE DEPT,Accepted,JEFFERSON,US0031E,,BARDSTOWN,RD,,,LUCIA,,,,,38.236868504,-85.718212949,15.239,7/3/2020 12:00:00 AM,2330,2,2,0,0,CLEAR,DRY,False,COLLISION WITH PARKED VEHICLE,SIDESWIPE-SAME DIRECTION,STRAIGHT & LEVEL,DARK-HWY LIGHTED/ON,,,7/6/2020 9:12:47 AM,False,7376,Accepted,
26897148,0568000,LOUISVILLE METRO POLICE DEPT,Accepted,JEFFERSON,,,STRAWBERRY,LN,,KY1020,SOUTHSIDE,,,,,38.158185033,-85.764591481,0.007,7/3/2020 12:00:00 AM,0757,2,2,0,0,CLEAR,DRY,False,VEHICLE BACKING IN INTERSECTION,BACKING,STRAIGHT & LEVEL,DAYLIGHT,,,7/6/2020 9:07:51 AM,False,7768,Accepted,
26897157,0568000,LOUISVILLE METRO POLICE DEPT,Accepted,JEFFERSON,KY1747,2011,HURSTBOURNE,PKWY,S,,,,,,,38.217131312,-85.587766455,11.239,7/3/2020 12:00:00 AM,1517,1,1,0,0,CLEAR,DRY,False,COLLISION IN PARKING LOT,SINGLE VEHICLE,STRAIGHT & LEVEL,DAYLIGHT,,,7/6/2020 9:08:28 AM,False,7864,Accepted,
26897164,0568000,LOUISVILLE METRO POLICE DEPT,Accepted,JEFFERSON,,,29TH,ST,N,KY3082,BANK,,,,,38.270896223,-85.795247792,0.310,7/3/2020 12:00:00 AM,2335,2,2,0,0,CLEAR,DRY,False,OTHER INTERSECTION COLLISIONS,REAR END,STRAIGHT & LEVEL,DARK-HWY LIGHTED/ON,,,7/6/2020 9:08:50 AM,False,5162,Accepted,
26897166,0568000,LOUISVILLE METRO POLICE DEPT,Accepted,JEFFERSON,US0031E,,BARDSTOWN,RD,,KY1747,HURSTBOURNE,,,,,38.168955103,-85.605267626,7.256,7/3/2020 12:00:00 AM,2338,2,2,0,1,CLEAR,DRY,False,ANGLE COLLISION - OTHER,ANGLE,STRAIGHT & LEVEL,DARK (UNKNOWN ROADWAY LIGHTING),,,7/6/2020 9:08:57 AM,False,7828,Accepted,
26897167,0568000,LOUISVILLE METRO POLICE DEPT,Accepted,JEFFERSON,,3906,ACCOMACK,DR,,,,,,,,38.301313813,-85.539283562,0.090,7/3/2020 12:00:00 AM,2200,2,2,0,0,CLEAR,DRY,False,COLLISION IN PARKING LOT,REAR TO REAR,STRAIGHT & LEVEL,DARK-HWY LIGHTED/ON,,,7/6/2020 9:09:01 AM,False,7159,Accepted,
26897168,0568000,LOUISVILLE METRO POLICE DEPT,Accepted,JEFFERSON,KY1447,,WESTPORT,RD,,,INDIAN LAKE,,,,,38.296176820,-85.553280625,6.386,7/3/2020 12:00:00 AM,2247,3,3,0,0,CLOUDY,DRY,False,OTHER INTERSECTION COLLISIONS,REAR END,STRAIGHT & GRADE,DARK-HWY LIGHTED/ON,,,7/6/2020 9:09:05 AM,False,7159,Accepted,
26897151,0568000,LOUISVILLE METRO POLICE DEPT,Accepted,JEFFERSON,KY1065,,OUTER,LOOP,,KY1865,NEW CUT,,,,,38.126357121,-85.776302302,1.019,7/3/2020 12:00:00 AM,1350,2,2,0,0,CLEAR,DRY,False,REAR END - ONE VEHICLE TURNING RIGHT,REAR END,STRAIGHT & LEVEL,DAYLIGHT,,,7/6/2020 9:08:03 AM,False,7263,Accepted,
26897152,0568000,LOUISVILLE METRO POLICE DEPT,Accepted,JEFFERSON,US0031E,,BARDSTOWN,RD,,,,,,,,38.187162427,-85.637946681,9.437,7/3/2020 12:00:00 AM,1110,2,2,0,2,CLEAR,DRY,False,1 VEHICLE ENTERING/LEAVING ENTRANCE,ANGLE,STRAIGHT & LEVEL,DAYLIGHT,,,7/6/2020 9:08:07 AM,False,4693,Accepted,
26897159,0568000,LOUISVILLE METRO POLICE DEPT,Accepted,JEFFERSON,,,3RD,ST,S,KY2801,FLORENCE,,,,,38.191192000,-85.764887560,0.649,7/3/2020 12:00:00 AM,1430,2,2,0,0,CLEAR,DRY,False,OTHER INTERSECTION COLLISIONS,REAR END,STRAIGHT & LEVEL,DAYLIGHT,,,7/6/2020 9:08:35 AM,False,5052,Accepted,
26897160,0568000,LOUISVILLE METRO POLICE DEPT,Accepted,JEFFERSON,,,BEECHBROOK,RD,,,NORBROOK,,,,,38.183533408,-85.641450330,0.156,7/3/2020 12:00:00 AM,2115,2,2,0,0,CLEAR,DRY,False,SIDESWIPE-SAME DIRECTION,SIDESWIPE-SAME DIRECTION,STRAIGHT & LEVEL,DAYLIGHT,,,7/6/2020 9:08:39 AM,False,2737,Accepted,
26897161,0568000,LOUISVILLE METRO POLICE DEPT,Accepted,JEFFERSON,,5006,RED FERN,RD,,,,,,,,38.173429331,-85.668828991,0.413,7/3/2020 12:00:00 AM,2130,1,1,0,1,CLEAR,DRY,False,COLLISION WITH FIXED OBJECT NON - INTERSECTION - FIRST EVENT COLLISION 09 - 32 EXCLUDING 16,SINGLE VEHICLE,STRAIGHT & LEVEL,DARK-HWY NOT LIGHTED,,,7/6/2020 9:08:43 AM,False,7383,Accepted,
26897149,0568000,LOUISVILLE METRO POLICE DEPT,Accepted,JEFFERSON,KY1447,,WESTPORT,RD,,,HERMITAGE,,,,,38.280900094,-85.589204349,4.207,7/3/2020 12:00:00 AM,1100,2,2,0,0,CLEAR,DRY,True,ANGLE COLLISION - OTHER,ANGLE,,DAYLIGHT,,,7/6/2020 9:07:55 AM,False,7631,Accepted,
26897150,0568000,LOUISVILLE METRO POLICE DEPT,Accepted,JEFFERSON,US0031W,,DIXIE,HWY,,,,KY0907,VALLEY STATION,,ALANADALE,38.108264461,-85.866368766,8.681,7/3/2020 12:00:00 AM,1128,2,2,0,1,CLEAR,DRY,True,SIDESWIPE COLLISION - SAME DIRECTION,SIDESWIPE-SAME DIRECTION,STRAIGHT & LEVEL,DAYLIGHT,,,7/6/2020 9:07:59 AM,False,6877,Accepted,
26897217,0568000,LOUISVILLE METRO POLICE DEPT,Accepted,JEFFERSON,,,26TH,ST,S,,MAPLE,,,,,38.247881540,-85.795076312,0.862,7/3/2020 12:00:00 AM,1838,2,1,0,1,CLEAR,DRY,True,COLLISION WITH BICYCLE IN INTERSECTION,SINGLE VEHICLE,STRAIGHT & LEVEL,DAYLIGHT,,,7/6/2020 9:12:00 AM,False,7387,Accepted,
26897200,0568000,LOUISVILLE METRO POLICE DEPT,Accepted,JEFFERSON,US0031W,,DIXIE,HWY,,,,,ELZIE,,WITTEN,38.123035601,-85.854254719,9.898,7/3/2020 12:00:00 AM,1806,2,2,0,0,CLEAR,DRY,False,OTHER ROADWAY OR MID-BLOCK COLLISION,OPPOSING LEFT TURN,STRAIGHT & LEVEL,DAYLIGHT,,,7/6/2020 9:11:04 AM,False,6877,Accepted,
26897236,0568000,LOUISVILLE METRO POLICE DEPT,Accepted,JEFFERSON,,,JEANINE,DR,,,WOODED,,,,,38.163629368,-85.688020912,0.414,7/3/2020 12:00:00 AM,2106,3,3,0,3,CLEAR,DRY,False,ANGLE COLLISION - OTHER,ANGLE,STRAIGHT & LEVEL,DAYLIGHT,,,7/6/2020 9:13:12 AM,False,5286,Accepted,
26903862,0568000,LOUISVILLE METRO POLICE DEPT,Accepted,JEFFERSON,,,CHAMBERLAIN,LN,,,DIANN MARIE,,,,,38.301232764,-85.544727444,2.334,7/3/2020 12:00:00 AM,0927,2,2,0,1,CLEAR,DRY,False,OPPOSING LEFT TURN,OPPOSING LEFT TURN,CURVE & LEVEL,DAYLIGHT,,,7/7/2020 3:05:01 PM,False,7751,Accepted,
26887718,0568000,LOUISVILLE METRO POLICE DEPT,Accepted,JEFFERSON,,2400,COLORADO,AVE,,,,,,,,38.214183642,-85.765138467,0.032,7/2/2020 12:00:00 AM,0630,1,1,0,1,CLEAR,DRY,False,COLLISION WITH FIXED OBJECT NON - INTERSECTION - FIRST EVENT COLLISION 09 - 32 EXCLUDING 16,SINGLE VEHICLE,STRAIGHT & LEVEL,DAYLIGHT,,,7/3/2020 9:17:21 AM,False,5205,Accepted,
26887710,0568000,LOUISVILLE METRO POLICE DEPT,Accepted,JEFFERSON,,,DIXIE,HWY,,,GAULBERT,,,,,38.227541910,-85.790763845,1.550,7/2/2020 12:00:00 AM,2132,3,3,0,0,CLEAR,DRY,False,ANGLE COLLISION - OTHER,ANGLE,STRAIGHT & LEVEL,DARK-HWY NOT LIGHTED,,,7/3/2020 9:16:48 AM,False,5273,Accepted,
26887716,0568000,LOUISVILLE METRO POLICE DEPT,Accepted,JEFFERSON,,,CLIFF,AVE,,,WHITNEY,,,,,38.193998765,-85.774869239,0.319,7/2/2020 12:00:00 AM,2006,1,1,0,1,CLEAR,DRY,False,COLLISION WITH FIXED OBJECT IN INTERSECTION - FIRST EVENT COLLISION 09 - 32,SINGLE VEHICLE,STRAIGHT & LEVEL,DAYLIGHT,,,7/3/2020 9:17:10 AM,False,7040,Accepted,
26887690,0568000,LOUISVILLE METRO POLICE DEPT,Accepted,JEFFERSON,KY0864,4930,POPLAR LEVEL,RD,,,,,,,,38.167457891,-85.682127423,8.908,7/2/2020 12:00:00 AM,1237,2,2,0,3,CLEAR,DRY,False,COLLISION IN PARKING LOT,REAR END,STRAIGHT & LEVEL,DAYLIGHT,,,7/3/2020 9:15:43 AM,False,7830,Accepted,
26887699,0568000,LOUISVILLE METRO POLICE DEPT,Accepted,JEFFERSON,,,SOUTHERN,PKWY,,KY1865,NEW CUT,,,,,38.169830734,-85.781227348,1.105,7/2/2020 12:00:00 AM,1345,2,2,0,0,CLEAR,DRY,False,OTHER INTERSECTION COLLISIONS,REAR END,STRAIGHT & LEVEL,DAYLIGHT,,,7/3/2020 9:16:14 AM,False,7483,Accepted,
26887700,0568000,LOUISVILLE METRO POLICE DEPT,Accepted,JEFFERSON,I 0065,,I65 S,,,,,,,,,38.258865193,-85.741564461,,7/2/2020 12:00:00 AM,1435,1,1,0,1,CLEAR,DRY,False,OTHER RAMP RELATED COLLISIONS NOT LISTED ABOVE,SINGLE VEHICLE,CURVE & GRADE,DAYLIGHT,,,7/3/2020 9:16:17 AM,False,6360,Accepted,
26887701,0568000,LOUISVILLE METRO POLICE DEPT,Accepted,JEFFERSON,,,12TH,ST,S,,HILL,,,,,38.227408647,-85.775202806,1.779,7/2/2020 12:00:00 AM,1528,2,1,0,1,CLEAR,DRY,False,COLLISION WITH PEDESTRIAN IN INTERSECTION,SINGLE VEHICLE,STRAIGHT & LEVEL,DAYLIGHT,,,7/3/2020 9:16:20 AM,False,7091,Accepted,
26887692,0568000,LOUISVILLE METRO POLICE DEPT,Accepted,JEFFERSON,US0031E,,BARDSTOWN,RD,,,,,,,,38.230828524,-85.704961809,14.390,7/2/2020 12:00:00 AM,0722,2,2,0,0,CLEAR,DRY,False,1 VEHICLE ENTERING/LEAVING ENTRANCE,ANGLE,STRAIGHT & LEVEL,DAYLIGHT,,,7/3/2020 9:15:50 AM,False,2738,Accepted,
26887708,0568000,LOUISVILLE METRO POLICE DEPT,Accepted,JEFFERSON,US0060A,,EASTERN,PKWY,,,BARRET,,,,,38.226511876,-85.720448141,6.106,7/2/2020 12:00:00 AM,2121,2,2,0,0,CLEAR,DRY,False,ANGLE COLLISION - OTHER,ANGLE,CURVE & LEVEL,DARK-HWY LIGHTED/ON,,,7/3/2020 9:16:42 AM,False,5197,Accepted,
26897833,0568000,LOUISVILLE METRO POLICE DEPT,Accepted,JEFFERSON,US0031E,6900,BARDSTOWN,RD,,,,,,,,38.147299655,-85.585863213,5.319,7/2/2020 12:00:00 AM,1630,2,2,0,0,CLEAR,DRY,True,REAR END IN TRAFFIC LANES BOTH VEHICLES MOVING,REAR END,STRAIGHT & LEVEL,DAYLIGHT,,,7/6/2020 10:49:45 AM,False,7486,Accepted,
26885080,0560600,WEST BUECHEL POLICE DEPT.,Accepted,JEFFERSON,US0031E,,BARDSTOWN,RD,,,,,,,,38.201688073,-85.663638638,11.286,7/2/2020 12:00:00 AM,1010,2,2,0,0,CLEAR,DRY,False,OTHER ROADWAY OR MID-BLOCK COLLISION,OPPOSING LEFT TURN,STRAIGHT & LEVEL,DAYLIGHT,,,7/2/2020 3:20:52 PM,False,1288,Accepted,
26887689,0568000,LOUISVILLE METRO POLICE DEPT,Accepted,JEFFERSON,KY1065,,OUTER,LOOP,,KY1865,NEW CUT,,,,,38.126389901,-85.776120429,1.029,7/2/2020 12:00:00 AM,1135,2,2,0,0,CLEAR,DRY,False,OTHER INTERSECTION COLLISIONS,REAR END,STRAIGHT & LEVEL,DAYLIGHT,,,7/3/2020 9:15:39 AM,False,7524,Accepted,
26887694,0568000,LOUISVILLE METRO POLICE DEPT,Accepted,JEFFERSON,,,39TH,ST,N,,DUNCAN,,,,,38.265403287,-85.813162855,0.521,7/2/2020 12:00:00 AM,1458,2,2,0,1,CLEAR,DRY,False,COLLISION WITH PARKED VEHICLE,REAR END,STRAIGHT & LEVEL,DAYLIGHT,,,7/3/2020 9:15:56 AM,False,5003,Accepted,
26887695,0568000,LOUISVILLE METRO POLICE DEPT,Accepted,JEFFERSON,,,OLDHAM,ST,,,7TH,,,,,38.236607879,-85.764910870,0.338,7/2/2020 12:00:00 AM,0915,2,2,0,1,CLEAR,DRY,False,COLLISION WITH PARKED VEHICLE,REAR END,STRAIGHT & LEVEL,DAYLIGHT,,,7/3/2020 9:15:59 AM,False,7418,Accepted,
26887696,0568000,LOUISVILLE METRO POLICE DEPT,Accepted,JEFFERSON,,,WILSON,AVE,,,,,,,,38.232833210,-85.799598461,1.377,7/2/2020 12:00:00 AM,1603,2,2,0,0,CLEAR,DRY,False,REAR END IN TRAFFIC LANES BOTH VEHICLES MOVING,REAR END,STRAIGHT & LEVEL,DAYLIGHT,,,7/3/2020 9:16:03 AM,False,5114,Accepted,
26887697,0568000,LOUISVILLE METRO POLICE DEPT,Accepted,JEFFERSON,KY3064,2617,PORTLAND,AVE,,,,,,,,38.271316907,-85.790536673,0.428,7/2/2020 12:00:00 AM,1149,3,3,0,0,CLEAR,DRY,False,1 VEHICLE PARKED POSITION (NOT PARKING LOT/DRIVEWAY),SIDESWIPE-SAME DIRECTION,STRAIGHT & LEVEL,DAYLIGHT,,,7/3/2020 9:16:06 AM,False,5124,Accepted,
26887703,0568000,LOUISVILLE METRO POLICE DEPT,Accepted,JEFFERSON,US0150,,BROADWAY,,E,KY0061,PRESTON,,,,,38.245331460,-85.747676652,2.959,7/2/2020 12:00:00 AM,1939,2,1,0,1,CLEAR,DRY,False,COLLISION WITH BICYCLE IN INTERSECTION,SINGLE VEHICLE,STRAIGHT & LEVEL,DAYLIGHT,,,7/3/2020 9:16:26 AM,False,5135,Accepted,
26887704,0568000,LOUISVILLE METRO POLICE DEPT,Accepted,JEFFERSON,US0031W,,DR W J HODGE,ST,,US0150,BROADWAY,,,,,38.249165692,-85.786534839,19.649,7/2/2020 12:00:00 AM,1935,2,2,0,2,CLEAR,DRY,False,ANGLE COLLISION - OTHER,ANGLE,STRAIGHT & LEVEL,DAYLIGHT,,,7/3/2020 9:16:29 AM,False,5021,Accepted,
26887705,0568000,LOUISVILLE METRO POLICE DEPT,Accepted,JEFFERSON,US0060,,FRANKFORT,AVE,,,SACRED HEART,,,,,38.254409061,-85.679411549,2.238,7/2/2020 12:00:00 AM,2040,1,1,0,0,CLEAR,DRY,True,COLLISION WITH FIXED OBJECT IN INTERSECTION - FIRST EVENT COLLISION 09 - 32,SINGLE VEHICLE,STRAIGHT & LEVEL,DAYLIGHT,,,7/3/2020 9:16:33 AM,False,7219,Accepted,
26887706,0568000,LOUISVILLE METRO POLICE DEPT,Accepted,JEFFERSON,,3712,KLONDIKE,LN,,,,,,,,38.209321552,-85.639034521,0.829,7/2/2020 12:00:00 AM,2231,3,3,0,1,CLEAR,DRY,False,COLLISION IN PARKING LOT,HEAD ON,STRAIGHT & LEVEL,DARK-HWY LIGHTED/ON,,,7/3/2020 9:16:36 AM,False,7045,Accepted,
26887711,0568000,LOUISVILLE METRO POLICE DEPT,Accepted,JEFFERSON,KY2054,,ALGONQUIN,PKWY,,,,,13TH,,7TH,38.220539705,-85.777847659,2.475,7/2/2020 12:00:00 AM,2313,2,2,0,1,CLEAR,DRY,True,1 VEHICLE ENTERING/LEAVING ENTRANCE,ANGLE,CURVE & LEVEL,DARK-HWY LIGHTED/ON,,,7/3/2020 9:16:52 AM,False,7181,Accepted,
26887719,0568000,LOUISVILLE METRO POLICE DEPT,Accepted,JEFFERSON,,,MANSLICK,CT,,,MARCH,,,,,38.191750210,-85.800756832,0.003,7/2/2020 12:00:00 AM,2003,2,2,0,2,CLEAR,FLOODED,True,ANGLE COLLISION - ONE VEHICLE TURNING LEFT,ANGLE,STRAIGHT & LEVEL,DAYLIGHT,,,7/3/2020 9:17:24 AM,False,5205,Accepted,
26887713,0568000,LOUISVILLE METRO POLICE DEPT,Accepted,JEFFERSON,,,FOREST,DR,,,FOREST PARK,,,,,38.161326957,-85.692897750,0.370,7/2/2020 12:00:00 AM,2210,2,2,0,0,CLEAR,DRY,False,OPPOSING LEFT TURN,OPPOSING LEFT TURN,STRAIGHT & LEVEL,DUSK,,,7/3/2020 9:16:59 AM,False,5165,Accepted,
26897178,0568000,LOUISVILLE METRO POLICE DEPT,Accepted,JEFFERSON,US0031W,15412,DIXIE,HWY,,,,,DEPOT,US0031W,DIXIE,38.027304802,-85.916407721,2.335,7/2/2020 12:00:00 AM,0829,3,3,0,0,CLOUDY,DRY,False,1 VEHICLE PARKED POSITION (NOT PARKING LOT/DRIVEWAY),HEAD ON,CURVE & LEVEL,DAYLIGHT,,,7/6/2020 9:09:46 AM,False,2098,Accepted,
26903851,0568000,LOUISVILLE METRO POLICE DEPT,Accepted,JEFFERSON,US0031W,4915,DIXIE,HWY,,,,,,,,38.168604725,-85.828373505,13.283,7/2/2020 12:00:00 AM,1330,2,2,0,0,CLEAR,DRY,False,COLLISION IN PARKING LOT,OPPOSING LEFT TURN,STRAIGHT & LEVEL,DAYLIGHT,,,7/7/2020 3:02:54 PM,False,7339,Accepted,
26906877,0568000,LOUISVILLE METRO POLICE DEPT,Accepted,JEFFERSON,US0060A,1725,BERRY,BLVD,,,,,,,,38.196622337,-85.792916976,0.880,7/2/2020 12:00:00 AM,1459,2,2,0,2,CLEAR,DRY,False,1 VEHICLE ENTERING/LEAVING ENTRANCE,ANGLE,STRAIGHT & LEVEL,DAYLIGHT,,,7/8/2020 8:49:15 AM,False,7472,Accepted,
26925134,0568000,LOUISVILLE METRO POLICE DEPT,Accepted,JEFFERSON,,,BRECKINRIDGE,ST,E,,SWAN,,,,,38.239518650,-85.736589400,0.634,7/2/2020 12:00:00 AM,2201,2,2,0,0,CLEAR,DRY,False,HEAD-ON COLLISION,HEAD ON,STRAIGHT & GRADE,DARK (UNKNOWN ROADWAY LIGHTING),,,7/13/2020 9:18:47 AM,False,5050,Accepted,
26925162,0568000,LOUISVILLE METRO POLICE DEPT,Accepted,JEFFERSON,I 0265,,I265 E,,,I 0265,I265 E EXIT15 ON RAMP FROM KY864,,,,,38.124609413,-85.614661300,15.185,7/2/2020 12:00:00 AM,2005,2,2,0,1,CLEAR,DRY,False,SIDESWIPE-SAME DIRECTION,SIDESWIPE-SAME DIRECTION,STRAIGHT & LEVEL,DAYLIGHT,,,7/13/2020 9:20:18 AM,False,7415,Accepted,
26925118,0568000,LOUISVILLE METRO POLICE DEPT,Accepted,JEFFERSON,KY1934,3809,CANE RUN,RD,,,,,,,,38.214940420,-85.818489919,10.673,7/1/2020 12:00:00 AM,1202,1,1,0,1,CLEAR,DRY,False,COLLISION WITH FIXED OBJECT NON - INTERSECTION - FIRST EVENT COLLISION 09 - 32 EXCLUDING 16,SINGLE VEHICLE,STRAIGHT & LEVEL,DAYLIGHT,,,7/13/2020 9:17:48 AM,False,5160,Accepted,
26983723,0568000,LOUISVILLE METRO POLICE DEPT,Accepted,JEFFERSON,KY1065,130,OUTER,LOOP,,,,,,,,38.127113717,-85.791286094,0.191,7/1/2020 12:00:00 AM,1633,1,1,0,0,CLEAR,DRY,True,COLLISION WITH FIXED OBJECT NON - INTERSECTION - FIRST EVENT COLLISION 09 - 32 EXCLUDING 16,SINGLE VEHICLE,STRAIGHT & LEVEL,DAYLIGHT,,,7/24/2020 12:47:58 PM,False,7975,Accepted,
26887702,0568000,LOUISVILLE METRO POLICE DEPT,Accepted,JEFFERSON,,,HILL,ST,W,,DIXIE,,,,,38.228295723,-85.790479961,1.841,7/1/2020 12:00:00 AM,1730,2,2,0,0,CLEAR,DRY,True,REAR END - ONE VEHICLE TURNING RIGHT,REAR END,STRAIGHT & LEVEL,DAYLIGHT,,,7/3/2020 9:16:23 AM,False,7070,Accepted,
26883501,0568000,LOUISVILLE METRO POLICE DEPT,Accepted,JEFFERSON,KY1447,11301,WESTPORT,RD,,,,,,,,38.299475386,-85.541568455,7.054,7/1/2020 12:00:00 AM,2142,2,2,0,0,CLEAR,DRY,False,VEHICLE BACKING NON INTERSECTION,BACKING,STRAIGHT & LEVEL,DARK-HWY LIGHTED/ON,,,7/2/2020 8:42:19 AM,False,5155,Accepted,
26883502,0568000,LOUISVILLE METRO POLICE DEPT,Accepted,JEFFERSON,US0031E,,BUECHEL,BYP,,,PLAZA,,,,,38.191095627,-85.651884363,10.261,7/1/2020 12:00:00 AM,2227,1,1,0,0,CLEAR,DRY,False,COLLISION WITH FIXED OBJECT IN INTERSECTION - FIRST EVENT COLLISION 09 - 32,SINGLE VEHICLE,STRAIGHT & HILLCREST,DARK (UNKNOWN ROADWAY LIGHTING),,,7/2/2020 8:42:23 AM,False,7492,Accepted,
26887688,0568000,LOUISVILLE METRO POLICE DEPT,Accepted,JEFFERSON,,,HALE,AVE,,,,,,,,38.238804041,-85.794642545,0.887,7/1/2020 12:00:00 AM,1758,2,2,0,0,CLEAR,DRY,False,HEAD-ON COLLISION,HEAD ON,STRAIGHT & LEVEL,DAYLIGHT,,,7/3/2020 9:15:33 AM,False,5114,Accepted,
26879767,0568000,LOUISVILLE METRO POLICE DEPT,Accepted,JEFFERSON,I 0064,,I64 W,,,,,I 0064,I64 W EXIT7 ON RAMP FROM  STORY AVE,I 0064,I64 W EXIT7 OFF RAMP TO  MELLWOOD AVE,38.256314904,-85.721494821,6.452,7/1/2020 12:00:00 AM,0310,2,2,0,0,CLEAR,WET,False,REAR END IN TRAFFIC LANES BOTH VEHICLES MOVING,REAR END,CURVE & GRADE,DARK (UNKNOWN ROADWAY LIGHTING),,,7/1/2020 10:24:49 AM,False,5295,Accepted,
26883499,0568000,LOUISVILLE METRO POLICE DEPT,Accepted,JEFFERSON,,,DIXIE,HWY,,,DIXDALE,,,,,38.222217836,-85.792937687,1.943,7/1/2020 12:00:00 AM,1733,2,2,0,0,RAINING,WET,False,OPPOSING LEFT TURN,OPPOSING LEFT TURN,STRAIGHT & LEVEL,DAYLIGHT,,,7/2/2020 8:42:11 AM,False,7346,Accepted,
26883500,0568000,LOUISVILLE METRO POLICE DEPT,Accepted,JEFFERSON,,,6TH,ST,S,,LIBERTY,,,,,38.253483760,-85.761031861,0.229,7/1/2020 12:00:00 AM,2200,2,2,0,0,CLEAR,DRY,True,COLLISION WITH PARKED VEHICLE,BACKING,STRAIGHT & LEVEL,DARK-HWY LIGHTED/ON,,,7/2/2020 8:42:15 AM,False,7862,Accepted,
26897147,0568000,LOUISVILLE METRO POLICE DEPT,Accepted,JEFFERSON,,3645,PECK,AVE,,,,,CAMDEN,,BEECHER,38.192183485,-85.782909996,0.081,7/1/2020 12:00:00 AM,1500,1,1,0,0,CLEAR,DRY,False,COLLISION WITH FIXED OBJECT NON - INTERSECTION - FIRST EVENT COLLISION 09 - 32 EXCLUDING 16,SINGLE VEHICLE,STRAIGHT & LEVEL,DAYLIGHT,,,7/6/2020 9:07:46 AM,False,6029,Accepted,
26906892,0568000,LOUISVILLE METRO POLICE DEPT,Accepted,JEFFERSON,US0031E,,BARDSTOWN,RD,,,DREAMS END,,,,,38.175650088,-85.616575940,8.028,7/1/2020 12:00:00 AM,2330,2,1,1,1,CLEAR,DRY,False,COLLISION WITH PEDESTRIAN IN INTERSECTION,SINGLE VEHICLE,STRAIGHT & GRADE,DARK-HWY NOT LIGHTED,,,7/8/2020 8:50:07 AM,False,7720,Accepted,
26934450,0568000,LOUISVILLE METRO POLICE DEPT,Accepted,JEFFERSON,KY1865,,NEW CUT,RD,,,HARPERS FERRY,,,,,38.132063491,-85.772559983,1.708,7/1/2020 12:00:00 AM,1904,2,2,1,0,CLEAR,DRY,False,ANGLE COLLISION - OTHER,ANGLE,CURVE & GRADE,DAYLIGHT,,,7/15/2020 8:53:47 AM,False,7772,Accepted,