IncidentID,AgencyORI,AgencyName,IncidentStatusDesc,County,RdwyNumber,Street,RoadwayName,StreetSfx,StreetDir,IntersectionRdwy,IntersectionRdwyName,BetweenStRdwy1,BetweenStRdwyName1,BetweenStRdwy2,BetweenStRdwyName2,Latitude,Longitude,Milepoint,CollisionDate,CollisionTime,UnitsInvolved,MotorVehiclesInvolved,NumberKilled,NumberInjured,Weather,RdwyConditionCode,HitandRun,DirAnalysisCode,MannerofCollision,RdwyCharacter,LightCondition,RampFromRdwyId,RampToRdwyId,AcceptedDate,IsSecondaryCollision,OwnerBadge,IncidentStatus,
26879769,0568000,LOUISVILLE METRO POLICE DEPT,Accepted,JEFFERSON,,,12TH,ST,S,,OAK,,,,,38.236221632,-85.773584973,1.167,7/1/2020 12:00:00 AM,0541,2,2,0,1,CLEAR,DRY,False,REAR END - ONE VEHICLE TURNING LEFT,REAR END,STRAIGHT & LEVEL,DUSK,,,7/1/2020 10:24:56 AM,False,5290,Accepted,
26883490,0568000,LOUISVILLE METRO POLICE DEPT,Accepted,JEFFERSON,,,OAK,ST,W,US0031W,22ND,,,,,38.237484876,-85.790249821,1.914,7/1/2020 12:00:00 AM,1159,2,2,0,3,CLOUDY,DRY,False,ANGLE COLLISION - OTHER,ANGLE,STRAIGHT & LEVEL,DAYLIGHT,,,7/2/2020 8:41:39 AM,False,7326,Accepted,
26883498,0568000,LOUISVILLE METRO POLICE DEPT,Accepted,JEFFERSON,US0031W,,DIXIE,HWY,,,,,ELZIE,,WITTEN,38.124382579,-85.853090209,10.010,7/1/2020 12:00:00 AM,1454,2,2,0,0,CLOUDY,DRY,False,REAR END IN TRAFFIC LANES BOTH VEHICLES MOVING,REAR END,STRAIGHT & LEVEL,DAYLIGHT,,,7/2/2020 8:42:06 AM,False,7073,Accepted,
26887715,0568000,LOUISVILLE METRO POLICE DEPT,Accepted,JEFFERSON,,,RIVER,RD,,,RIVER CREEK,,,,,38.328246313,-85.637034375,4.790,7/1/2020 12:00:00 AM,2240,2,2,0,0,CLEAR,DRY,False,HEAD-ON COLLISION,HEAD ON,STRAIGHT & LEVEL,DUSK,,,7/3/2020 9:17:06 AM,False,5030,Accepted,
26883497,0568000,LOUISVILLE METRO POLICE DEPT,Accepted,JEFFERSON,,3700,VANGUARD,DR,,,,,,,,38.108137964,-85.692378217,0.037,7/1/2020 12:00:00 AM,1700,2,2,0,1,CLEAR,WET,True,1 VEHICLE ENTERING/LEAVING ENTRANCE,ANGLE,STRAIGHT & LEVEL,DAYLIGHT,,,7/2/2020 8:42:03 AM,False,7955,Accepted,
26898336,0568000,LOUISVILLE METRO POLICE DEPT,Accepted,JEFFERSON,US0031W,16700,DIXIE,HWY,,,,,,,,38.013886833,-85.925780683,1.269,7/1/2020 12:00:00 AM,1324,1,1,0,1,CLEAR,DRY,False,RAN OFF ROADWAY (1 VEHICLE WITH/EARTH EMBANKMENT/DITCH),SINGLE VEHICLE,STRAIGHT & LEVEL,DAYLIGHT,,,7/6/2020 12:06:27 PM,False,2311,Accepted,
26897177,0568000,LOUISVILLE METRO POLICE DEPT,Accepted,JEFFERSON,,,BISHOP,LN,,,LEITH,,,,,38.203042754,-85.682369856,0.251,7/1/2020 12:00:00 AM,0933,2,2,0,0,CLEAR,DRY,False,ANGLE COLLISION - OTHER,ANGLE,STRAIGHT & LEVEL,DAYLIGHT,,,7/6/2020 9:09:41 AM,False,2098,Accepted,
26879735,0568000,LOUISVILLE METRO POLICE DEPT,Accepted,JEFFERSON,,,LIBERTY,ST,W,KY1020,2ND,,,,,38.252755760,-85.753879466,0.793,7/1/2020 12:00:00 AM,0024,2,2,0,0,CLEAR,DRY,True,ANGLE COLLISION - OTHER,ANGLE,STRAIGHT & LEVEL,DARK-HWY LIGHTED/ON,,,7/1/2020 10:24:00 AM,False,5008,Accepted,
26879738,0568000,LOUISVILLE METRO POLICE DEPT,Accepted,JEFFERSON,,,SPRINGDALE,RD,,,,,ASBURY PARK,,WOLFCREEK,38.316401624,-85.593465411,1.400,7/1/2020 12:00:00 AM,0017,1,1,0,0,RAINING,WET,False,COLLISION WITH FIXED OBJECT NON - INTERSECTION - FIRST EVENT COLLISION 09 - 32 EXCLUDING 16,SINGLE VEHICLE,STRAIGHT & LEVEL,DARK-HWY LIGHTED/OFF,,,7/1/2020 10:24:04 AM,False,5228,Accepted,
26883488,0568000,LOUISVILLE METRO POLICE DEPT,Accepted,JEFFERSON,,,1ST,ST,S,,JACOB,,,,,38.244383911,-85.753610517,0.814,7/1/2020 12:00:00 AM,1047,2,1,0,1,CLOUDY,DRY,False,COLLISION WITH PEDESTRIAN IN INTERSECTION,SINGLE VEHICLE,STRAIGHT & LEVEL,DAYLIGHT,,,7/2/2020 8:41:30 AM,False,7872,Accepted,
26883489,0568000,LOUISVILLE METRO POLICE DEPT,Accepted,JEFFERSON,US0031W,,22ND,ST,S,,ST LOUIS,,,,,38.233525607,-85.790974122,18.498,7/1/2020 12:00:00 AM,1210,2,2,0,0,CLEAR,DRY,False,COLLISION WITH PARKED VEHICLE,REAR END,STRAIGHT & LEVEL,DAYLIGHT,,,7/2/2020 8:41:35 AM,False,5003,Accepted,
26883495,0568000,LOUISVILLE METRO POLICE DEPT,Accepted,JEFFERSON,,,HIKES,LN,,,KLONDIKE,,,,,38.211193254,-85.640624887,2.212,7/1/2020 12:00:00 AM,1059,2,2,0,0,CLEAR,DRY,False,SIDESWIPE-SAME DIRECTION,SIDESWIPE-SAME DIRECTION,STRAIGHT & LEVEL,DAYLIGHT,,,7/2/2020 8:41:56 AM,False,2569,Accepted,
26874790,0568000,LOUISVILLE METRO POLICE DEPT,Accepted,JEFFERSON,KY3082,2711,BANK,ST,,,,,,,,38.270217668,-85.793471480,0.918,6/30/2020 12:00:00 AM,0430,3,3,0,0,CLOUDY,WET,False,1 VEHICLE PARKED POSITION (NOT PARKING LOT/DRIVEWAY),REAR END,STRAIGHT & LEVEL,OTHER,,,6/30/2020 9:06:39 AM,False,7173,Accepted,
26874791,0568000,LOUISVILLE METRO POLICE DEPT,Accepted,JEFFERSON,US0031W,12201,DIXIE,HWY,,,,,,,,38.084025966,-85.880558349,6.839,6/30/2020 12:00:00 AM,0300,2,1,0,0,RAINING,WET,True,COLLISION IN PARKING LOT,SINGLE VEHICLE,STRAIGHT & LEVEL,DARK-HWY LIGHTED/ON,,,6/30/2020 9:06:42 AM,False,7166,Accepted,
26879760,0568000,LOUISVILLE METRO POLICE DEPT,Accepted,JEFFERSON,KY1865,,TAYLOR,BLVD,,,,,,,,38.179361264,-85.783223940,5.013,6/30/2020 12:00:00 AM,2200,2,2,0,0,CLEAR,DRY,False,1 VEHICLE ENTERING/LEAVING ENTRANCE,ANGLE,STRAIGHT & LEVEL,DARK-HWY LIGHTED/ON,,,7/1/2020 10:24:38 AM,False,5258,Accepted,
26879745,0568000,LOUISVILLE METRO POLICE DEPT,Accepted,JEFFERSON,,,MARKET,ST,W,,24TH,,,,,38.259127190,-85.790180591,0.205,6/30/2020 12:00:00 AM,1950,2,2,0,0,CLEAR,DRY,True,SIDESWIPE-SAME DIRECTION,SIDESWIPE-SAME DIRECTION,STRAIGHT & LEVEL,DAYLIGHT,,,7/1/2020 10:24:15 AM,False,7430,Accepted,
26879711,0568000,LOUISVILLE METRO POLICE DEPT,Accepted,JEFFERSON,,,26TH,ST,S,,MUHAMMAD ALI,,,,,38.255209583,-85.794267806,0.383,6/30/2020 12:00:00 AM,1332,2,2,0,0,CLEAR,DRY,True,OTHER INTERSECTION COLLISIONS,REAR END,STRAIGHT & LEVEL,DAYLIGHT,,,7/1/2020 10:22:53 AM,False,7220,Accepted,
26879718,0568000,LOUISVILLE METRO POLICE DEPT,Accepted,JEFFERSON,KY1747,,FERN VALLEY,RD,,KY0061,PRESTON,,,,,38.157157307,-85.696066905,1.990,6/30/2020 12:00:00 AM,1601,4,4,0,3,CLEAR,DRY,False,OTHER INTERSECTION COLLISIONS,REAR END,STRAIGHT & LEVEL,DAYLIGHT,,,7/1/2020 10:23:27 AM,False,5026,Accepted,
26879719,0568000,LOUISVILLE METRO POLICE DEPT,Accepted,JEFFERSON,KY1065,,OUTER,LOOP,,,,,LONE OAK,,BRIARCLIFF,38.137805577,-85.689577991,5.895,6/30/2020 12:00:00 AM,1717,2,2,0,1,CLEAR,DRY,False,OTHER ROADWAY OR MID-BLOCK COLLISION,REAR END,STRAIGHT & LEVEL,DAYLIGHT,,,7/1/2020 10:23:31 AM,False,2324,Accepted,
26879720,0568000,LOUISVILLE METRO POLICE DEPT,Accepted,JEFFERSON,KY1865,,NEW CUT,RD,,,HARPERS FERRY,,,,,38.132086851,-85.772604405,1.707,6/30/2020 12:00:00 AM,1545,2,2,0,2,CLEAR,DRY,False,ANGLE COLLISION - OTHER,ANGLE,STRAIGHT & LEVEL,DAYLIGHT,,,7/1/2020 10:23:35 AM,False,7336,Accepted,
26879721,0568000,LOUISVILLE METRO POLICE DEPT,Accepted,JEFFERSON,KY3064,,PORTLAND,AVE,,,,US0150,22ND,,CARTER,38.268592652,-85.782984826,0.028,6/30/2020 12:00:00 AM,1819,1,1,0,0,CLOUDY,DRY,True,COLLISION WITH FIXED OBJECT NON - INTERSECTION - FIRST EVENT COLLISION 09 - 32 EXCLUDING 16,SINGLE VEHICLE,STRAIGHT & LEVEL,DAYLIGHT,,,7/1/2020 10:23:39 AM,False,5251,Accepted,
26879729,0568000,LOUISVILLE METRO POLICE DEPT,Accepted,JEFFERSON,,,POWELL,AVE,,,SOUTHERN HEIGHTS,,,,,38.189985360,-85.791306677,0.803,6/30/2020 12:00:00 AM,1650,2,2,0,0,CLEAR,DRY,False,ANGLE COLLISION - OTHER,ANGLE,STRAIGHT & LEVEL,DAYLIGHT,,,7/1/2020 10:23:52 AM,False,7360,Accepted,
26897192,0568000,LOUISVILLE METRO POLICE DEPT,Accepted,JEFFERSON,KY1020,,2ND,ST,S,,,,,,,38.234376082,-85.757031377,11.341,6/30/2020 12:00:00 AM,0504,2,2,0,0,CLEAR,DRY,False,1 VEHICLE PARKED POSITION (NOT PARKING LOT/DRIVEWAY),REAR END,STRAIGHT & LEVEL,DAYLIGHT,,,7/6/2020 9:10:37 AM,False,5213,Accepted,
26879746,0568000,LOUISVILLE METRO POLICE DEPT,Accepted,JEFFERSON,,1800,PORTLAND,AVE,,,,,,,,38.264648333,-85.777495771,0.320,6/30/2020 12:00:00 AM,2205,3,3,0,1,CLEAR,DRY,False,1 VEHICLE PARKED POSITION (NOT PARKING LOT/DRIVEWAY),SIDESWIPE-SAME DIRECTION,STRAIGHT & LEVEL,DARK-HWY LIGHTED/ON,,,7/1/2020 10:24:19 AM,False,7430,Accepted,
26879768,0568000,LOUISVILLE METRO POLICE DEPT,Accepted,JEFFERSON,US0031W,,DIXIE,HWY,,KY1849,MOORMAN,,,,,38.085497073,-85.879871246,6.935,6/30/2020 12:00:00 AM,2205,2,2,0,0,CLEAR,DRY,False,ANGLE COLLISION - OTHER,ANGLE,STRAIGHT & LEVEL,DUSK,,,7/1/2020 10:24:53 AM,False,5170,Accepted,
26879725,0568000,LOUISVILLE METRO POLICE DEPT,Accepted,JEFFERSON,KY0061,5601,PRESTON,HWY,,,,,,,,38.168634218,-85.706463141,6.329,6/30/2020 12:00:00 AM,2100,1,1,0,0,CLEAR,DRY,False,COLLISION IN PARKING LOT,SINGLE VEHICLE,STRAIGHT & LEVEL,DAYLIGHT,,,7/1/2020 10:23:49 AM,False,7206,Accepted,
26883492,0568000,LOUISVILLE METRO POLICE DEPT,Accepted,JEFFERSON,US0150,,BROADWAY,,W,,6TH,,,,,38.246379470,-85.761780968,2.169,6/30/2020 12:00:00 AM,1500,2,2,0,1,CLEAR,DRY,False,ANGLE COLLISION - OTHER,ANGLE,STRAIGHT & LEVEL,DAYLIGHT,,,7/2/2020 8:41:46 AM,False,7058,Accepted,
26874795,0568000,LOUISVILLE METRO POLICE DEPT,Accepted,JEFFERSON,,752,44TH,ST,S,,,,,,,38.247327672,-85.825225559,0.751,6/30/2020 12:00:00 AM,0600,2,2,0,0,CLOUDY,DRY,False,1 VEHICLE PARKED POSITION (NOT PARKING LOT/DRIVEWAY),BACKING,STRAIGHT & LEVEL,DARK (UNKNOWN ROADWAY LIGHTING),,,6/30/2020 9:06:53 AM,False,5202,Accepted,
26879714,0568000,LOUISVILLE METRO POLICE DEPT,Accepted,JEFFERSON,KY1747,,FERN VALLEY,RD,,,,,ULRICH,,PARAMOUNT PARK,38.157028585,-85.710504379,1.191,6/30/2020 12:00:00 AM,1455,2,2,0,3,CLOUDY,WET,False,1 VEHICLE ENTERING/LEAVING ENTRANCE,ANGLE,STRAIGHT & LEVEL,DAYLIGHT,,,7/1/2020 10:23:07 AM,False,2324,Accepted,
26879717,0568000,LOUISVILLE METRO POLICE DEPT,Accepted,JEFFERSON,,,FERN CREEK,RD,,US0031E,BARDSTOWN,,,,,38.157553424,-85.590920587,0.759,6/30/2020 12:00:00 AM,1540,2,2,0,0,CLEAR,DRY,False,HEAD-ON COLLISION,HEAD ON,STRAIGHT & LEVEL,DAYLIGHT,,,7/1/2020 10:23:22 AM,False,6337,Accepted,
26879722,0568000,LOUISVILLE METRO POLICE DEPT,Accepted,JEFFERSON,US0150,,BROADWAY,,E,KY0864,SHELBY,,,,,38.244680805,-85.739542498,3.403,6/30/2020 12:00:00 AM,1549,2,2,0,1,CLEAR,DRY,False,OPPOSING LEFT TURN,OPPOSING LEFT TURN,STRAIGHT & LEVEL,DAYLIGHT,,,7/1/2020 10:23:42 AM,False,7239,Accepted,
26879724,0568000,LOUISVILLE METRO POLICE DEPT,Accepted,JEFFERSON,,,24TH,ST,S,,MUHAMMAD ALI,,,,,38.254918277,-85.791504112,0.381,6/30/2020 12:00:00 AM,1129,1,1,0,0,CLEAR,DRY,True,COLLISION WITH FIXED OBJECT IN INTERSECTION - FIRST EVENT COLLISION 09 - 32,SINGLE VEHICLE,STRAIGHT & LEVEL,DAYLIGHT,,,7/1/2020 10:23:46 AM,False,7387,Accepted,
26879733,0568000,LOUISVILLE METRO POLICE DEPT,Accepted,JEFFERSON,KY0146,,LA GRANGE,RD,,,SPRINGS STATION,,,,,38.293698398,-85.508935631,7.930,6/30/2020 12:00:00 AM,2210,2,2,0,2,RAINING,WET,False,ANGLE COLLISION - OTHER,ANGLE,STRAIGHT & LEVEL,DARK-HWY NOT LIGHTED,,,7/1/2020 10:23:56 AM,False,7012,Accepted,
26879742,0568000,LOUISVILLE METRO POLICE DEPT,Accepted,JEFFERSON,,,CHESTNUT,ST,W,,18TH,,,,,38.251546126,-85.781069481,1.087,6/30/2020 12:00:00 AM,1825,2,2,0,2,CLEAR,DRY,False,ANGLE COLLISION - OTHER,ANGLE,STRAIGHT & LEVEL,DAYLIGHT,,,7/1/2020 10:24:11 AM,False,5047,Accepted,
26879748,0568000,LOUISVILLE METRO POLICE DEPT,Accepted,JEFFERSON,,,FLOYD,ST,S,,MAGNOLIA,,,,,38.228218007,-85.752706893,1.911,6/30/2020 12:00:00 AM,2300,2,2,0,0,CLOUDY,WET,True,COLLISION WITH PARKED VEHICLE,REAR END,STRAIGHT & LEVEL,DARK-HWY LIGHTED/ON,,,7/1/2020 10:24:22 AM,False,5230,Accepted,
26879756,0568000,LOUISVILLE METRO POLICE DEPT,Accepted,JEFFERSON,,,23RD,ST,S,,BROADWAY,,,,,38.249300865,-85.789922829,0.321,6/30/2020 12:00:00 AM,2346,2,1,0,1,CLEAR,DRY,True,COLLISION WITH PEDESTRIAN IN INTERSECTION,SINGLE VEHICLE,STRAIGHT & LEVEL,DARK-HWY LIGHTED/ON,,,7/1/2020 10:24:34 AM,False,7417,Accepted,
26879764,0568000,LOUISVILLE METRO POLICE DEPT,Accepted,JEFFERSON,,,BROOK,ST,S,US0031E,MAIN,,,,,38.255927200,-85.749949159,3.581,6/30/2020 12:00:00 AM,0630,2,2,0,0,CLEAR,DRY,False,SIDESWIPE-SAME DIRECTION,SIDESWIPE-SAME DIRECTION,STRAIGHT & LEVEL,DAYLIGHT,,,7/1/2020 10:24:42 AM,False,5122,Accepted,
26887720,0568000,LOUISVILLE METRO POLICE DEPT,Accepted,JEFFERSON,,,MAGNOLIA,AVE,E,,FLOYD,,,,,38.228218261,-85.752718496,0.001,6/30/2020 12:00:00 AM,1539,2,2,0,0,CLEAR,DRY,True,OTHER INTERSECTION COLLISIONS,REAR END,STRAIGHT & LEVEL,DAYLIGHT,,,7/3/2020 9:17:27 AM,False,5186,Accepted,
26929974,0568000,LOUISVILLE METRO POLICE DEPT,Accepted,JEFFERSON,KY2054,3300,ALGONQUIN,PKWY,,,,,,,,38.224403731,-85.809713487,0.647,6/30/2020 12:00:00 AM,2200,1,1,0,1,CLEAR,DRY,False,COLLISION WITH FIXED OBJECT NON - INTERSECTION - FIRST EVENT COLLISION 09 - 32 EXCLUDING 16,SINGLE VEHICLE,STRAIGHT & LEVEL,DARK-HWY LIGHTED/ON,,,7/14/2020 8:49:50 AM,False,7466,Accepted,
26874792,0568000,LOUISVILLE METRO POLICE DEPT,Accepted,JEFFERSON,US0031W,,DIXIE,HWY,,,FLOWERVALE,,,,,38.085350943,-85.879741443,6.937,6/30/2020 12:00:00 AM,0316,2,2,0,1,CLOUDY,WET,False,ANGLE COLLISION - OTHER,ANGLE,STRAIGHT & LEVEL,DARK-HWY LIGHTED/ON,,,6/30/2020 9:06:46 AM,False,5263,Accepted,
26875262,0568000,LOUISVILLE METRO POLICE DEPT,Accepted,JEFFERSON,US0031E,,BARDSTOWN,RD,,,BRENTLINGER,,,,,38.132904808,-85.579001927,4.281,6/30/2020 12:00:00 AM,0911,4,4,0,0,CLOUDY,DRY,False,OTHER INTERSECTION COLLISIONS,REAR END,STRAIGHT & LEVEL,DAYLIGHT,,,6/30/2020 10:38:16 AM,False,2308,Accepted,
26870893,0568000,LOUISVILLE METRO POLICE DEPT,Accepted,JEFFERSON,,,MARKET,ST,W,,TAIT,,,,,38.263002374,-85.817119239,1.741,6/29/2020 12:00:00 AM,0233,1,1,0,0,CLEAR,DRY,False,COLLISION WITH FIXED OBJECT IN INTERSECTION - FIRST EVENT COLLISION 09 - 32,SINGLE VEHICLE,STRAIGHT & LEVEL,DARK-HWY LIGHTED/ON,,,6/29/2020 9:42:08 AM,False,7481,Accepted,
26874770,0568000,LOUISVILLE METRO POLICE DEPT,Accepted,JEFFERSON,KY1747,,FERN VALLEY,RD,,I 0065,I65 N EXIT128 OFF RAMP TO KY1631,,,,,38.157484309,-85.716857456,0.837,6/29/2020 12:00:00 AM,0847,2,2,0,0,RAINING,WET,False,ANGLE COLLISION - OTHER,ANGLE,STRAIGHT & LEVEL,DAYLIGHT,,,6/30/2020 9:05:34 AM,False,2324,Accepted,
26874775,0568000,LOUISVILLE METRO POLICE DEPT,Accepted,JEFFERSON,I 0065,,I65 N,,,,,,,,,38.256107192,-85.741902210,136.279,6/29/2020 12:00:00 AM,1134,1,1,0,1,CLEAR,DRY,False,COLLISION WITH FIXED OBJECT NON - INTERSECTION - FIRST EVENT COLLISION 09 - 32 EXCLUDING 16,SINGLE VEHICLE,STRAIGHT & GRADE,DAYLIGHT,,,6/30/2020 9:05:50 AM,False,8278,Accepted,
26874776,0568000,LOUISVILLE METRO POLICE DEPT,Accepted,JEFFERSON,KY0061,,PRESTON,HWY,,KY1065,OUTER,,,,,38.138180080,-85.686558342,3.940,6/29/2020 12:00:00 AM,1255,2,2,0,0,CLOUDY,DRY,False,OTHER INTERSECTION COLLISIONS,REAR END,STRAIGHT & LEVEL,DAYLIGHT,,,6/30/2020 9:05:53 AM,False,2089,Accepted,
26911631,0568000,LOUISVILLE METRO POLICE DEPT,Accepted,JEFFERSON,US0060A,,EASTERN,PKWY,,,,,,,,38.230757452,-85.711579239,6.678,6/29/2020 12:00:00 AM,1717,3,3,0,0,CLEAR,DRY,False,OTHER ROADWAY OR MID-BLOCK COLLISION,OPPOSING LEFT TURN,STRAIGHT & HILLCREST,DAYLIGHT,,,7/9/2020 8:12:04 AM,False,7280,Accepted,
26883494,0568000,LOUISVILLE METRO POLICE DEPT,Accepted,JEFFERSON,,,RIVER,RD,,,FRANKFORT,,,,,38.264469725,-85.725333704,1.243,6/29/2020 12:00:00 AM,1105,2,2,0,1,CLEAR,DRY,False,REAR END - ONE VEHICLE TURNING LEFT,REAR END,STRAIGHT & LEVEL,DAYLIGHT,,,7/2/2020 8:41:53 AM,False,7907,Accepted,
26886327,0561000,JEFFERSONTOWN POLICE DEPT,Accepted,JEFFERSON,KY1747,,HURSTBOURNE,PKWY,S,KY0155,TAYLORSVILLE,,,,,38.215520569,-85.591097167,11.071,6/29/2020 12:00:00 AM,2306,2,2,0,0,RAINING,WET,False,ANGLE COLLISION - ONE VEHICLE TURNING LEFT,ANGLE,STRAIGHT & LEVEL,DARK-HWY LIGHTED/ON,,,7/2/2020 10:40:09 PM,False,8301,Accepted,
26883493,0568000,LOUISVILLE METRO POLICE DEPT,Accepted,JEFFERSON,,,12TH,ST,S,,HILL,,,,,38.227535123,-85.775197876,1.773,6/29/2020 12:00:00 AM,1829,2,2,0,2,CLEAR,DRY,False,ANGLE COLLISION - OTHER,ANGLE,STRAIGHT & LEVEL,DAYLIGHT,,,7/2/2020 8:41:49 AM,False,5190,Accepted,
26870909,0568000,LOUISVILLE METRO POLICE DEPT,Accepted,JEFFERSON,,,GRAY,ST,E,,,,1ST,,BROOK,38.247116237,-85.753092117,0.003,6/29/2020 12:00:00 AM,0817,2,2,0,0,RAINING,WET,True,REAR END IN TRAFFIC LANES BOTH VEHICLES MOVING,REAR END,STRAIGHT & LEVEL,DAYLIGHT,,,6/29/2020 9:48:52 AM,False,5251,Accepted,
26874778,0568000,LOUISVILLE METRO POLICE DEPT,Accepted,JEFFERSON,KY1065,,OUTER,LOOP,,,,,,,,38.134771409,-85.719231713,4.230,6/29/2020 12:00:00 AM,0648,2,2,0,0,RAINING,WET,False,REAR END IN TRAFFIC LANES BOTH VEHICLES MOVING,REAR END,STRAIGHT & LEVEL,DAYLIGHT,,,6/30/2020 9:06:00 AM,False,4693,Accepted,
26874785,0568000,LOUISVILLE METRO POLICE DEPT,Accepted,JEFFERSON,KY1931,,MANSLICK,RD,,,,,,,,38.182405493,-85.799656275,7.456,6/29/2020 12:00:00 AM,0724,2,2,0,0,RAINING,WET,True,1 VEHICLE ENTERING/LEAVING ENTRANCE,ANGLE,STRAIGHT & LEVEL,DAYLIGHT,,,6/30/2020 9:06:21 AM,False,7667,Accepted,
26874786,0568000,LOUISVILLE METRO POLICE DEPT,Accepted,JEFFERSON,,,MADISON,ST,W,,30TH,,,,,38.254810314,-85.800769545,1.542,6/29/2020 12:00:00 AM,1839,2,2,0,1,CLOUDY,DRY,True,ANGLE COLLISION - OTHER,ANGLE,STRAIGHT & LEVEL,DAYLIGHT,,,6/30/2020 9:06:24 AM,False,7805,Accepted,
26874787,0568000,LOUISVILLE METRO POLICE DEPT,Accepted,JEFFERSON,,,39TH,ST,S,,BROADWAY,,,,,38.250151892,-85.816357053,0.792,6/29/2020 12:00:00 AM,1845,2,2,0,0,RAINING,WET,True,OTHER INTERSECTION COLLISIONS,REAR END,STRAIGHT & LEVEL,DAYLIGHT,,,6/30/2020 9:06:28 AM,False,5202,Accepted,
26911627,0568000,LOUISVILLE METRO POLICE DEPT,Accepted,JEFFERSON,US0031E,,BARDSTOWN,RD,,,,,,,,38.230604169,-85.704469763,14.352,6/29/2020 12:00:00 AM,1514,2,2,0,0,CLEAR,DRY,False,REAR END IN TRAFFIC LANES BOTH VEHICLES MOVING,REAR END,STRAIGHT & LEVEL,DAYLIGHT,,,7/9/2020 8:11:48 AM,False,7280,Accepted,
26897182,0568000,LOUISVILLE METRO POLICE DEPT,Accepted,JEFFERSON,US0031W,,DIXIE,HWY,,,MEYERS,,,,,38.164675441,-85.830373477,13.065,6/29/2020 12:00:00 AM,1517,3,3,0,2,CLEAR,DRY,False,OTHER INTERSECTION COLLISIONS,REAR END,STRAIGHT & LEVEL,DAYLIGHT,,,7/6/2020 9:10:00 AM,False,5100,Accepted,
26887709,0568000,LOUISVILLE METRO POLICE DEPT,Accepted,JEFFERSON,I 0064,,I64 W,,,I 0065,I65 N,,,,,38.260532896,-85.740821044,5.190,6/29/2020 12:00:00 AM,0737,1,1,0,1,CLOUDY,WET,False,OTHER INTERSECTION COLLISIONS,SINGLE VEHICLE,CURVE & LEVEL,DAYLIGHT,,,7/3/2020 9:16:45 AM,False,7325,Accepted,
26874780,0568000,LOUISVILLE METRO POLICE DEPT,Accepted,JEFFERSON,,,3RD,ST,S,,COLLINS,,,,,38.200225831,-85.765100981,0.025,6/29/2020 12:00:00 AM,1509,2,2,0,1,CLEAR,DRY,False,ANGLE COLLISION - OTHER,ANGLE,STRAIGHT & LEVEL,DAYLIGHT,,,6/30/2020 9:06:06 AM,False,2499,Accepted,
26874772,0568000,LOUISVILLE METRO POLICE DEPT,Accepted,JEFFERSON,I 0265,,I265 S,,,,,,,,,38.218691792,-85.506106700,25.166,6/29/2020 12:00:00 AM,1034,2,2,0,0,CLOUDY,WET,False,SIDESWIPE COLLISION - SAME DIRECTION,SIDESWIPE-SAME DIRECTION,STRAIGHT & LEVEL,DAYLIGHT,,,6/30/2020 9:05:43 AM,False,4903,Accepted,
26883503,0568000,LOUISVILLE METRO POLICE DEPT,Accepted,JEFFERSON,I 0065,,I65 N,,,,,I 0065,I65 N EXIT134 ON RAMP FROM US61,I 0065,I65 N EXIT134A OFF RAMP TO KY61,38.224626105,-85.751046181,133.773,6/29/2020 12:00:00 AM,0552,2,2,0,2,RAINING,WET,True,SIDESWIPE COLLISION - SAME DIRECTION,SIDESWIPE-SAME DIRECTION,CURVE & GRADE,DARK-HWY LIGHTED/ON,,,7/2/2020 8:42:27 AM,False,7527,Accepted,
26870897,0568000,LOUISVILLE METRO POLICE DEPT,Accepted,JEFFERSON,KY0841,,GENE SNYDER,FWY,,,,,,,,38.118657059,-85.765985450,6.662,6/29/2020 12:00:00 AM,0313,1,1,0,0,RAINING,WET,False,OTHER ROADWAY OR MID-BLOCK COLLISION,SINGLE VEHICLE,CURVE & LEVEL,DARK-HWY LIGHTED/OFF,,,6/29/2020 9:42:20 AM,False,5276,Accepted,
26874781,0568000,LOUISVILLE METRO POLICE DEPT,Accepted,JEFFERSON,US0031E,1600B,BARDSTOWN,RD,,,,,,,,38.230018760,-85.703494842,14.225,6/29/2020 12:00:00 AM,1404,1,1,0,0,CLOUDY,DRY,False,OTHER ROADWAY OR MID-BLOCK COLLISION,SINGLE VEHICLE,STRAIGHT & LEVEL,DAYLIGHT,,,6/30/2020 9:06:10 AM,False,7740,Accepted,
26874782,0568000,LOUISVILLE METRO POLICE DEPT,Accepted,JEFFERSON,,6403,FERN CREST,RD,,,,,,,,38.155233417,-85.611729916,0.041,6/29/2020 12:00:00 AM,1531,1,1,0,0,CLEAR,DRY,False,COLLISION WITH FIXED OBJECT NON - INTERSECTION - FIRST EVENT COLLISION 09 - 32 EXCLUDING 16,SINGLE VEHICLE,STRAIGHT & GRADE,DAYLIGHT,,,6/30/2020 9:06:14 AM,False,2959,Accepted,
26879710,0568000,LOUISVILLE METRO POLICE DEPT,Accepted,JEFFERSON,KY1865,,TAYLOR,BLVD,,I 0264,I264 W EXIT9 ON RAMP FROM KY1865,,,,,38.190012019,-85.783374159,5.749,6/29/2020 12:00:00 AM,1800,2,2,0,1,CLEAR,DRY,False,ANGLE COLLISION - ONE VEHICLE TURNING LEFT,ANGLE,STRAIGHT & LEVEL,DAYLIGHT,,,7/1/2020 10:22:49 AM,False,7298,Accepted,