IncidentID,AgencyORI,AgencyName,IncidentStatusDesc,County,RdwyNumber,Street,RoadwayName,StreetSfx,StreetDir,IntersectionRdwy,IntersectionRdwyName,BetweenStRdwy1,BetweenStRdwyName1,BetweenStRdwy2,BetweenStRdwyName2,Latitude,Longitude,Milepoint,CollisionDate,CollisionTime,UnitsInvolved,MotorVehiclesInvolved,NumberKilled,NumberInjured,Weather,RdwyConditionCode,HitandRun,DirAnalysisCode,MannerofCollision,RdwyCharacter,LightCondition,RampFromRdwyId,RampToRdwyId,AcceptedDate,IsSecondaryCollision,OwnerBadge,IncidentStatus,
26870797,0568000,LOUISVILLE METRO POLICE DEPT,Accepted,JEFFERSON,US0031W,,DIXIE,HWY,,,,,BROWNS PARK,,DIXIE GARDEN,38.100335385,-85.871219132,8.074,6/26/2020 12:00:00 AM,1551,2,2,0,0,CLEAR,DRY,False,SIDESWIPE COLLISION - SAME DIRECTION,SIDESWIPE-SAME DIRECTION,STRAIGHT & LEVEL,DAYLIGHT,,,6/29/2020 9:36:04 AM,False,7073,Accepted,
26861964,0568000,LOUISVILLE METRO POLICE DEPT,Accepted,JEFFERSON,KY1747,,FERN VALLEY,RD,,,FERN GRADE,,,,,38.157782547,-85.725738060,0.346,6/26/2020 12:00:00 AM,0556,2,2,0,0,CLEAR,DRY,True,SIDESWIPE-SAME DIRECTION,SIDESWIPE-SAME DIRECTION,STRAIGHT & GRADE,DAWN,,,6/26/2020 8:25:44 AM,False,7016,Accepted,
26870804,0568000,LOUISVILLE METRO POLICE DEPT,Accepted,JEFFERSON,KY1865,,NEW CUT,RD,,,SCOTTSDALE,,,,,38.139169249,-85.773848884,2.208,6/26/2020 12:00:00 AM,1731,2,2,0,2,CLEAR,DRY,False,ANGLE COLLISION - OTHER,ANGLE,STRAIGHT & GRADE,DAYLIGHT,,,6/29/2020 9:36:17 AM,False,7202,Accepted,
26870811,0568000,LOUISVILLE METRO POLICE DEPT,Accepted,JEFFERSON,KY1447,,WESTPORT,RD,,,,,,,,38.296314284,-85.553290594,6.395,6/26/2020 12:00:00 AM,1516,2,2,0,0,CLEAR,DRY,False,REAR END IN TRAFFIC LANES BOTH VEHICLES MOVING,REAR END,STRAIGHT & LEVEL,DAYLIGHT,,,6/29/2020 9:36:27 AM,False,7839,Accepted,
26870796,0568000,LOUISVILLE METRO POLICE DEPT,Accepted,JEFFERSON,,,SOUTHERN,PKWY,,,DALE,,,,,38.174200253,-85.775304560,0.662,6/26/2020 12:00:00 AM,1457,2,2,0,3,CLEAR,DRY,False,ANGLE COLLISION - ONE VEHICLE TURNING LEFT,ANGLE,STRAIGHT & LEVEL,DAYLIGHT,,,6/29/2020 9:36:00 AM,False,7048,Accepted,
26870813,0568000,LOUISVILLE METRO POLICE DEPT,Accepted,JEFFERSON,,5332,3RD,ST,S,,SOUTHLAND,,,,,38.171478373,-85.768005630,1.890,6/26/2020 12:00:00 AM,1203,2,2,0,0,CLEAR,DRY,False,COLLISION IN PARKING LOT,BACKING,STRAIGHT & LEVEL,DAYLIGHT,,,6/29/2020 9:36:37 AM,False,7139,Accepted,
26870814,0568000,LOUISVILLE METRO POLICE DEPT,Accepted,JEFFERSON,KY0061,8315,PRESTON,HWY,,,,,,,,38.130897412,-85.682451312,3.397,6/26/2020 12:00:00 AM,1903,1,1,0,1,CLEAR,DRY,False,COLLISION WITH FIXED OBJECT NON - INTERSECTION - FIRST EVENT COLLISION 09 - 32 EXCLUDING 16,SINGLE VEHICLE,STRAIGHT & LEVEL,DAYLIGHT,,,6/29/2020 9:36:41 AM,False,5214,Accepted,
26870820,0568000,LOUISVILLE METRO POLICE DEPT,Accepted,JEFFERSON,KY0061,7926,PRESTON,HWY,,,,,,,,38.137696776,-85.686526843,3.907,6/26/2020 12:00:00 AM,2237,2,2,0,0,CLEAR,DRY,False,1 VEHICLE ENTERING/LEAVING ENTRANCE,ANGLE,STRAIGHT & LEVEL,DARK-HWY LIGHTED/ON,,,6/29/2020 9:37:12 AM,False,5040,Accepted,
26861962,0568000,LOUISVILLE METRO POLICE DEPT,Accepted,JEFFERSON,I 0265,,I265 E,,,,,I 0265,I265 E EXIT23 ON RAMP FROM KY155,I 0064,I64 N EXIT25A RAMP TO I64 E,38.193956374,-85.508404497,23.487,6/26/2020 12:00:00 AM,0350,1,1,0,0,CLEAR,DRY,False,OTHER COLLISIONS ON SHOULDER,SINGLE VEHICLE,STRAIGHT & LEVEL,DARK-HWY LIGHTED/ON,,,6/26/2020 8:25:38 AM,False,2013,Accepted,
26870822,0568000,LOUISVILLE METRO POLICE DEPT,Accepted,JEFFERSON,,4500B,6TH,ST,S,,,,,,,38.186479630,-85.770351787,3.049,6/26/2020 12:00:00 AM,2148,3,3,0,0,CLEAR,DRY,False,1 VEHICLE PARKED POSITION (NOT PARKING LOT/DRIVEWAY),REAR END,STRAIGHT & LEVEL,DARK-HWY LIGHTED/ON,,,6/29/2020 9:37:21 AM,False,7963,Accepted,
26887691,0568000,LOUISVILLE METRO POLICE DEPT,Accepted,JEFFERSON,KY1020,,NATIONAL,TPKE,,,YORKTOWN,,,,,38.140844251,-85.754485602,4.652,6/26/2020 12:00:00 AM,2300,2,2,0,1,CLEAR,DRY,False,ANGLE COLLISION - OTHER,ANGLE,STRAIGHT & LEVEL,DARK-HWY NOT LIGHTED,,,7/3/2020 9:15:46 AM,False,5110,Accepted,
26883505,0568000,LOUISVILLE METRO POLICE DEPT,Accepted,JEFFERSON,,,DUMESNIL,ST,,,17TH,,,,,38.236019554,-85.783004325,1.968,6/26/2020 12:00:00 AM,2223,3,3,0,1,CLEAR,DRY,False,COLLISION WITH PARKED VEHICLE,REAR END,STRAIGHT & LEVEL,DARK-HWY LIGHTED/ON,,,7/2/2020 8:42:34 AM,False,5054,Accepted,
26887717,0568000,LOUISVILLE METRO POLICE DEPT,Accepted,JEFFERSON,KY1819,,BILLTOWN,RD,,,,,,,,38.171520408,-85.572828234,7.544,6/26/2020 12:00:00 AM,0818,2,2,0,0,CLEAR,DRY,False,1 VEHICLE ENTERING/LEAVING ENTRANCE,ANGLE,CURVE & LEVEL,DAYLIGHT,,,7/3/2020 9:17:14 AM,False,4693,Accepted,
26870884,0568000,LOUISVILLE METRO POLICE DEPT,Accepted,JEFFERSON,I 0265,,,,,,,,,,,38.123702169,-85.617948207,0.264,6/26/2020 12:00:00 AM,2340,1,1,0,1,CLEAR,DRY,False,OTHER RAMP RELATED COLLISIONS NOT LISTED ABOVE,SINGLE VEHICLE,STRAIGHT & LEVEL,DARK-HWY LIGHTED/ON,KY0864,I 0265,6/29/2020 9:41:35 AM,False,7449,Accepted,
26879716,0568000,LOUISVILLE METRO POLICE DEPT,Accepted,JEFFERSON,US0031W,17000,DIXIE,HWY,,,,,,,,38.004264705,-85.939316818,0.279,6/26/2020 12:00:00 AM,1851,1,1,1,0,CLEAR,DRY,False,COLLISION WITH FIXED OBJECT NON - INTERSECTION - FIRST EVENT COLLISION 09 - 32 EXCLUDING 16,SINGLE VEHICLE,STRAIGHT & LEVEL,DAYLIGHT,,,7/1/2020 10:23:18 AM,False,2142,Accepted,
26861967,0568000,LOUISVILLE METRO POLICE DEPT,Accepted,JEFFERSON,US0031W,,22ND,ST,S,,DUMESNIL,,,,,38.236484531,-85.790363776,18.657,6/26/2020 12:00:00 AM,0528,2,2,0,0,CLEAR,DRY,False,ANGLE COLLISION - OTHER,ANGLE,STRAIGHT & LEVEL,DARK-HWY LIGHTED/ON,,,6/26/2020 8:25:56 AM,False,5282,Accepted,
26870792,0568000,LOUISVILLE METRO POLICE DEPT,Accepted,JEFFERSON,,,MARKET,ST,W,US0031W,22ND,,,,,38.258542428,-85.786562291,0.001,6/26/2020 12:00:00 AM,1157,2,2,0,4,CLEAR,DRY,False,ANGLE COLLISION - OTHER,ANGLE,STRAIGHT & LEVEL,DAYLIGHT,,,6/29/2020 9:35:47 AM,False,5108,Accepted,
26870793,0568000,LOUISVILLE METRO POLICE DEPT,Accepted,JEFFERSON,KY2251,,BARDSTOWN,RD,,,,,,,,38.191976221,-85.646643215,0.170,6/26/2020 12:00:00 AM,1245,2,2,0,0,CLEAR,DRY,False,1 VEHICLE ENTERING/LEAVING ENTRANCE,ANGLE,STRAIGHT & LEVEL,DAYLIGHT,,,6/29/2020 9:35:53 AM,False,7739,Accepted,
26870815,0568000,LOUISVILLE METRO POLICE DEPT,Accepted,JEFFERSON,KY1020,,3RD,ST,S,,CHESTNUT,,,,,38.248835107,-85.756261080,12.290,6/26/2020 12:00:00 AM,2059,2,2,0,0,CLEAR,DRY,False,SIDESWIPE-SAME DIRECTION,SIDESWIPE-SAME DIRECTION,STRAIGHT & LEVEL,DAYLIGHT,,,6/29/2020 9:36:46 AM,False,7111,Accepted,
26870823,0568000,LOUISVILLE METRO POLICE DEPT,Accepted,JEFFERSON,,,SHELBY,ST,S,,,,,,,38.231083209,-85.741883004,0.010,6/26/2020 12:00:00 AM,1706,2,2,0,0,CLEAR,DRY,False,SIDESWIPE COLLISION - SAME DIRECTION,SIDESWIPE-SAME DIRECTION,STRAIGHT & LEVEL,DAYLIGHT,,,6/29/2020 9:37:26 AM,False,5050,Accepted,
26870790,0568000,LOUISVILLE METRO POLICE DEPT,Accepted,JEFFERSON,US0031W,4747,DIXIE,HWY,,,,,,,,38.171963178,-85.825518279,13.602,6/26/2020 12:00:00 AM,1230,2,2,0,0,CLEAR,DRY,False,SIDESWIPE COLLISION - SAME DIRECTION,SIDESWIPE-SAME DIRECTION,STRAIGHT & LEVEL,DAYLIGHT,,,6/29/2020 9:35:38 AM,False,7267,Accepted,
26870798,0568000,LOUISVILLE METRO POLICE DEPT,Accepted,JEFFERSON,US0031E,,BARDSTOWN,RD,,,HEATHER,,,,,38.205572682,-85.666756904,11.562,6/26/2020 12:00:00 AM,1643,2,2,0,0,CLEAR,DRY,True,OTHER INTERSECTION COLLISIONS,REAR END,STRAIGHT & LEVEL,DAYLIGHT,,,6/29/2020 9:36:09 AM,False,7448,Accepted,
26870799,0568000,LOUISVILLE METRO POLICE DEPT,Accepted,JEFFERSON,US0031E,,MAIN,ST,E,,,,HANCOCK,,HANCOCK,38.255196408,-85.743114227,17.304,6/26/2020 12:00:00 AM,1430,2,2,0,0,CLEAR,DRY,True,1 VEHICLE PARKED POSITION (NOT PARKING LOT/DRIVEWAY),SIDESWIPE-SAME DIRECTION,STRAIGHT & LEVEL,DAYLIGHT,,,6/29/2020 9:36:13 AM,False,2403,Accepted,
26870816,0568000,LOUISVILLE METRO POLICE DEPT,Accepted,JEFFERSON,,2119,UPPER HUNTERS,TRCE,,,,,,,,38.167862458,-85.836413383,0.348,6/26/2020 12:00:00 AM,2204,1,1,0,0,CLEAR,DRY,False,COLLISION IN PARKING LOT,SINGLE VEHICLE,STRAIGHT & LEVEL,DARK-HWY LIGHTED/ON,,,6/29/2020 9:36:50 AM,False,5212,Accepted,
26870817,0568000,LOUISVILLE METRO POLICE DEPT,Accepted,JEFFERSON,KY0061,,PRESTON,HWY,,,MCCAWLEY,,,,,38.144753774,-85.690224340,4.426,6/26/2020 12:00:00 AM,1948,2,2,0,1,CLEAR,DRY,True,ANGLE COLLISION - OTHER,ANGLE,STRAIGHT & LEVEL,DAYLIGHT,,,6/29/2020 9:36:54 AM,False,5042,Accepted,
26870818,0568000,LOUISVILLE METRO POLICE DEPT,Accepted,JEFFERSON,,,SOUTHSIDE,DR,,,KENWOOD,,,,,38.179227950,-85.764783416,0.178,6/26/2020 12:00:00 AM,1931,2,2,0,1,CLEAR,DRY,False,OTHER INTERSECTION COLLISIONS,REAR END,STRAIGHT & LEVEL,DAYLIGHT,,,6/29/2020 9:37:00 AM,False,5209,Accepted,
26870831,0568000,LOUISVILLE METRO POLICE DEPT,Accepted,JEFFERSON,,,FLOYD,ST,S,,OAK,,,,,38.234233310,-85.751664769,1.492,6/26/2020 12:00:00 AM,1331,2,2,0,0,CLEAR,DRY,False,ANGLE COLLISION - OTHER,ANGLE,STRAIGHT & LEVEL,DAYLIGHT,,,6/29/2020 9:38:04 AM,False,5111,Accepted,
26879606,0564400,INDIAN HILLS POLICE DEPARTMENT,Accepted,JEFFERSON,US0042,,BROWNSBORO,RD,,,,,HUBBARDS,,MOCCASIN,38.269015615,-85.655967485,4.472,6/26/2020 12:00:00 AM,1200,1,1,0,1,CLEAR,DRY,False,OTHER ROADWAY OR MID-BLOCK COLLISION,SINGLE VEHICLE,STRAIGHT & HILLCREST,DAYLIGHT,,,7/1/2020 10:02:40 AM,False,4422,Accepted,
26861942,0568000,LOUISVILLE METRO POLICE DEPT,Accepted,JEFFERSON,KY1747,3000,FERN VALLEY,RD,,,,,PARAMOUNT PARK,,INDUSTRIAL,38.157001769,-85.708154678,1.321,6/25/2020 12:00:00 AM,1335,2,2,0,1,CLEAR,DRY,False,COLLISION IN PARKING LOT,REAR END,STRAIGHT & LEVEL,DAYLIGHT,,,6/26/2020 8:24:32 AM,False,2324,Accepted,
26861943,0568000,LOUISVILLE METRO POLICE DEPT,Accepted,JEFFERSON,US0060A,,WINKLER,AVE,,KY1020,3RD,,,,,38.210153349,-85.762985105,3.156,6/25/2020 12:00:00 AM,1458,2,2,0,4,CLEAR,DRY,True,OPPOSITE DIRECTION - BOTH VEHICLES GOING STRAIGHT AHEAD,SIDESWIPE-OPPOSITE DIRECTION,STRAIGHT & LEVEL,DAYLIGHT,,,6/26/2020 8:24:35 AM,False,2499,Accepted,
26861965,0568000,LOUISVILLE METRO POLICE DEPT,Accepted,JEFFERSON,KY0155,,TAYLORSVILLE,RD,,KY1932,BRECKENRIDGE,,,,,38.220181967,-85.630487756,13.593,6/25/2020 12:00:00 AM,0633,2,2,0,0,CLEAR,DRY,False,SIDESWIPE-SAME DIRECTION,SIDESWIPE-SAME DIRECTION,STRAIGHT & LEVEL,DAWN,,,6/26/2020 8:25:47 AM,False,7200,Accepted,
26861966,0568000,LOUISVILLE METRO POLICE DEPT,Accepted,JEFFERSON,KY0022,,BROWNSBORO,RD,,,CHAMBERLAIN,,,,,38.312695307,-85.567417322,4.443,6/25/2020 12:00:00 AM,2103,3,3,0,0,CLEAR,DRY,False,OTHER INTERSECTION COLLISIONS,REAR END,STRAIGHT & LEVEL,DARK-HWY LIGHTED/ON,,,6/26/2020 8:25:51 AM,False,7098,Accepted,
26857996,0568000,LOUISVILLE METRO POLICE DEPT,Accepted,JEFFERSON,,,KRAMERS,LN,,KY2051,CAMP GROUND,,,,,38.207369624,-85.849977952,0.804,6/25/2020 12:00:00 AM,0208,2,2,0,1,CLEAR,DRY,False,OTHER INTERSECTION COLLISIONS,REAR END,STRAIGHT & LEVEL,DARK (UNKNOWN ROADWAY LIGHTING),,,6/25/2020 8:34:12 AM,False,5265,Accepted,
26861952,0568000,LOUISVILLE METRO POLICE DEPT,Accepted,JEFFERSON,,,DIXDALE,AVE,,,MCCLOSKEY,,,,,38.221936127,-85.788428924,0.212,6/25/2020 12:00:00 AM,1824,2,2,0,2,CLEAR,DRY,False,ANGLE COLLISION - OTHER,ANGLE,STRAIGHT & LEVEL,DAYLIGHT,,,6/26/2020 8:25:02 AM,False,5208,Accepted,
26861958,0568000,LOUISVILLE METRO POLICE DEPT,Accepted,JEFFERSON,,,LARCHMONT,AVE,,,MONTANA,,,,,38.206957376,-85.778298904,0.113,6/25/2020 12:00:00 AM,1820,2,2,0,0,CLEAR,DRY,False,ANGLE COLLISION - OTHER,ANGLE,STRAIGHT & LEVEL,DAYLIGHT,,,6/26/2020 8:25:24 AM,False,7360,Accepted,
26861959,0568000,LOUISVILLE METRO POLICE DEPT,Accepted,JEFFERSON,KY0864,7916,FEGENBUSH,LN,,,,,,,,38.137818111,-85.614490787,4.309,6/25/2020 12:00:00 AM,1910,2,2,0,0,CLEAR,DRY,True,COLLISION IN PARKING LOT,BACKING,STRAIGHT & LEVEL,DAYLIGHT,,,6/26/2020 8:25:28 AM,False,5270,Accepted,
26861960,0568000,LOUISVILLE METRO POLICE DEPT,Accepted,JEFFERSON,US0150,,BROADWAY,,W,,6TH,,,,,38.246339605,-85.761959769,2.163,6/25/2020 12:00:00 AM,2202,3,3,0,0,CLEAR,DRY,False,OTHER INTERSECTION COLLISIONS,REAR END,STRAIGHT & LEVEL,DARK-HWY LIGHTED/ON,,,6/26/2020 8:25:31 AM,False,7243,Accepted,
26861940,0568000,LOUISVILLE METRO POLICE DEPT,Accepted,JEFFERSON,KY2053,,THIXTON,LN,,,VISTA HILLS,,,,,38.100607354,-85.566659778,7.127,6/25/2020 12:00:00 AM,1220,2,2,0,0,CLOUDY,DRY,False,ANGLE COLLISION - OTHER,ANGLE,STRAIGHT & LEVEL,DAYLIGHT,,,6/26/2020 8:24:25 AM,False,4693,Accepted,
26861941,0568000,LOUISVILLE METRO POLICE DEPT,Accepted,JEFFERSON,KY1747,,HURSTBOURNE,PKWY,,,,,,,,38.163002868,-85.612636966,6.871,6/25/2020 12:00:00 AM,1351,2,2,0,0,CLOUDY,DRY,False,REAR END IN TRAFFIC LANES BOTH VEHICLES MOVING,REAR END,STRAIGHT & LEVEL,DAYLIGHT,,,6/26/2020 8:24:28 AM,False,4693,Accepted,
26861957,0568000,LOUISVILLE METRO POLICE DEPT,Accepted,JEFFERSON,KY3064,,PORTLAND,AVE,,,24TH,,,,,38.270052722,-85.787138938,0.276,6/25/2020 12:00:00 AM,1043,2,2,0,0,CLEAR,DRY,False,ANGLE COLLISION - OTHER,ANGLE,STRAIGHT & LEVEL,DAYLIGHT,,,6/26/2020 8:25:21 AM,False,2854,Accepted,
26953313,0568000,LOUISVILLE METRO POLICE DEPT,Accepted,JEFFERSON,KY1934,,CANE RUN,RD,,,FARNSLEY,,,,,38.202623584,-85.832871264,9.518,6/25/2020 12:00:00 AM,1549,2,2,0,0,CLEAR,DRY,False,OTHER INTERSECTION COLLISIONS,REAR END,STRAIGHT & LEVEL,DAYLIGHT,,,7/20/2020 8:16:07 AM,False,7467,Accepted,
26911624,0568000,LOUISVILLE METRO POLICE DEPT,Accepted,JEFFERSON,US0031W,,DIXIE,HWY,,,RATCLIFFE,,,,,38.219433756,-85.794162668,17.348,6/25/2020 12:00:00 AM,1808,2,2,0,1,CLEAR,DRY,False,REAR END - ONE VEHICLE TURNING LEFT,REAR END,STRAIGHT & LEVEL,DAYLIGHT,,,7/9/2020 8:11:36 AM,False,5280,Accepted,
26870901,0568000,LOUISVILLE METRO POLICE DEPT,Accepted,JEFFERSON,US0060A,,TAYLOR,BLVD,,,CENTRAL,,,,,38.206373401,-85.776201843,2.290,6/25/2020 12:00:00 AM,1806,2,2,0,0,CLEAR,DRY,False,OTHER INTERSECTION COLLISIONS,REAR END,STRAIGHT & LEVEL,DAYLIGHT,,,6/29/2020 9:42:38 AM,False,2499,Accepted,
26874793,0568000,LOUISVILLE METRO POLICE DEPT,Accepted,JEFFERSON,KY1020,8104,NATIONAL,TPKE,,,,,,,,38.133448091,-85.751207029,4.120,6/25/2020 12:00:00 AM,1222,2,2,0,0,CLEAR,DRY,False,COLLISION IN PARKING LOT,BACKING,STRAIGHT & LEVEL,DAYLIGHT,,,6/30/2020 9:06:49 AM,False,7578,Accepted,
26903763,0568000,LOUISVILLE METRO POLICE DEPT,Accepted,JEFFERSON,KY0841,,GENE SNYDER,FWY,,,,,,,,38.318175402,-85.600174352,35.765,6/25/2020 12:00:00 AM,0825,1,1,0,1,CLEAR,DRY,False,RAN OFF ROADWAY (1 VEHICLE WITH/EARTH EMBANKMENT/DITCH),SINGLE VEHICLE,STRAIGHT & LEVEL,DAYLIGHT,,,7/7/2020 2:46:53 PM,False,7751,Accepted,
28056425,0568000,LOUISVILLE METRO POLICE DEPT,Accepted,JEFFERSON,,,7TH,ST,S,,MYRTLE,,,,,38.230584590,-85.767079391,0.919,6/25/2020 12:00:00 AM,0810,2,2,0,0,CLEAR,DRY,False,SIDESWIPE-SAME DIRECTION,SIDESWIPE-SAME DIRECTION,CURVE & GRADE,DAYLIGHT,,,4/26/2021 9:29:15 AM,False,7402,Accepted,
26897158,0568000,LOUISVILLE METRO POLICE DEPT,Accepted,JEFFERSON,,,3RD,ST,S,,TENNY,,,,,38.176932615,-85.767062142,1.512,6/25/2020 12:00:00 AM,1152,2,2,0,0,CLEAR,DRY,False,ANGLE COLLISION - OTHER,ANGLE,STRAIGHT & LEVEL,DAYLIGHT,,,7/6/2020 9:08:32 AM,False,5052,Accepted,
26887693,0568000,LOUISVILLE METRO POLICE DEPT,Accepted,JEFFERSON,KY1819,,BILLTOWN,RD,,,,,,,,38.165526967,-85.568791688,7.083,6/25/2020 12:00:00 AM,1805,2,2,0,1,CLEAR,DRY,False,HEAD-ON COLLISION,HEAD ON,STRAIGHT & LEVEL,DAYLIGHT,,,7/3/2020 9:15:53 AM,False,7573,Accepted,
26874773,0568000,LOUISVILLE METRO POLICE DEPT,Accepted,JEFFERSON,I 0065,,I65 E EXIT12 TRANSIT,,,,,,,,,38.189698080,-85.735271803,0.765,6/25/2020 12:00:00 AM,1537,2,2,0,0,CLEAR,DRY,False,OTHER ROADWAY OR MID-BLOCK COLLISION,REAR END,STRAIGHT & LEVEL,DAYLIGHT,,,6/30/2020 9:05:46 AM,False,8278,Accepted,
26879604,0564400,INDIAN HILLS POLICE DEPARTMENT,Accepted,JEFFERSON,US0042,3919,BROWNSBORO,RD,,,,,,,,38.266260025,-85.664212134,3.984,6/25/2020 12:00:00 AM,0815,1,1,0,0,CLEAR,DRY,False,COLLISION WITH ANIMAL NON INTERSECTION,SINGLE VEHICLE,STRAIGHT & LEVEL,DAYLIGHT,,,7/1/2020 10:02:35 AM,False,4419,Accepted,
26861953,0568000,LOUISVILLE METRO POLICE DEPT,Accepted,JEFFERSON,KY1865,,NEW CUT,RD,,,,,JONES,KY0907,SOUTHSIDE,38.147198692,-85.775541146,2.763,6/25/2020 12:00:00 AM,1157,2,2,0,2,CLEAR,DRY,False,1 VEHICLE ENTERING/LEAVING ENTRANCE,ANGLE,STRAIGHT & LEVEL,DAYLIGHT,,,6/26/2020 8:25:06 AM,False,7768,Accepted,
26861961,0568000,LOUISVILLE METRO POLICE DEPT,Accepted,JEFFERSON,KY1865,,TAYLOR,BLVD,,I 0264,I264 E EXIT9 ON RAMP FROM KY1865 N,,,,,38.186649872,-85.783788739,5.531,6/25/2020 12:00:00 AM,2259,2,2,0,1,CLEAR,DRY,False,OPPOSING LEFT TURN,OPPOSING LEFT TURN,STRAIGHT & LEVEL,DARK-HWY LIGHTED/ON,,,6/26/2020 8:25:34 AM,False,7426,Accepted,
26861963,0568000,LOUISVILLE METRO POLICE DEPT,Accepted,JEFFERSON,US0031W,,22ND,ST,S,,DATE,,,,,38.243098460,-85.789298006,19.128,6/25/2020 12:00:00 AM,2303,1,1,0,0,CLEAR,DRY,False,COLLISION WITH FIXED OBJECT IN INTERSECTION - FIRST EVENT COLLISION 09 - 32,SINGLE VEHICLE,STRAIGHT & LEVEL,DARK-HWY LIGHTED/ON,,,6/26/2020 8:25:41 AM,False,5290,Accepted,
26861937,0568000,LOUISVILLE METRO POLICE DEPT,Accepted,JEFFERSON,KY1932,136,BRECKENRIDGE,LN,,,,,WILLIS,US0060,SHELBYVILLE,38.252749202,-85.655265294,5.516,6/25/2020 12:00:00 AM,0824,3,3,0,0,CLEAR,DRY,True,COLLISION IN PARKING LOT,ANGLE,STRAIGHT & LEVEL,DAYLIGHT,,,6/26/2020 8:24:11 AM,False,7128,Accepted,
26861945,0568000,LOUISVILLE METRO POLICE DEPT,Accepted,JEFFERSON,KY1931,7353,ST ANDREWS CHURCH,RD,,,,,,,,38.153844841,-85.803877573,5.332,6/25/2020 12:00:00 AM,0721,2,2,0,0,CLEAR,DRY,False,1 VEHICLE PARKED POSITION (NOT PARKING LOT/DRIVEWAY),ANGLE,CURVE & LEVEL,DAYLIGHT,,,6/26/2020 8:24:42 AM,False,7177,Accepted,
26861946,0568000,LOUISVILLE METRO POLICE DEPT,Accepted,JEFFERSON,I 0264,,I264 W,,,,,,,,,38.201099027,-85.694496787,14.202,6/25/2020 12:00:00 AM,1553,2,2,0,0,CLEAR,DRY,False,SIDESWIPE COLLISION - SAME DIRECTION,SIDESWIPE-SAME DIRECTION,STRAIGHT & GRADE,DAYLIGHT,,,6/26/2020 8:24:45 AM,False,6813,Accepted,
26861947,0568000,LOUISVILLE METRO POLICE DEPT,Accepted,JEFFERSON,KY0061,,PRESTON,HWY,,,VIM,,,,,38.172071196,-85.710031023,6.635,6/25/2020 12:00:00 AM,1543,2,2,0,0,CLEAR,DRY,False,OTHER INTERSECTION COLLISIONS,REAR END,STRAIGHT & LEVEL,DAYLIGHT,,,6/26/2020 8:24:49 AM,False,5019,Accepted,
26861948,0568000,LOUISVILLE METRO POLICE DEPT,Accepted,JEFFERSON,,6008,ASHBY,LN,,,,,,,,38.105023653,-85.875286947,0.339,6/25/2020 12:00:00 AM,1622,1,1,0,0,CLEAR,DRY,False,OTHER COLLISIONS ON SHOULDER,SINGLE VEHICLE,STRAIGHT & LEVEL,DAYLIGHT,,,6/26/2020 8:24:52 AM,False,2936,Accepted,
26857994,0568000,LOUISVILLE METRO POLICE DEPT,Accepted,JEFFERSON,,,7TH,ST,S,,ZANE,,,,,38.238850626,-85.764546524,1.492,6/24/2020 12:00:00 AM,1908,2,2,0,2,CLEAR,DRY,False,ANGLE COLLISION - OTHER,ANGLE,STRAIGHT & LEVEL,DAYLIGHT,,,6/25/2020 8:34:03 AM,False,5230,Accepted,
26857995,0568000,LOUISVILLE METRO POLICE DEPT,Accepted,JEFFERSON,KY1865,,NEW CUT,RD,,,,,HAMPTON PLACE,,BROWN AUSTIN,38.112754818,-85.768594735,0.116,6/24/2020 12:00:00 AM,2337,2,2,0,0,CLEAR,DRY,False,REAR END IN TRAFFIC LANES BOTH VEHICLES MOVING,REAR END,STRAIGHT & LEVEL,DARK (UNKNOWN ROADWAY LIGHTING),,,6/25/2020 8:34:07 AM,False,5121,Accepted,
26858363,0561500,UNIV. OF LOUISVILLE POLICE,Accepted,JEFFERSON,,,CARDINAL,BLVD,W,KY1020,3RD,,,,,38.220513812,-85.761194900,0.179,6/24/2020 12:00:00 AM,1956,2,2,0,0,CLEAR,DRY,False,OTHER INTERSECTION COLLISIONS,REAR END,STRAIGHT & LEVEL,DAYLIGHT,,,6/25/2020 10:03:13 AM,False,5690,Accepted,
26857977,0568000,LOUISVILLE METRO POLICE DEPT,Accepted,JEFFERSON,,,7TH,ST,S,,SHIPP,,,,,38.226262080,-85.769297946,0.613,6/24/2020 12:00:00 AM,1253,2,2,0,0,CLEAR,DRY,False,ANGLE COLLISION - OTHER,ANGLE,STRAIGHT & LEVEL,DAYLIGHT,,,6/25/2020 8:33:22 AM,False,7360,Accepted,
26857987,0568000,LOUISVILLE METRO POLICE DEPT,Accepted,JEFFERSON,,5310,MITSCHER,AVE,,,,,,,,38.170441268,-85.770378755,0.095,6/24/2020 12:00:00 AM,0842,2,2,0,0,CLEAR,DRY,True,1 VEHICLE PARKED POSITION (NOT PARKING LOT/DRIVEWAY),HEAD ON,CURVE & LEVEL,DAYLIGHT,,,6/25/2020 8:33:32 AM,False,7667,Accepted,
26854711,0568000,LOUISVILLE METRO POLICE DEPT,Accepted,JEFFERSON,,,RIVER PARK,DR,,I 0264,I264 E EXIT2 ON RAMP FROM  RIVER PARK DR,,,,,38.254331232,-85.806399920,1.127,6/24/2020 12:00:00 AM,0445,2,2,0,2,CLEAR,DRY,False,ANGLE COLLISION - OTHER,ANGLE,CURVE & LEVEL,DAWN,,,6/24/2020 12:29:51 PM,False,5164,Accepted,