IncidentID,AgencyORI,AgencyName,IncidentStatusDesc,County,RdwyNumber,Street,RoadwayName,StreetSfx,StreetDir,IntersectionRdwy,IntersectionRdwyName,BetweenStRdwy1,BetweenStRdwyName1,BetweenStRdwy2,BetweenStRdwyName2,Latitude,Longitude,Milepoint,CollisionDate,CollisionTime,UnitsInvolved,MotorVehiclesInvolved,NumberKilled,NumberInjured,Weather,RdwyConditionCode,HitandRun,DirAnalysisCode,MannerofCollision,RdwyCharacter,LightCondition,RampFromRdwyId,RampToRdwyId,AcceptedDate,IsSecondaryCollision,OwnerBadge,IncidentStatus,
26857967,0568000,LOUISVILLE METRO POLICE DEPT,Accepted,JEFFERSON,KY2317,10900,BARRICKS,RD,,,,,,,,38.088155675,-85.701822950,0.123,6/24/2020 12:00:00 AM,1221,1,1,0,2,CLEAR,DRY,False,OTHER COLLISIONS ON SHOULDER,SINGLE VEHICLE,STRAIGHT & LEVEL,DAYLIGHT,,,6/25/2020 8:32:47 AM,False,7989,Accepted,
26857975,0568000,LOUISVILLE METRO POLICE DEPT,Accepted,JEFFERSON,I 0264,,I264 E,,,,,,,,,38.203991354,-85.682977321,14.862,6/24/2020 12:00:00 AM,1739,2,2,0,0,CLEAR,DRY,False,SIDESWIPE COLLISION - SAME DIRECTION,SIDESWIPE-SAME DIRECTION,CURVE & LEVEL,DAYLIGHT,,,6/25/2020 8:33:14 AM,False,5119,Accepted,
26857976,0568000,LOUISVILLE METRO POLICE DEPT,Accepted,JEFFERSON,KY1819,,BILLTOWN,RD,,,,,MARY DELL,KY1065,LOVERS,38.166855478,-85.569784626,7.190,6/24/2020 12:00:00 AM,1139,2,2,0,2,CLEAR,DRY,False,OTHER ROADWAY OR MID-BLOCK COLLISION,REAR END,STRAIGHT & LEVEL,DAYLIGHT,,,6/25/2020 8:33:18 AM,False,6337,Accepted,
26861939,0568000,LOUISVILLE METRO POLICE DEPT,Accepted,JEFFERSON,,,RUSSETT,BLVD,,,REVERE,,,,,38.165687713,-85.667298073,0.061,6/24/2020 12:00:00 AM,1315,2,2,0,0,CLEAR,DRY,False,VEHICLE BACKING IN INTERSECTION,BACKING,STRAIGHT & LEVEL,DAYLIGHT,,,6/26/2020 8:24:22 AM,False,7879,Accepted,
26874771,0568000,LOUISVILLE METRO POLICE DEPT,Accepted,JEFFERSON,KY1865,,NEW CUT,RD,,,,,PARK,,IROQUOIS GARDENS,38.154687985,-85.777276131,3.293,6/24/2020 12:00:00 AM,1921,2,2,0,0,CLOUDY,DRY,False,SIDESWIPE COLLISION - SAME DIRECTION,SIDESWIPE-SAME DIRECTION,STRAIGHT & LEVEL,DAYLIGHT,,,6/30/2020 9:05:39 AM,False,7232,Accepted,
26887707,0568000,LOUISVILLE METRO POLICE DEPT,Accepted,JEFFERSON,,,BRADLEY,AVE,,,LOCUST,,,,,38.207282906,-85.745349674,0.841,6/24/2020 12:00:00 AM,0040,1,1,0,1,CLEAR,DRY,False,COLLISION WITH FIXED OBJECT IN INTERSECTION - FIRST EVENT COLLISION 09 - 32,SINGLE VEHICLE,CURVE & LEVEL,DARK-HWY LIGHTED/ON,,,7/3/2020 9:16:39 AM,False,7972,Accepted,
26857969,0568000,LOUISVILLE METRO POLICE DEPT,Accepted,JEFFERSON,KY1727,,TERRY,RD,,,WESTSHIRE,,,,,38.134270327,-85.873686467,0.865,6/24/2020 12:00:00 AM,1456,3,3,0,2,CLEAR,DRY,False,OPPOSING LEFT TURN,OPPOSING LEFT TURN,STRAIGHT & LEVEL,DAYLIGHT,,,6/25/2020 8:32:51 AM,False,7149,Accepted,
26857970,0568000,LOUISVILLE METRO POLICE DEPT,Accepted,JEFFERSON,US0060,,FRANKFORT,AVE,,,RESERVOIR,,,,,38.254486245,-85.680822784,2.165,6/24/2020 12:00:00 AM,1030,2,1,0,0,CLEAR,DRY,False,COLLISION WITH PEDESTRIAN IN INTERSECTION,SINGLE VEHICLE,STRAIGHT & LEVEL,DAYLIGHT,,,6/25/2020 8:32:55 AM,False,2673,Accepted,
26857952,0568000,LOUISVILLE METRO POLICE DEPT,Accepted,JEFFERSON,,,APPLEGATE,LN,,,JOYCE,,,,,38.134390598,-85.650896765,0.439,6/24/2020 12:00:00 AM,1052,2,2,0,4,CLOUDY,DRY,False,ANGLE COLLISION - OTHER,ANGLE,STRAIGHT & LEVEL,DAYLIGHT,,,6/25/2020 8:32:16 AM,False,4693,Accepted,
26902137,0568000,LOUISVILLE METRO POLICE DEPT,Accepted,JEFFERSON,US0060A,,3RD,ST,S,,,US0060A,WINKLER,US0060A,EASTERN,38.213035037,-85.762443955,3.359,6/24/2020 12:00:00 AM,1346,1,1,0,0,CLEAR,DRY,False,OTHER ROADWAY OR MID-BLOCK COLLISION,SINGLE VEHICLE,STRAIGHT & LEVEL,DAYLIGHT,,,7/7/2020 8:30:32 AM,False,7400,Accepted,
26897181,0568000,LOUISVILLE METRO POLICE DEPT,Accepted,JEFFERSON,KY1727,,TERRY,RD,,,SONNETTE,,,,,38.146695707,-85.871462421,1.733,6/24/2020 12:00:00 AM,1335,2,2,0,1,CLEAR,DRY,False,OTHER INTERSECTION COLLISIONS,REAR END,STRAIGHT & LEVEL,DAYLIGHT,,,7/6/2020 9:09:56 AM,False,5100,Accepted,
27022109,0568000,LOUISVILLE METRO POLICE DEPT,Accepted,JEFFERSON,,,CENTRAL,AVE,,,LINDBERGH,,,,,38.212810754,-85.781113039,1.547,6/24/2020 12:00:00 AM,0510,2,2,0,1,CLEAR,DRY,False,ANGLE COLLISION - OTHER,ANGLE,STRAIGHT & LEVEL,DARK-HWY LIGHTED/ON,,,7/31/2020 8:12:05 AM,False,5287,Accepted,
26857972,0568000,LOUISVILLE METRO POLICE DEPT,Accepted,JEFFERSON,,,MCCAWLEY,RD,,,JEFFERSON,,,,,38.143777688,-85.674920785,0.837,6/24/2020 12:00:00 AM,1656,2,2,0,1,CLEAR,DRY,False,ANGLE COLLISION - OTHER,ANGLE,STRAIGHT & LEVEL,DAYLIGHT,,,6/25/2020 8:33:03 AM,False,5026,Accepted,
26857973,0568000,LOUISVILLE METRO POLICE DEPT,Accepted,JEFFERSON,KY1934,,GREENBELT,HWY,,,JOHNSONTOWN,,,,,38.116456359,-85.894869996,2.304,6/24/2020 12:00:00 AM,1445,2,2,0,1,CLEAR,DRY,False,ANGLE COLLISION - OTHER,ANGLE,STRAIGHT & LEVEL,DAYLIGHT,,,6/25/2020 8:33:07 AM,False,7356,Accepted,
26857971,0568000,LOUISVILLE METRO POLICE DEPT,Accepted,JEFFERSON,US0060A,,BERRY,BLVD,,US0060A,7TH ST,,,,,38.196799486,-85.798628670,0.612,6/24/2020 12:00:00 AM,1500,2,2,0,0,CLEAR,DRY,True,OPPOSITE DIRECTION - BOTH VEHICLES GOING STRAIGHT AHEAD,SIDESWIPE-OPPOSITE DIRECTION,STRAIGHT & LEVEL,DAYLIGHT,,,6/25/2020 8:32:59 AM,False,7298,Accepted,
26857981,0568000,LOUISVILLE METRO POLICE DEPT,Accepted,JEFFERSON,I 0064,,,,,,,,,,,38.256265090,-85.765501065,0.020,6/24/2020 12:00:00 AM,1246,2,2,0,0,CLEAR,DRY,False,OTHER ROADWAY OR MID-BLOCK COLLISION,REAR END,STRAIGHT & GRADE,DAYLIGHT,I 0064,US31W,6/25/2020 8:33:27 AM,False,7969,Accepted,
26857989,0568000,LOUISVILLE METRO POLICE DEPT,Accepted,JEFFERSON,,,JEFFERSON,ST,E,,,,,,,38.253171887,-85.750606763,0.950,6/24/2020 12:00:00 AM,2000,2,2,0,2,CLEAR,DRY,False,1 VEHICLE ENTERING/LEAVING ENTRANCE,ANGLE,STRAIGHT & LEVEL,DAYLIGHT,,,6/25/2020 8:33:39 AM,False,5154,Accepted,
26857990,0568000,LOUISVILLE METRO POLICE DEPT,Accepted,JEFFERSON,I 0065,,I65 N,,,,,,,,,38.123891466,-85.701801883,125.774,6/24/2020 12:00:00 AM,2041,1,1,0,0,CLEAR,DRY,False,RAN OFF ROADWAY (1 VEHICLE WITH/EARTH EMBANKMENT/DITCH),SINGLE VEHICLE,STRAIGHT & LEVEL,DARK-HWY LIGHTED/ON,,,6/25/2020 8:33:46 AM,False,7016,Accepted,
26857991,0568000,LOUISVILLE METRO POLICE DEPT,Accepted,JEFFERSON,US0031W,,DIXIE,HWY,,KY1849,MOORMAN,,,,,38.085438523,-85.879908156,6.932,6/24/2020 12:00:00 AM,2228,3,3,0,3,CLEAR,DRY,False,ANGLE COLLISION - OTHER,ANGLE,STRAIGHT & LEVEL,DARK-HWY LIGHTED/OFF,,,6/25/2020 8:33:51 AM,False,7277,Accepted,
26870825,0568000,LOUISVILLE METRO POLICE DEPT,Accepted,JEFFERSON,,,ST CATHERINE,ST,E,,,,,,,38.235091555,-85.738314959,0.380,6/24/2020 12:00:00 AM,0030,3,3,0,0,CLEAR,DRY,False,1 VEHICLE PARKED POSITION (NOT PARKING LOT/DRIVEWAY),SIDESWIPE-SAME DIRECTION,STRAIGHT & LEVEL,DARK-HWY NOT LIGHTED,,,6/29/2020 9:37:38 AM,False,5196,Accepted,
26854707,0568000,LOUISVILLE METRO POLICE DEPT,Accepted,JEFFERSON,,4700B,SOUTHERN PKWY FRONTAGE RD 2,,,,,,,,,38.180716363,-85.769680864,0.076,6/24/2020 12:00:00 AM,0151,3,3,0,0,CLEAR,DRY,True,1 VEHICLE PARKED POSITION (NOT PARKING LOT/DRIVEWAY),HEAD ON,STRAIGHT & LEVEL,DARK-HWY LIGHTED/ON,,,6/24/2020 12:29:37 PM,False,7963,Accepted,
26856033,0560400,SHIVELY POLICE DEPARTMENT,Accepted,JEFFERSON,I 0264,,,,,,,,,,,38.186868566,-85.811641942,0.387,6/24/2020 12:00:00 AM,0853,2,2,0,0,CLEAR,DRY,True,OTHER RAMP RELATED COLLISIONS NOT LISTED ABOVE,SIDESWIPE-SAME DIRECTION,CURVE & GRADE,DAYLIGHT,I 0264,US31W N,6/24/2020 6:13:37 PM,False,7105,Accepted,
26854706,0568000,LOUISVILLE METRO POLICE DEPT,Accepted,JEFFERSON,US0031W,,DIXIE,HWY,,US0031W,US31W S RAMP TO KY1934,,,,,38.091033863,-85.876645380,7.358,6/23/2020 12:00:00 AM,2100,2,2,0,0,CLEAR,DRY,True,SIDESWIPE-SAME DIRECTION,SIDESWIPE-SAME DIRECTION,STRAIGHT & LEVEL,DARK-HWY LIGHTED/ON,,,6/24/2020 12:29:33 PM,False,7072,Accepted,
26854712,0568000,LOUISVILLE METRO POLICE DEPT,Accepted,JEFFERSON,,,SHELBURNE,CIR,,,HUMBOLDT,,,,,38.222277640,-85.767172490,0.214,6/23/2020 12:00:00 AM,0251,2,2,0,0,CLEAR,DRY,False,COLLISION WITH PARKED VEHICLE,BACKING,STRAIGHT & LEVEL,DARK-HWY LIGHTED/ON,,,6/24/2020 12:29:55 PM,False,5196,Accepted,
26854713,0568000,LOUISVILLE METRO POLICE DEPT,Accepted,JEFFERSON,KY0061,,PRESTON,HWY,,,PINECROFT,,,,,38.134430110,-85.684520281,3.665,6/23/2020 12:00:00 AM,1423,2,2,0,2,CLOUDY,DRY,False,ANGLE COLLISION - OTHER,ANGLE,STRAIGHT & LEVEL,DAYLIGHT,,,6/24/2020 12:29:59 PM,False,4693,Accepted,
26854714,0568000,LOUISVILLE METRO POLICE DEPT,Accepted,JEFFERSON,KY0061,,PRESTON,HWY,,,,,,,,38.134352927,-85.684480530,3.659,6/23/2020 12:00:00 AM,1423,2,2,0,0,CLOUDY,DRY,False,1 VEHICLE ENTERING/LEAVING ENTRANCE,ANGLE,STRAIGHT & LEVEL,DAYLIGHT,,,6/24/2020 12:30:03 PM,False,4693,Accepted,
26849785,0568000,LOUISVILLE METRO POLICE DEPT,Accepted,JEFFERSON,US0031E,,MARKET,ST,E,,,,,,,38.254648559,-85.751341411,17.641,6/23/2020 12:00:00 AM,0604,2,2,0,1,CLEAR,DRY,False,1 VEHICLE ENTERING/LEAVING ENTRANCE,ANGLE,STRAIGHT & LEVEL,DAYLIGHT,,,6/23/2020 8:42:57 AM,False,5271,Accepted,
26854687,0568000,LOUISVILLE METRO POLICE DEPT,Accepted,JEFFERSON,I 0071,,I71 S,,,,,,,,,38.316451926,-85.578694321,9.289,6/23/2020 12:00:00 AM,1130,2,2,0,3,CLEAR,DRY,True,REAR END IN TRAFFIC LANES BOTH VEHICLES MOVING,REAR END,STRAIGHT & LEVEL,DAYLIGHT,,,6/24/2020 12:28:34 PM,False,2489,Accepted,
26854688,0568000,LOUISVILLE METRO POLICE DEPT,Accepted,JEFFERSON,,4740,CHAMBERLAIN,LN,,,,,,,,38.312563670,-85.567442141,4.035,6/23/2020 12:00:00 AM,1136,1,1,0,0,CLOUDY,DRY,False,COLLISION IN PARKING LOT,SINGLE VEHICLE,STRAIGHT & LEVEL,DAYLIGHT,,,6/24/2020 12:28:37 PM,False,7355,Accepted,
26854689,0568000,LOUISVILLE METRO POLICE DEPT,Accepted,JEFFERSON,I 0265,,I265 E,,,,,,,,,38.112111268,-85.690743185,10.862,6/23/2020 12:00:00 AM,1530,1,1,0,0,CLEAR,DRY,False,COLLISION WITH FIXED OBJECT NON - INTERSECTION - FIRST EVENT COLLISION 09 - 32 EXCLUDING 16,SINGLE VEHICLE,STRAIGHT & LEVEL,DAYLIGHT,,,6/24/2020 12:28:40 PM,False,7955,Accepted,
26854695,0568000,LOUISVILLE METRO POLICE DEPT,Accepted,JEFFERSON,I 0264,,I264 W,,,,,,,,,38.230450516,-85.821200229,3.485,6/23/2020 12:00:00 AM,1603,1,1,0,1,CLEAR,DRY,True,OTHER ROADWAY OR MID-BLOCK COLLISION,SINGLE VEHICLE,CURVE & LEVEL,DAYLIGHT,,,6/24/2020 12:29:00 PM,False,7460,Accepted,
26854696,0568000,LOUISVILLE METRO POLICE DEPT,Accepted,JEFFERSON,,,JEFFERSON,ST,E,,1ST,,,,,38.253328106,-85.752124796,1.046,6/23/2020 12:00:00 AM,1715,2,2,0,0,CLEAR,DRY,False,ANGLE COLLISION - OTHER,ANGLE,STRAIGHT & LEVEL,DAYLIGHT,,,6/24/2020 12:29:03 PM,False,2403,Accepted,
26854697,0568000,LOUISVILLE METRO POLICE DEPT,Accepted,JEFFERSON,I 0264,,I264 W,,,,,,,,,38.288428554,-85.647533067,22.863,6/23/2020 12:00:00 AM,1712,2,2,0,0,CLEAR,DRY,True,SIDESWIPE COLLISION - SAME DIRECTION,SIDESWIPE-SAME DIRECTION,STRAIGHT & LEVEL,DAYLIGHT,,,6/24/2020 12:29:06 PM,False,7433,Accepted,
26854698,0568000,LOUISVILLE METRO POLICE DEPT,Accepted,JEFFERSON,,,BROADWAY,,W,,28TH,,,,,38.249605347,-85.798254553,0.546,6/23/2020 12:00:00 AM,1705,2,1,0,0,CLEAR,DRY,True,COLLISION WITH BICYCLE IN INTERSECTION,SINGLE VEHICLE,STRAIGHT & LEVEL,DAYLIGHT,,,6/24/2020 12:29:10 PM,False,7361,Accepted,
26849783,0568000,LOUISVILLE METRO POLICE DEPT,Accepted,JEFFERSON,KY0841,,,,,,,,,,,38.120819062,-85.779981588,0.201,6/23/2020 12:00:00 AM,0535,1,1,0,0,RAINING,WET,False,COLLISION WITH FIXED OBJECT NON - INTERSECTION - FIRST EVENT COLLISION 09 - 32 EXCLUDING 16,SINGLE VEHICLE,STRAIGHT & GRADE,DAWN,KY1865,KY0841,6/23/2020 8:42:50 AM,False,5209,Accepted,
26858482,0568000,LOUISVILLE METRO POLICE DEPT,Accepted,JEFFERSON,I 0064,,I64 E,,,,,,,,,38.258701358,-85.765112374,4.057,6/23/2020 12:00:00 AM,0933,1,1,0,0,RAINING,WET,False,OTHER COLLISIONS ON SHOULDER,SINGLE VEHICLE,CURVE & GRADE,DAYLIGHT,,,6/25/2020 10:36:25 AM,False,7772,Accepted,
26854682,0568000,LOUISVILLE METRO POLICE DEPT,Accepted,JEFFERSON,,3517,POWELL,AVE,,,,,,,,38.197292659,-85.790189127,0.299,6/23/2020 12:00:00 AM,1011,2,2,0,1,RAINING,WET,False,1 VEHICLE ENTERING/LEAVING ENTRANCE,ANGLE,STRAIGHT & LEVEL,DAYLIGHT,,,6/24/2020 12:28:13 PM,False,7433,Accepted,
26854699,0568000,LOUISVILLE METRO POLICE DEPT,Accepted,JEFFERSON,,,MAIN,ST,W,,,,,,,38.260743020,-85.793628472,0.395,6/23/2020 12:00:00 AM,1010,2,2,0,2,CLEAR,DRY,False,1 VEHICLE PARKED POSITION (NOT PARKING LOT/DRIVEWAY),REAR END,STRAIGHT & LEVEL,DAYLIGHT,,,6/24/2020 12:29:13 PM,False,7288,Accepted,
26925210,0568000,LOUISVILLE METRO POLICE DEPT,Accepted,JEFFERSON,KY2048,,CANNONS,LN,,,WINCHESTER,,,,,38.238059790,-85.659291163,1.450,6/23/2020 12:00:00 AM,1532,2,2,0,0,CLEAR,DRY,False,ANGLE COLLISION - ONE VEHICLE TURNING LEFT,ANGLE,STRAIGHT & LEVEL,DAYLIGHT,,,7/13/2020 9:22:36 AM,False,7180,Accepted,
26870891,0568000,LOUISVILLE METRO POLICE DEPT,Accepted,JEFFERSON,KY1931,3640,MANSLICK,RD,,,,,,,,38.192844791,-85.800874192,8.189,6/23/2020 12:00:00 AM,0013,1,1,0,0,RAINING,WATER (STANDING OR MOVING),False,COLLISION WITH FIXED OBJECT NON - INTERSECTION - FIRST EVENT COLLISION 09 - 32 EXCLUDING 16,SINGLE VEHICLE,STRAIGHT & LEVEL,DARK-HWY LIGHTED/ON,,,6/29/2020 9:42:04 AM,False,5287,Accepted,
27014211,0568000,LOUISVILLE METRO POLICE DEPT,Accepted,JEFFERSON,I 0071,,I71 N,,,,,,,,,38.299256647,-85.619756060,6.736,6/23/2020 12:00:00 AM,0530,6,6,0,2,CLEAR,DRY,False,REAR END IN TRAFFIC LANES BOTH VEHICLES MOVING,REAR END,STRAIGHT & LEVEL,DARK-HWY LIGHTED/ON,,,7/29/2020 2:50:44 PM,False,7785,Accepted,
26854703,0568000,LOUISVILLE METRO POLICE DEPT,Accepted,JEFFERSON,KY0061,420,BRANDEIS,AVE,E,,,,,,,38.218758910,-85.750153090,10.794,6/23/2020 12:00:00 AM,0244,2,2,0,0,CLOUDY,WET,False,1 VEHICLE PARKED POSITION (NOT PARKING LOT/DRIVEWAY),REAR END,STRAIGHT & LEVEL,DARK (UNKNOWN ROADWAY LIGHTING),,,6/24/2020 12:29:26 PM,False,5050,Accepted,
26849779,0568000,LOUISVILLE METRO POLICE DEPT,Accepted,JEFFERSON,,,REAMERS,RD,,,,,ROCK BAY,,BLUE TEAL,38.297616085,-85.499776415,0.356,6/23/2020 12:00:00 AM,0336,1,1,0,0,CLOUDY,DRY,False,COLLISION WITH FIXED OBJECT NON - INTERSECTION - FIRST EVENT COLLISION 09 - 32 EXCLUDING 16,SINGLE VEHICLE,CURVE & GRADE,DARK-HWY NOT LIGHTED,,,6/23/2020 8:42:35 AM,False,6931,Accepted,
26854692,0568000,LOUISVILLE METRO POLICE DEPT,Accepted,JEFFERSON,,,RIVER PARK,DR,,,36TH,,,,,38.254951168,-85.811834230,0.829,6/23/2020 12:00:00 AM,1332,2,2,0,0,CLEAR,DRY,False,COLLISION WITH PARKED VEHICLE,SIDESWIPE-SAME DIRECTION,STRAIGHT & LEVEL,DAYLIGHT,,,6/24/2020 12:28:50 PM,False,5003,Accepted,
26849787,0568000,LOUISVILLE METRO POLICE DEPT,Accepted,JEFFERSON,,1040,6TH,ST,S,,,,,,,38.238518230,-85.763119727,1.263,6/23/2020 12:00:00 AM,0611,2,2,0,0,RAINING,WET,False,1 VEHICLE PARKED POSITION (NOT PARKING LOT/DRIVEWAY),HEAD ON,STRAIGHT & LEVEL,DAWN,,,6/23/2020 8:43:01 AM,False,5217,Accepted,
26849788,0568000,LOUISVILLE METRO POLICE DEPT,Accepted,JEFFERSON,I 0064,,I64 E,,,,,,,,,38.266437953,-85.779246696,3.064,6/23/2020 12:00:00 AM,0653,1,1,0,1,RAINING,WET,False,OTHER ROADWAY OR MID-BLOCK COLLISION,SINGLE VEHICLE,CURVE & LEVEL,DAWN,,,6/23/2020 8:43:04 AM,False,7325,Accepted,
26850898,0561000,JEFFERSONTOWN POLICE DEPT,Accepted,JEFFERSON,,4909,STONY BROOK,DR,,,,,,,,38.175565840,-85.598910037,0.430,6/23/2020 12:00:00 AM,1008,1,1,0,0,RAINING,WET,False,OTHER ROADWAY OR MID-BLOCK COLLISION,SINGLE VEHICLE,CURVE & LEVEL,DAYLIGHT,,,6/23/2020 1:44:25 PM,False,8309,Accepted,
26854684,0568000,LOUISVILLE METRO POLICE DEPT,Accepted,JEFFERSON,,3036,WILSON,AVE,,,,,,,,38.225672751,-85.808098448,2.069,6/23/2020 12:00:00 AM,1137,1,1,0,0,CLOUDY,DRY,True,COLLISION WITH FIXED OBJECT NON - INTERSECTION - FIRST EVENT COLLISION 09 - 32 EXCLUDING 16,SINGLE VEHICLE,STRAIGHT & LEVEL,DAYLIGHT,,,6/24/2020 12:28:22 PM,False,7656,Accepted,
26870786,0568000,LOUISVILLE METRO POLICE DEPT,Accepted,JEFFERSON,KY0907,7400,3RD ST,RD,,KY1865,NEW CUT,,,,,38.145801359,-85.775368356,6.304,6/23/2020 12:00:00 AM,1230,2,2,0,0,CLEAR,DRY,False,OTHER INTERSECTION COLLISIONS,REAR END,STRAIGHT & LEVEL,DAYLIGHT,,,6/29/2020 9:35:21 AM,False,7080,Accepted,
26870788,0568000,LOUISVILLE METRO POLICE DEPT,Accepted,JEFFERSON,,,CHESTNUT,ST,W,,19TH,,,,,38.251659184,-85.782709734,0.998,6/23/2020 12:00:00 AM,1616,2,2,0,1,CLEAR,DRY,False,ANGLE COLLISION - OTHER,ANGLE,STRAIGHT & LEVEL,DAYLIGHT,,,6/29/2020 9:35:27 AM,False,7805,Accepted,
26870821,0568000,LOUISVILLE METRO POLICE DEPT,Accepted,JEFFERSON,,,SPRINGDALE,RD,,,,,,,,38.316762206,-85.591928910,1.331,6/23/2020 12:00:00 AM,0030,1,1,0,0,RAINING,WATER (STANDING OR MOVING),False,COLLISION WITH FIXED OBJECT NON - INTERSECTION - FIRST EVENT COLLISION 09 - 32 EXCLUDING 16,SINGLE VEHICLE,CURVE & LEVEL,DARK-HWY LIGHTED/ON,,,6/29/2020 9:37:16 AM,False,7785,Accepted,
26854710,0568000,LOUISVILLE METRO POLICE DEPT,Accepted,JEFFERSON,I 0064,,I64 E,,,,,,,,,38.258701358,-85.765112374,4.057,6/23/2020 12:00:00 AM,0935,3,2,0,1,RAINING,WET,False,1 VEHICLE PARKED POSITION (NOT PARKING LOT/DRIVEWAY),SIDESWIPE-SAME DIRECTION,CURVE & GRADE,DAYLIGHT,,,6/24/2020 12:29:48 PM,False,7772,Accepted,
26854694,0568000,LOUISVILLE METRO POLICE DEPT,Accepted,JEFFERSON,,,1ST,ST,S,,KENWOOD,,,,,38.179112401,-85.763294473,4.008,6/23/2020 12:00:00 AM,1619,2,2,0,1,CLEAR,DRY,True,ANGLE COLLISION - OTHER,ANGLE,STRAIGHT & LEVEL,DAYLIGHT,,,6/24/2020 12:28:57 PM,False,7048,Accepted,
26854700,0568000,LOUISVILLE METRO POLICE DEPT,Accepted,JEFFERSON,US0060A,,TAYLOR,BLVD,,,CLARA,,,,,38.200333335,-85.782590787,1.770,6/23/2020 12:00:00 AM,1611,3,3,0,2,CLEAR,DRY,True,OTHER INTERSECTION COLLISIONS,REAR END,STRAIGHT & LEVEL,DAYLIGHT,,,6/24/2020 12:29:19 PM,False,7472,Accepted,
26854702,0568000,LOUISVILLE METRO POLICE DEPT,Accepted,JEFFERSON,KY1931,7441,ST ANDREWS CHURCH,RD,,,,,,,,38.152070644,-85.818830224,4.455,6/23/2020 12:00:00 AM,1130,2,2,0,0,CLEAR,DRY,False,1 VEHICLE PARKED POSITION (NOT PARKING LOT/DRIVEWAY),ANGLE,STRAIGHT & LEVEL,DAYLIGHT,,,6/24/2020 12:29:22 PM,False,7267,Accepted,
26854708,0568000,LOUISVILLE METRO POLICE DEPT,Accepted,JEFFERSON,,,GARLAND,AVE,,,38TH,,,,,38.246391095,-85.815083156,2.596,6/23/2020 12:00:00 AM,2028,2,2,0,0,CLEAR,DRY,False,OTHER INTERSECTION COLLISIONS,REAR END,STRAIGHT & LEVEL,DAYLIGHT,,,6/24/2020 12:29:40 PM,False,5261,Accepted,
26870877,0568000,LOUISVILLE METRO POLICE DEPT,Accepted,JEFFERSON,,,7TH,ST,S,,MAGNOLIA,,,,,38.229655018,-85.767554730,0.872,6/23/2020 12:00:00 AM,0951,2,2,0,0,CLEAR,DRY,False,VEHICLE BACKING IN INTERSECTION,BACKING,STRAIGHT & HILLCREST,DAYLIGHT,,,6/29/2020 9:40:34 AM,False,5123,Accepted,
26870864,0568000,LOUISVILLE METRO POLICE DEPT,Accepted,JEFFERSON,I 0264,,I264 W,,,,,I 0065,I264 W EXIT12 OFF RAMP TO,I 0264,I264 W EXIT14 ON RAMP FROM KY864,38.191400574,-85.716173361,12.824,6/23/2020 12:00:00 AM,1725,2,2,0,0,CLEAR,DRY,False,REAR END IN TRAFFIC LANES BOTH VEHICLES MOVING,REAR END,STRAIGHT & LEVEL,DAYLIGHT,,,6/29/2020 9:39:54 AM,False,7938,Accepted,
26870839,0568000,LOUISVILLE METRO POLICE DEPT,Accepted,JEFFERSON,KY1747,,FERN VALLEY,RD,,KY0061,PRESTON,,,,,38.157371961,-85.695630471,2.017,6/22/2020 12:00:00 AM,1543,2,2,0,0,CLEAR,DRY,True,ANGLE COLLISION - OTHER,ANGLE,STRAIGHT & LEVEL,DAYLIGHT,,,6/29/2020 9:38:35 AM,False,7269,Accepted,
26857993,0568000,LOUISVILLE METRO POLICE DEPT,Accepted,JEFFERSON,,,WATTERSON,TRL,,,STARLITE,,,,,38.181300680,-85.622293115,0.193,6/22/2020 12:00:00 AM,2211,1,1,0,0,CLOUDY,DRY,False,COLLISION WITH FIXED OBJECT IN INTERSECTION - FIRST EVENT COLLISION 09 - 32,SINGLE VEHICLE,CURVE & LEVEL,DARK-HWY NOT LIGHTED,,,6/25/2020 8:34:00 AM,False,7851,Accepted,
26870785,0568000,LOUISVILLE METRO POLICE DEPT,Accepted,JEFFERSON,KY1865,,NEW CUT,RD,,,,,,,,38.125414716,-85.775864621,1.138,6/22/2020 12:00:00 AM,1400,3,3,0,0,CLEAR,DRY,False,REAR END IN TRAFFIC LANES BOTH VEHICLES MOVING,REAR END,STRAIGHT & LEVEL,DAYLIGHT,,,6/29/2020 9:35:17 AM,False,7080,Accepted,
26883504,0568000,LOUISVILLE METRO POLICE DEPT,Accepted,JEFFERSON,,,HALE,AVE,,,17TH,,,,,38.237930465,-85.783764534,0.302,6/22/2020 12:00:00 AM,2030,2,2,0,1,RAINING,WET,False,ANGLE COLLISION - ONE VEHICLE TURNING LEFT,ANGLE,STRAIGHT & LEVEL,DUSK,,,7/2/2020 8:42:30 AM,False,5054,Accepted,
26849754,0568000,LOUISVILLE METRO POLICE DEPT,Accepted,JEFFERSON,KY0061,,PRESTON,HWY,,KY6304,OLD PRESTON,,,,,38.099811854,-85.671110952,1.133,6/22/2020 12:00:00 AM,1229,3,3,0,1,CLEAR,DRY,False,OTHER INTERSECTION COLLISIONS,REAR END,STRAIGHT & LEVEL,DAYLIGHT,,,6/23/2020 8:41:05 AM,False,2017,Accepted,