IncidentID,AgencyORI,AgencyName,IncidentStatusDesc,County,RdwyNumber,Street,RoadwayName,StreetSfx,StreetDir,IntersectionRdwy,IntersectionRdwyName,BetweenStRdwy1,BetweenStRdwyName1,BetweenStRdwy2,BetweenStRdwyName2,Latitude,Longitude,Milepoint,CollisionDate,CollisionTime,UnitsInvolved,MotorVehiclesInvolved,NumberKilled,NumberInjured,Weather,RdwyConditionCode,HitandRun,DirAnalysisCode,MannerofCollision,RdwyCharacter,LightCondition,RampFromRdwyId,RampToRdwyId,AcceptedDate,IsSecondaryCollision,OwnerBadge,IncidentStatus,
26849773,0568000,LOUISVILLE METRO POLICE DEPT,Accepted,JEFFERSON,KY1934,,CANE RUN,RD,,,,,ROCKFORD,,ROCKFORD,38.183583765,-85.855424466,7.735,6/22/2020 12:00:00 AM,2137,2,2,0,0,RAINING,WET,False,REAR END IN TRAFFIC LANES BOTH VEHICLES MOVING,REAR END,STRAIGHT & LEVEL,DARK-HWY NOT LIGHTED,,,6/23/2020 8:42:15 AM,False,7980,Accepted,
26849778,0568000,LOUISVILLE METRO POLICE DEPT,Accepted,JEFFERSON,US0031E,,BAXTER,AVE,,,,,ROGERS,US0150,BROADWAY,38.244158935,-85.727351375,15.936,6/22/2020 12:00:00 AM,2044,2,2,0,0,RAINING,WET,False,OTHER ROADWAY OR MID-BLOCK COLLISION,REAR END,STRAIGHT & LEVEL,DAYLIGHT,,,6/23/2020 8:42:31 AM,False,2128,Accepted,
26845859,0568000,LOUISVILLE METRO POLICE DEPT,Accepted,JEFFERSON,I 0265,,I265 N,,,,,,,,,38.222577550,-85.505498416,25.469,6/22/2020 12:00:00 AM,0640,2,2,0,1,CLEAR,DRY,False,1 VEHICLE ENTERING/LEAVING ENTRANCE,ANGLE,STRAIGHT & LEVEL,DAYLIGHT,,,6/22/2020 10:37:52 AM,False,5266,Accepted,
26849763,0568000,LOUISVILLE METRO POLICE DEPT,Accepted,JEFFERSON,,,VIRGINIA AVE CONN,,,,VIRGINIA,,,,,38.239827512,-85.815322996,0.115,6/22/2020 12:00:00 AM,1655,2,2,0,0,CLEAR,DRY,False,ANGLE COLLISION - OTHER,ANGLE,STRAIGHT & LEVEL,DAYLIGHT,,,6/23/2020 8:41:38 AM,False,7112,Accepted,
26849764,0568000,LOUISVILLE METRO POLICE DEPT,Accepted,JEFFERSON,,,MELDA,LN,,,EMMALEE,,,,,38.165288340,-85.688942213,0.342,6/22/2020 12:00:00 AM,1500,2,2,0,0,CLEAR,DRY,False,ANGLE COLLISION - OTHER,ANGLE,STRAIGHT & LEVEL,DAYLIGHT,,,6/23/2020 8:41:45 AM,False,7431,Accepted,
26845851,0568000,LOUISVILLE METRO POLICE DEPT,Accepted,JEFFERSON,US0060,,FRANKFORT,AVE,,,HALDEMAN,,,,,38.255664372,-85.712795207,0.374,6/22/2020 12:00:00 AM,0119,1,1,0,0,CLOUDY,DRY,False,COLLISION WITH FIXED OBJECT IN INTERSECTION - FIRST EVENT COLLISION 09 - 32,SINGLE VEHICLE,STRAIGHT & LEVEL,DARK-HWY NOT LIGHTED,,,6/22/2020 10:37:23 AM,False,2229,Accepted,
26849780,0568000,LOUISVILLE METRO POLICE DEPT,Accepted,JEFFERSON,,,BUSH FARM,RD,,,AIKEN,,,,,38.271766753,-85.484932192,0.827,6/22/2020 12:00:00 AM,2357,1,1,0,0,RAINING,WET,False,COLLISION WITH FIXED OBJECT IN INTERSECTION - FIRST EVENT COLLISION 09 - 32,SINGLE VEHICLE,STRAIGHT & LEVEL,DARK-HWY NOT LIGHTED,,,6/23/2020 8:42:38 AM,False,5128,Accepted,
26854686,0568000,LOUISVILLE METRO POLICE DEPT,Accepted,JEFFERSON,US0031W,6801,DIXIE,HWY,,,,,,,,38.150804384,-85.836987287,12.103,6/22/2020 12:00:00 AM,1235,2,2,0,0,CLEAR,DRY,False,REAR END IN TRAFFIC LANES BOTH VEHICLES MOVING,REAR END,STRAIGHT & LEVEL,DAYLIGHT,,,6/24/2020 12:28:30 PM,False,7483,Accepted,
26854691,0568000,LOUISVILLE METRO POLICE DEPT,Accepted,JEFFERSON,,,1ST,ST,S,,CHESTNUT,,,,,38.248410623,-85.752923362,0.533,6/22/2020 12:00:00 AM,1330,2,2,0,2,CLEAR,DRY,False,ANGLE COLLISION - OTHER,ANGLE,STRAIGHT & LEVEL,DAYLIGHT,,,6/24/2020 12:28:47 PM,False,2855,Accepted,
26845861,0568000,LOUISVILLE METRO POLICE DEPT,Accepted,JEFFERSON,,,MUHAMMAD ALI,BLVD,W,I 0264,I264 E EXIT2 OFF RAMP TO  MUHAMMAD ALI BLVD,,,,,38.256522641,-85.805970336,2.939,6/22/2020 12:00:00 AM,0742,2,2,0,0,CLEAR,DRY,False,ANGLE COLLISION - OTHER,ANGLE,STRAIGHT & GRADE,DAYLIGHT,,,6/22/2020 10:38:01 AM,False,7361,Accepted,
26845862,0568000,LOUISVILLE METRO POLICE DEPT,Accepted,JEFFERSON,,,HILLCREST,AVE,,US0042,BROWNSBORO,,,,,38.260730632,-85.685954916,0.415,6/22/2020 12:00:00 AM,0850,2,2,0,0,CLEAR,DRY,False,SIDESWIPE-SAME DIRECTION,SIDESWIPE-SAME DIRECTION,STRAIGHT & HILLCREST,DAYLIGHT,,,6/22/2020 10:38:04 AM,False,7028,Accepted,
26883491,0568000,LOUISVILLE METRO POLICE DEPT,Accepted,JEFFERSON,KY0061,3300,PRESTON,HWY,,,,,,,,38.201713364,-85.734206806,9.088,6/22/2020 12:00:00 AM,2350,2,1,1,0,RAINING,WET,True,COLLISION WITH PEDESTRIAN NON - INTERSECTION,SINGLE VEHICLE,STRAIGHT & LEVEL,DARK-HWY LIGHTED/ON,,,7/2/2020 8:41:43 AM,False,7628,Accepted,
26845857,0568000,LOUISVILLE METRO POLICE DEPT,Accepted,JEFFERSON,,3001,CHAMBERLAIN,LN,,,,,,,,38.289513644,-85.534129445,1.285,6/22/2020 12:00:00 AM,0600,2,2,0,0,CLEAR,DRY,False,COLLISION IN PARKING LOT,ANGLE,STRAIGHT & LEVEL,DAWN,,,6/22/2020 10:37:45 AM,False,7159,Accepted,
26845858,0568000,LOUISVILLE METRO POLICE DEPT,Accepted,JEFFERSON,,,BRASHEAR,DR,,,11TH,,,,,38.224257749,-85.774708181,0.255,6/22/2020 12:00:00 AM,0102,2,2,0,0,CLOUDY,DRY,True,COLLISION WITH PARKED VEHICLE,ANGLE,STRAIGHT & LEVEL,DARK-HWY LIGHTED/ON,,,6/22/2020 10:37:48 AM,False,5239,Accepted,
26849765,0568000,LOUISVILLE METRO POLICE DEPT,Accepted,JEFFERSON,KY1934,,CANE RUN,RD,,,BRIDWELL,,,,,38.178934511,-85.860214277,7.292,6/22/2020 12:00:00 AM,1150,2,2,0,2,CLOUDY,DRY,False,ANGLE COLLISION - OTHER,ANGLE,STRAIGHT & LEVEL,DAYLIGHT,,,6/23/2020 8:41:48 AM,False,7340,Accepted,
26857988,0568000,LOUISVILLE METRO POLICE DEPT,Accepted,JEFFERSON,,951,7TH,ST,S,,,,,,,38.240373366,-85.764408535,1.599,6/22/2020 12:00:00 AM,1236,2,2,0,0,CLEAR,DRY,False,1 VEHICLE PARKED POSITION (NOT PARKING LOT/DRIVEWAY),SIDESWIPE-SAME DIRECTION,STRAIGHT & LEVEL,DAYLIGHT,,,6/25/2020 8:33:36 AM,False,7441,Accepted,
26870784,0568000,LOUISVILLE METRO POLICE DEPT,Accepted,JEFFERSON,KY0864,,POPLAR LEVEL,RD,,,PRODUCE,,,,,38.179220508,-85.691911048,9.860,6/22/2020 12:00:00 AM,1443,4,4,0,2,CLEAR,DRY,False,OPPOSING LEFT TURN,OPPOSING LEFT TURN,STRAIGHT & LEVEL,DAYLIGHT,,,6/29/2020 9:35:07 AM,False,5027,Accepted,
26849784,0568000,LOUISVILLE METRO POLICE DEPT,Accepted,JEFFERSON,I 0065,,I65 N,,,I 0065,I65 N EXIT132 ON RAMP FROM  CRITTENDEN DR,,,,,38.208284076,-85.752001697,132.624,6/22/2020 12:00:00 AM,2123,3,3,0,2,RAINING,WET,False,OTHER INTERSECTION COLLISIONS,REAR END,STRAIGHT & LEVEL,DARK-HWY LIGHTED/ON,,,6/23/2020 8:42:53 AM,False,5196,Accepted,
26845856,0568000,LOUISVILLE METRO POLICE DEPT,Accepted,JEFFERSON,,,MILLS,DR,,,BLANTON,,,,,38.155721861,-85.829174020,0.033,6/22/2020 12:00:00 AM,0410,1,1,0,0,FOG WITH RAIN,WET,False,COLLISION WITH FIXED OBJECT IN INTERSECTION - FIRST EVENT COLLISION 09 - 32,SINGLE VEHICLE,CURVE & LEVEL,DARK-HWY NOT LIGHTED,,,6/22/2020 10:37:41 AM,False,5259,Accepted,
26849759,0568000,LOUISVILLE METRO POLICE DEPT,Accepted,JEFFERSON,KY1747,,HURSTBOURNE,PKWY,N,,BLOSSOM,,,,,38.289493099,-85.573674204,17.202,6/22/2020 12:00:00 AM,1548,2,2,0,1,CLOUDY,DRY,False,SIDESWIPE-SAME DIRECTION,SIDESWIPE-SAME DIRECTION,STRAIGHT & LEVEL,DAYLIGHT,,,6/23/2020 8:41:32 AM,False,7358,Accepted,
26849760,0568000,LOUISVILLE METRO POLICE DEPT,Accepted,JEFFERSON,US0031W,,DIXIE,HWY,,,STONESTREET,,,,,38.121195272,-85.855708435,9.748,6/22/2020 12:00:00 AM,1639,2,2,0,1,CLEAR,DRY,False,ANGLE COLLISION - OTHER,ANGLE,STRAIGHT & LEVEL,DAYLIGHT,,,6/23/2020 8:41:35 AM,False,7144,Accepted,
26849766,0568000,LOUISVILLE METRO POLICE DEPT,Accepted,JEFFERSON,KY1931,,MANSLICK,RD,,,,,,,,38.169710653,-85.797331366,6.546,6/22/2020 12:00:00 AM,1650,2,2,0,0,CLEAR,DRY,False,REAR END IN TRAFFIC LANES BOTH VEHICLES MOVING,REAR END,STRAIGHT & LEVEL,DAYLIGHT,,,6/23/2020 8:41:52 AM,False,7204,Accepted,
26849767,0568000,LOUISVILLE METRO POLICE DEPT,Accepted,JEFFERSON,US0031E,,BARDSTOWN,RD,,KY2860,GRINSTEAD,,,,,38.238376833,-85.720966451,15.420,6/22/2020 12:00:00 AM,1815,2,2,0,3,CLEAR,DRY,False,ANGLE COLLISION - OTHER,ANGLE,STRAIGHT & LEVEL,DAYLIGHT,,,6/23/2020 8:41:55 AM,False,2230,Accepted,
26849774,0568000,LOUISVILLE METRO POLICE DEPT,Accepted,JEFFERSON,I 0064,,,,,,,,,,,38.222868532,-85.506442395,0.010,6/22/2020 12:00:00 AM,2313,1,1,0,0,RAINING,WET,False,COLLISION WITH FIXED OBJECT NOT IN GORE ,SINGLE VEHICLE,CURVE & GRADE,DARK-HWY NOT LIGHTED,I 0064,I 0265,6/23/2020 8:42:18 AM,False,6931,Accepted,
26849775,0568000,LOUISVILLE METRO POLICE DEPT,Accepted,JEFFERSON,I 0064,,I64 E,,,,,,,,,38.258747251,-85.755049562,4.635,6/22/2020 12:00:00 AM,2252,2,2,0,0,RAINING,WET,False,SIDESWIPE COLLISION - SAME DIRECTION,SIDESWIPE-SAME DIRECTION,STRAIGHT & LEVEL,DARK-HWY LIGHTED/ON,,,6/23/2020 8:42:23 AM,False,7386,Accepted,
26849777,0568000,LOUISVILLE METRO POLICE DEPT,Accepted,JEFFERSON,,,VIRGINIA,AVE,,,28TH,,,,,38.238173290,-85.800342363,0.218,6/22/2020 12:00:00 AM,1856,2,2,0,1,CLEAR,DRY,False,ANGLE COLLISION - OTHER,ANGLE,STRAIGHT & LEVEL,DAYLIGHT,,,6/23/2020 8:42:27 AM,False,7481,Accepted,
26857956,0568000,LOUISVILLE METRO POLICE DEPT,Accepted,JEFFERSON,US0031W,,DIXIE,HWY,,,,,FINCASTLE,,SCENIC,38.069296039,-85.884978709,5.784,6/22/2020 12:00:00 AM,1346,2,2,0,1,CLEAR,DRY,False,REAR END IN TRAFFIC LANES BOTH VEHICLES MOVING,REAR END,STRAIGHT & LEVEL,DAYLIGHT,,,6/25/2020 8:32:29 AM,False,7515,Accepted,
26845830,0568000,LOUISVILLE METRO POLICE DEPT,Accepted,JEFFERSON,,,SIX MILE,LN,,,,,,,,38.199166236,-85.643360762,0.579,6/21/2020 12:00:00 AM,1826,2,2,0,5,RAINING,WET,False,HEAD-ON COLLISION,HEAD ON,CURVE & LEVEL,DAYLIGHT,,,6/22/2020 10:36:41 AM,False,7864,Accepted,
26845838,0568000,LOUISVILLE METRO POLICE DEPT,Accepted,JEFFERSON,,3614,PARK,RD,S,,,,,,,38.118676183,-85.698941165,1.275,6/21/2020 12:00:00 AM,1941,2,2,0,0,CLEAR,WET,False,1 VEHICLE PARKED POSITION (NOT PARKING LOT/DRIVEWAY),REAR END,CURVE & GRADE,DAYLIGHT,,,6/22/2020 10:36:56 AM,False,7016,Accepted,
26845847,0568000,LOUISVILLE METRO POLICE DEPT,Accepted,JEFFERSON,KY1747,,HURSTBOURNE,PKWY,S,,,,,,,38.162550294,-85.633917869,5.554,6/21/2020 12:00:00 AM,2051,2,2,0,1,CLEAR,WET,True,SIDESWIPE COLLISION - SAME DIRECTION,SIDESWIPE-SAME DIRECTION,CURVE & GRADE,DARK-HWY NOT LIGHTED,,,6/22/2020 10:37:11 AM,False,7106,Accepted,
26845855,0568000,LOUISVILLE METRO POLICE DEPT,Accepted,JEFFERSON,KY1931,,MANSLICK,RD,,,HOBART,,,,,38.178934908,-85.798919924,7.191,6/21/2020 12:00:00 AM,2044,2,2,0,0,CLOUDY,DRY,False,OTHER INTERSECTION COLLISIONS,REAR END,STRAIGHT & LEVEL,DUSK,,,6/22/2020 10:37:38 AM,False,5037,Accepted,
26845789,0568000,LOUISVILLE METRO POLICE DEPT,Accepted,JEFFERSON,KY3064,2405,PORTLAND,AVE,,,,,,,,38.270143418,-85.787382845,0.290,6/21/2020 12:00:00 AM,0110,1,1,0,0,CLEAR,DRY,True,OTHER ROADWAY OR MID-BLOCK COLLISION,SINGLE VEHICLE,STRAIGHT & LEVEL,DARK-HWY LIGHTED/ON,,,6/22/2020 10:34:27 AM,False,7430,Accepted,
26845813,0568000,LOUISVILLE METRO POLICE DEPT,Accepted,JEFFERSON,,,7TH,ST,S,,SHIPP,,,,,38.226231335,-85.769316904,0.614,6/21/2020 12:00:00 AM,1226,2,2,0,0,RAINING,WET,True,ANGLE COLLISION - OTHER,ANGLE,STRAIGHT & LEVEL,DAYLIGHT,,,6/22/2020 10:35:53 AM,False,7705,Accepted,
26845814,0568000,LOUISVILLE METRO POLICE DEPT,Accepted,JEFFERSON,,,RUBEL,AVE,,US0150,BROADWAY,,,,,38.243828465,-85.728701995,0.217,6/21/2020 12:00:00 AM,1321,1,1,0,0,RAINING,WET,False,COLLISION WITH FIXED OBJECT IN INTERSECTION - FIRST EVENT COLLISION 09 - 32,SINGLE VEHICLE,STRAIGHT & LEVEL,DAYLIGHT,,,6/22/2020 10:35:56 AM,False,5020,Accepted,
26845791,0568000,LOUISVILLE METRO POLICE DEPT,Accepted,JEFFERSON,,4401,NEWPORT,RD,,,,,,,,38.178338374,-85.640958962,0.116,6/21/2020 12:00:00 AM,0145,2,2,0,0,CLOUDY,DRY,False,1 VEHICLE ENTERING/LEAVING ENTRANCE,ANGLE,STRAIGHT & LEVEL,DARK-HWY NOT LIGHTED,,,6/22/2020 10:34:36 AM,False,7851,Accepted,
26845815,0568000,LOUISVILLE METRO POLICE DEPT,Accepted,JEFFERSON,,,ST LOUIS,AVE,,,20TH,,,,,38.233396861,-85.789720038,0.305,6/21/2020 12:00:00 AM,1444,2,1,0,1,CLOUDY,WET,False,COLLISION WITH BICYCLE IN INTERSECTION,SINGLE VEHICLE,STRAIGHT & LEVEL,DAYLIGHT,,,6/22/2020 10:36:02 AM,False,7184,Accepted,
26845816,0568000,LOUISVILLE METRO POLICE DEPT,Accepted,JEFFERSON,,,BROADWAY,,W,,,,41ST,,CECIL,38.250285599,-85.820022388,1.726,6/21/2020 12:00:00 AM,1421,2,2,0,2,CLOUDY,WET,False,COLLISION WITH FIXED OBJECT NON - INTERSECTION - FIRST EVENT COLLISION 09 - 32 EXCLUDING 16,HEAD ON,STRAIGHT & LEVEL,DAYLIGHT,,,6/22/2020 10:36:06 AM,False,7328,Accepted,
26845832,0568000,LOUISVILLE METRO POLICE DEPT,Accepted,JEFFERSON,I 0265,,I265 W,,,,,,,,,38.112562776,-85.691585668,10.815,6/21/2020 12:00:00 AM,1401,2,2,0,0,CLOUDY,DRY,False,REAR END IN TRAFFIC LANES BOTH VEHICLES MOVING,REAR END,STRAIGHT & LEVEL,DAYLIGHT,,,6/22/2020 10:36:45 AM,False,7812,Accepted,
26845840,0568000,LOUISVILLE METRO POLICE DEPT,Accepted,JEFFERSON,KY1865,,TAYLOR,BLVD,,,CARLISLE,,,,,38.194148796,-85.783142256,6.048,6/21/2020 12:00:00 AM,1145,2,2,0,3,CLEAR,DRY,False,OTHER INTERSECTION COLLISIONS,REAR TO REAR,STRAIGHT & LEVEL,DAYLIGHT,,,6/22/2020 10:37:00 AM,False,7360,Accepted,
26845849,0568000,LOUISVILLE METRO POLICE DEPT,Accepted,JEFFERSON,I 0064,,I64 W,,,,,,,,,38.243480957,-85.695952894,8.231,6/21/2020 12:00:00 AM,2001,1,1,0,0,RAINING,WET,False,COLLISION WITH FIXED OBJECT NON - INTERSECTION - FIRST EVENT COLLISION 09 - 32 EXCLUDING 16,SINGLE VEHICLE,CURVE & LEVEL,DAYLIGHT,,,6/22/2020 10:37:17 AM,False,2229,Accepted,
26857964,0568000,LOUISVILLE METRO POLICE DEPT,Accepted,JEFFERSON,,,OSAGE,AVE,,US0031W,22ND,,,,,38.239380310,-85.790242961,0.313,6/21/2020 12:00:00 AM,1900,2,2,0,0,CLOUDY,DRY,False,ANGLE COLLISION - OTHER,ANGLE,STRAIGHT & LEVEL,DAYLIGHT,,,6/25/2020 8:32:40 AM,False,5253,Accepted,
26857974,0568000,LOUISVILLE METRO POLICE DEPT,Accepted,JEFFERSON,,,SPRATT,ST,,KY0864,GOSS,,,,,38.227196640,-85.735228403,0.005,6/21/2020 12:00:00 AM,0125,1,1,0,0,CLEAR,DRY,True,COLLISION WITH FIXED OBJECT IN INTERSECTION - FIRST EVENT COLLISION 09 - 32,SINGLE VEHICLE,STRAIGHT & GRADE,DARK-HWY NOT LIGHTED,,,6/25/2020 8:33:11 AM,False,5204,Accepted,
28056426,0568000,LOUISVILLE METRO POLICE DEPT,Accepted,JEFFERSON,,,7TH,ST,S,,HILL,,,,,38.226749354,-85.768996333,0.657,6/21/2020 12:00:00 AM,1025,2,2,0,0,CLOUDY,DRY,False,HEAD-ON COLLISION,HEAD ON,STRAIGHT & LEVEL,DAYLIGHT,,,4/26/2021 9:29:19 AM,False,7402,Accepted,
26925151,0568000,LOUISVILLE METRO POLICE DEPT,Accepted,JEFFERSON,,,ROY WILKINS,AVE,,,CHESTNUT,,,,,38.249851566,-85.766147784,0.537,6/21/2020 12:00:00 AM,1646,2,2,0,0,CLOUDY,WET,True,ANGLE COLLISION - OTHER,ANGLE,STRAIGHT & LEVEL,DAYLIGHT,,,7/13/2020 9:19:52 AM,False,7229,Accepted,
26879750,0568000,LOUISVILLE METRO POLICE DEPT,Accepted,JEFFERSON,I 0264,,I264 W,,,I 0264,I264 W EXIT10 OFF RAMP TO KY1020,,,,,38.190244336,-85.760168194,10.504,6/21/2020 12:00:00 AM,0600,1,1,0,1,CLEAR,DRY,False,COLLISION WITH FIXED OBJECT IN INTERSECTION - FIRST EVENT COLLISION 09 - 32,SINGLE VEHICLE,STRAIGHT & LEVEL,DAWN,,,7/1/2020 10:24:26 AM,False,5139,Accepted,
26897220,0568000,LOUISVILLE METRO POLICE DEPT,Accepted,JEFFERSON,,,3RD,ST,S,,SOUTHLAND,,,,,38.171484893,-85.767983166,1.889,6/21/2020 12:00:00 AM,1351,3,3,0,1,CLOUDY,WET,True,ANGLE COLLISION - OTHER,ANGLE,STRAIGHT & LEVEL,DAYLIGHT,,,7/6/2020 9:12:14 AM,True,7471,Accepted,
26897221,0568000,LOUISVILLE METRO POLICE DEPT,Accepted,JEFFERSON,KY1931,4827,MANSLICK,RD,,,,,,,,38.174607558,-85.797863677,6.886,6/21/2020 12:00:00 AM,1925,1,1,0,0,CLOUDY,WET,False,COLLISION WITH FIXED OBJECT NON - INTERSECTION - FIRST EVENT COLLISION 09 - 32 EXCLUDING 16,SINGLE VEHICLE,STRAIGHT & GRADE,DAYLIGHT,,,7/6/2020 9:12:19 AM,False,7471,Accepted,
27065181,0568000,LOUISVILLE METRO POLICE DEPT,Accepted,JEFFERSON,US0031W,,22ND,ST,S,,GREEN,,,,,38.256485332,-85.787000562,20.060,6/21/2020 12:00:00 AM,2219,2,2,0,0,CLEAR,DRY,True,SIDESWIPE-SAME DIRECTION,SIDESWIPE-SAME DIRECTION,STRAIGHT & LEVEL,DARK-HWY LIGHTED/ON,,,8/11/2020 10:14:40 AM,False,5008,Accepted,
27065183,0568000,LOUISVILLE METRO POLICE DEPT,Accepted,JEFFERSON,KY0061,,PRESTON,ST,S,,,,FETTER,US0060A,EASTERN,38.215247149,-85.743709664,10.180,6/21/2020 12:00:00 AM,0247,2,2,0,1,CLEAR,DRY,False,SIDESWIPE COLLISION - SAME DIRECTION,SIDESWIPE-SAME DIRECTION,STRAIGHT & LEVEL,DARK-HWY LIGHTED/ON,,,8/11/2020 10:14:44 AM,False,5204,Accepted,
26845828,0568000,LOUISVILLE METRO POLICE DEPT,Accepted,JEFFERSON,,,HIKES,LN,,,GOLDSMITH,,,,,38.205307916,-85.650086334,1.552,6/21/2020 12:00:00 AM,1642,2,2,0,3,CLOUDY,DRY,False,OPPOSING LEFT TURN,OPPOSING LEFT TURN,STRAIGHT & LEVEL,DAYLIGHT,,,6/22/2020 10:36:37 AM,False,5028,Accepted,
26845845,0568000,LOUISVILLE METRO POLICE DEPT,Accepted,JEFFERSON,,1963,NORRIS,PL,,,,,,,,38.222328101,-85.704417069,0.780,6/21/2020 12:00:00 AM,1928,2,2,0,0,CLOUDY,WET,True,1 VEHICLE PARKED POSITION (NOT PARKING LOT/DRIVEWAY),SIDESWIPE-SAME DIRECTION,STRAIGHT & LEVEL,DAYLIGHT,,,6/22/2020 10:37:07 AM,False,2976,Accepted,
26845853,0568000,LOUISVILLE METRO POLICE DEPT,Accepted,JEFFERSON,,,MICHAEL EDWARD,DR,,,CYNTHIA,,,,,38.171076824,-85.574781634,0.114,6/21/2020 12:00:00 AM,2256,1,1,0,1,CLEAR,DRY,False,OTHER INTERSECTION COLLISIONS,SINGLE VEHICLE,STRAIGHT & LEVEL,DARK-HWY NOT LIGHTED,,,6/22/2020 10:37:31 AM,False,7828,Accepted,
26845852,0568000,LOUISVILLE METRO POLICE DEPT,Accepted,JEFFERSON,,,40TH,ST,S,,HALE,,,,,38.241191027,-85.818636281,1.358,6/21/2020 12:00:00 AM,2300,2,2,0,1,CLEAR,DRY,False,ANGLE COLLISION - OTHER,ANGLE,STRAIGHT & LEVEL,DARK-HWY LIGHTED/ON,,,6/22/2020 10:37:27 AM,False,5181,Accepted,
26845834,0568000,LOUISVILLE METRO POLICE DEPT,Accepted,JEFFERSON,KY0864,,POPLAR LEVEL,RD,,,,,,,,38.186421048,-85.701215860,10.592,6/21/2020 12:00:00 AM,1823,2,2,0,2,RAINING,WET,False,1 VEHICLE ENTERING/LEAVING ENTRANCE,ANGLE,STRAIGHT & LEVEL,DAYLIGHT,,,6/22/2020 10:36:48 AM,False,5119,Accepted,
26845843,0568000,LOUISVILLE METRO POLICE DEPT,Accepted,JEFFERSON,I 0265,,I265 W,,,,,,,,,38.214677866,-85.506358413,24.889,6/21/2020 12:00:00 AM,1917,1,1,0,0,RAINING,WET,False,OTHER ROADWAY OR MID-BLOCK COLLISION,SINGLE VEHICLE,STRAIGHT & LEVEL,DAYLIGHT,,,6/22/2020 10:37:04 AM,False,5004,Accepted,
26845811,0568000,LOUISVILLE METRO POLICE DEPT,Accepted,JEFFERSON,I 0264,,I264 W,,,,,,,,,38.189534424,-85.773943151,9.753,6/21/2020 12:00:00 AM,1240,1,1,0,1,RAINING,WET,False,OTHER ROADWAY OR MID-BLOCK COLLISION,SINGLE VEHICLE,STRAIGHT & HILLCREST,DAYLIGHT,,,6/22/2020 10:35:46 AM,False,7402,Accepted,
26845812,0568000,LOUISVILLE METRO POLICE DEPT,Accepted,JEFFERSON,,,BUSH FARM,RD,,,AIKEN,,,,,38.271276490,-85.483789439,0.895,6/21/2020 12:00:00 AM,1243,2,2,0,0,RAINING,WET,False,OTHER INTERSECTION COLLISIONS,REAR END,STRAIGHT & HILLCREST,DAYLIGHT,,,6/22/2020 10:35:49 AM,False,7751,Accepted,
26845818,0568000,LOUISVILLE METRO POLICE DEPT,Accepted,JEFFERSON,I 0265,,I265 W,,,,,,,,,38.110616749,-85.683129390,11.295,6/21/2020 12:00:00 AM,1332,2,2,0,6,CLEAR,WET,False,1 VEHICLE ENTERING/LEAVING ENTRANCE,ANGLE,STRAIGHT & LEVEL,DAYLIGHT,,,6/22/2020 10:36:15 AM,False,7989,Accepted,
26845826,0568000,LOUISVILLE METRO POLICE DEPT,Accepted,JEFFERSON,US0031W,,DIXIE,HWY,,,BONNYVILLE,,,,,38.167374440,-85.829027175,13.210,6/21/2020 12:00:00 AM,1443,3,3,0,0,CLEAR,DRY,False,OTHER INTERSECTION COLLISIONS,REAR END,STRAIGHT & LEVEL,DAYLIGHT,,,6/22/2020 10:36:33 AM,False,7177,Accepted,
26845795,0568000,LOUISVILLE METRO POLICE DEPT,Accepted,JEFFERSON,,,6TH,ST,S,,,,OAK,,ORMSBY,38.234964487,-85.763709712,1.533,6/21/2020 12:00:00 AM,0000,2,2,0,1,CLEAR,DRY,False,1 VEHICLE ENTERING/LEAVING ENTRANCE,ANGLE,STRAIGHT & LEVEL,DARK-HWY LIGHTED/ON,,,6/22/2020 10:34:49 AM,False,5267,Accepted,
26846212,0568000,LOUISVILLE METRO POLICE DEPT,Accepted,JEFFERSON,,2222,BOULEVARD NAPOLEON,,,,,,,,,38.222697987,-85.695452685,0.243,6/21/2020 12:00:00 AM,1930,2,1,0,0,RAINING,WET,True,1 VEHICLE PARKED POSITION (NOT PARKING LOT/DRIVEWAY),SIDESWIPE-SAME DIRECTION,STRAIGHT & LEVEL,DAYLIGHT,,,6/22/2020 11:13:21 AM,False,5029,Accepted,
26848216,0560400,SHIVELY POLICE DEPARTMENT,Accepted,JEFFERSON,I 0264,,I264 E,,,,,,,,,38.185614215,-85.821124123,7.026,6/21/2020 12:00:00 AM,0351,1,1,0,1,CLEAR,DRY,False,OTHER ROADWAY OR MID-BLOCK COLLISION,SINGLE VEHICLE,STRAIGHT & GRADE,DARK-HWY LIGHTED/ON,,,6/22/2020 8:01:50 PM,False,7131,Accepted,
26849755,0568000,LOUISVILLE METRO POLICE DEPT,Accepted,JEFFERSON,I 0064,,,,,,,,,,,38.257619882,-85.741067198,0.110,6/21/2020 12:00:00 AM,1758,1,1,0,0,RAINING,WET,False,OTHER RAMP RELATED COLLISIONS NOT LISTED ABOVE,SINGLE VEHICLE,CURVE & HILLCREST,DAYLIGHT,I 0064,I 0071,6/23/2020 8:41:17 AM,False,7058,Accepted,