IncidentID,AgencyORI,AgencyName,IncidentStatusDesc,County,RdwyNumber,Street,RoadwayName,StreetSfx,StreetDir,IntersectionRdwy,IntersectionRdwyName,BetweenStRdwy1,BetweenStRdwyName1,BetweenStRdwy2,BetweenStRdwyName2,Latitude,Longitude,Milepoint,CollisionDate,CollisionTime,UnitsInvolved,MotorVehiclesInvolved,NumberKilled,NumberInjured,Weather,RdwyConditionCode,HitandRun,DirAnalysisCode,MannerofCollision,RdwyCharacter,LightCondition,RampFromRdwyId,RampToRdwyId,AcceptedDate,IsSecondaryCollision,OwnerBadge,IncidentStatus,
26845383,0560600,WEST BUECHEL POLICE DEPT.,Accepted,JEFFERSON,US0031E,3500,BUECHEL,BYP,,,,,,,,38.198735690,-85.661567758,11.023,6/21/2020 12:00:00 AM,1900,4,4,0,0,RAINING,WET,False,OTHER ROADWAY OR MID-BLOCK COLLISION,REAR END,STRAIGHT & LEVEL,DAYLIGHT,,,6/22/2020 9:12:31 AM,False,1717,Accepted,
26845633,0561500,UNIV. OF LOUISVILLE POLICE,Accepted,JEFFERSON,KY1020,,3RD,ST,S,,CARDINAL,,,,,38.220554194,-85.761223927,10.316,6/21/2020 12:00:00 AM,1840,2,2,0,3,RAINING,WET,False,HEAD-ON COLLISION,HEAD ON,STRAIGHT & LEVEL,DAYLIGHT,,,6/22/2020 10:10:37 AM,False,5698,Accepted,
26845801,0568000,LOUISVILLE METRO POLICE DEPT,Accepted,JEFFERSON,US0031E,,BARDSTOWN,RD,,KY2053,THIXTON,,,,,38.100711637,-85.565757972,1.919,6/21/2020 12:00:00 AM,0305,1,1,0,1,CLEAR,DRY,False,COLLISION WITH FIXED OBJECT IN INTERSECTION - FIRST EVENT COLLISION 09 - 32,SINGLE VEHICLE,CURVE & LEVEL,DARK (UNKNOWN ROADWAY LIGHTING),,,6/22/2020 10:35:02 AM,False,5014,Accepted,
26845808,0568000,LOUISVILLE METRO POLICE DEPT,Accepted,JEFFERSON,,,KNOLL GATE,RD,,,,,RUNDILL,,AMPHITHEATER,38.162016078,-85.779795312,0.052,6/21/2020 12:00:00 AM,1035,2,2,0,0,CLOUDY,DRY,False,COLLISION IN PARKING LOT,BACKING,STRAIGHT & LEVEL,DAYLIGHT,,,6/22/2020 10:35:31 AM,False,7768,Accepted,
26887685,0568000,LOUISVILLE METRO POLICE DEPT,Accepted,JEFFERSON,US0150,,BROADWAY,,E,KY0864,SHELBY,,,,,38.244662362,-85.739551751,3.403,6/21/2020 12:00:00 AM,0053,2,2,0,2,CLEAR,DRY,False,ANGLE COLLISION - OTHER,ANGLE,STRAIGHT & LEVEL,DARK-HWY LIGHTED/ON,,,7/3/2020 9:15:20 AM,False,7840,Accepted,
26861954,0568000,LOUISVILLE METRO POLICE DEPT,Accepted,JEFFERSON,I 0064,,I64 W,,,,,,,,,38.259049076,-85.765662125,3.802,6/21/2020 12:00:00 AM,1235,2,2,0,1,RAINING,WET,False,SIDESWIPE COLLISION - SAME DIRECTION,SIDESWIPE-SAME DIRECTION,CURVE & LEVEL,DAYLIGHT,,,6/26/2020 8:25:10 AM,False,2854,Accepted,
26861955,0568000,LOUISVILLE METRO POLICE DEPT,Accepted,JEFFERSON,,,JEFFERSON,ST,W,,,KY1020,3RD,KY1020,2ND,38.253654468,-85.755371391,0.182,6/21/2020 12:00:00 AM,1529,3,3,0,2,CLEAR,WET,False,OTHER ROADWAY OR MID-BLOCK COLLISION,REAR END,STRAIGHT & LEVEL,DAYLIGHT,,,6/26/2020 8:25:13 AM,False,2854,Accepted,
26861956,0568000,LOUISVILLE METRO POLICE DEPT,Accepted,JEFFERSON,,,JEFFERSON,ST,W,,11TH,,,,,38.255109039,-85.768596782,0.909,6/21/2020 12:00:00 AM,1848,2,2,0,2,RAINING,WET,False,ANGLE COLLISION - OTHER,ANGLE,STRAIGHT & LEVEL,DAYLIGHT,,,6/26/2020 8:25:17 AM,False,2854,Accepted,
26857951,0568000,LOUISVILLE METRO POLICE DEPT,Accepted,JEFFERSON,,1304,LINCOLN,AVE,,,,,,,,38.217537097,-85.778230104,0.642,6/21/2020 12:00:00 AM,1306,2,1,0,1,RAINING,WET,False,COLLISION WITH BICYCLIST NON INTERSECTION,SINGLE VEHICLE,STRAIGHT & LEVEL,DAYLIGHT,,,6/25/2020 8:32:06 AM,False,7094,Accepted,
26861938,0568000,LOUISVILLE METRO POLICE DEPT,Accepted,JEFFERSON,,,LAMPTON,ST,,KY0061,JACKSON,,,,,38.241993090,-85.746209699,0.102,6/20/2020 12:00:00 AM,1615,3,3,0,0,CLEAR,DRY,True,ANGLE COLLISION - OTHER,ANGLE,STRAIGHT & LEVEL,DAYLIGHT,,,6/26/2020 8:24:16 AM,False,7116,Accepted,
26845785,0568000,LOUISVILLE METRO POLICE DEPT,Accepted,JEFFERSON,,,MARKET,ST,W,,38TH,,,,,38.261522685,-85.811806098,1.387,6/20/2020 12:00:00 AM,1930,1,1,0,1,CLEAR,DRY,False,NON-COLLISION OBJECT COLLISION,SINGLE VEHICLE,STRAIGHT & LEVEL,DAYLIGHT,,,6/22/2020 10:34:14 AM,False,5202,Accepted,
26845786,0568000,LOUISVILLE METRO POLICE DEPT,Accepted,JEFFERSON,,9200,DEMPLEY,AVE,,,,,,,,38.120969724,-85.860304860,0.026,6/20/2020 12:00:00 AM,1930,2,2,0,0,CLEAR,DRY,False,SIDESWIPE COLLISION - OPPOSITE DIRECTION,SIDESWIPE-OPPOSITE DIRECTION,STRAIGHT & LEVEL,DAYLIGHT,,,6/22/2020 10:34:18 AM,False,7295,Accepted,
26845792,0568000,LOUISVILLE METRO POLICE DEPT,Accepted,JEFFERSON,KY0061,,JACKSON,ST,S,,MARRET,,,,,38.229427796,-85.748291394,11.189,6/20/2020 12:00:00 AM,0050,2,2,0,1,CLEAR,DRY,False,HEAD-ON COLLISION,HEAD ON,CURVE & LEVEL,DARK-HWY LIGHTED/ON,,,6/22/2020 10:34:40 AM,False,5213,Accepted,
26845767,0568000,LOUISVILLE METRO POLICE DEPT,Accepted,JEFFERSON,,,TWAY,WAY,,,,,2ND,KY1020,3RD,38.206730053,-85.763303067,0.016,6/20/2020 12:00:00 AM,0925,1,1,0,0,CLEAR,DRY,False,COLLISION WITH FIXED OBJECT NON - INTERSECTION - FIRST EVENT COLLISION 09 - 32 EXCLUDING 16,SINGLE VEHICLE,STRAIGHT & LEVEL,DAYLIGHT,,,6/22/2020 10:32:56 AM,False,2927,Accepted,
26845768,0568000,LOUISVILLE METRO POLICE DEPT,Accepted,JEFFERSON,,,ELEANOR,AVE,,,WOODBOURNE,,,,,38.225774135,-85.686938509,0.310,6/20/2020 12:00:00 AM,1119,2,2,0,1,CLEAR,DRY,False,ANGLE COLLISION - OTHER,ANGLE,STRAIGHT & LEVEL,DAYLIGHT,,,6/22/2020 10:32:59 AM,False,7740,Accepted,
26845769,0568000,LOUISVILLE METRO POLICE DEPT,Accepted,JEFFERSON,KY2053,,MT WASHINGTON,RD,,,STANDIFORD PLAZA,,,,,38.092655031,-85.667254357,0.114,6/20/2020 12:00:00 AM,1333,2,2,0,0,CLEAR,DRY,False,ANGLE COLLISION - OTHER,ANGLE,STRAIGHT & LEVEL,DAYLIGHT,,,6/22/2020 10:33:03 AM,False,7989,Accepted,
26845775,0568000,LOUISVILLE METRO POLICE DEPT,Accepted,JEFFERSON,KY1065,,OUTER,LOOP,,KY6162,MINOR,,,,,38.136460803,-85.713341548,4.577,6/20/2020 12:00:00 AM,1620,3,3,0,0,CLEAR,DRY,False,OTHER INTERSECTION COLLISIONS,REAR END,STRAIGHT & LEVEL,DAYLIGHT,,,6/22/2020 10:33:29 AM,False,5026,Accepted,
26845776,0568000,LOUISVILLE METRO POLICE DEPT,Accepted,JEFFERSON,,,BROADWAY,,W,,,,37TH,,LINDELL,38.250023229,-85.812655903,1.330,6/20/2020 12:00:00 AM,1645,1,1,0,0,CLEAR,DRY,False,COLLISION WITH FIXED OBJECT NON - INTERSECTION - FIRST EVENT COLLISION 09 - 32 EXCLUDING 16,SINGLE VEHICLE,STRAIGHT & LEVEL,DAYLIGHT,,,6/22/2020 10:33:33 AM,False,7328,Accepted,
26845777,0568000,LOUISVILLE METRO POLICE DEPT,Accepted,JEFFERSON,,13507,BLAKELY,LN,,,,,,,,38.059321071,-85.874919563,0.185,6/20/2020 12:00:00 AM,1200,1,1,0,0,CLEAR,DRY,True,COLLISION WITH FIXED OBJECT NON - INTERSECTION - FIRST EVENT COLLISION 09 - 32 EXCLUDING 16,SINGLE VEHICLE,STRAIGHT & LEVEL,DAYLIGHT,,,6/22/2020 10:33:37 AM,False,7336,Accepted,
26845784,0568000,LOUISVILLE METRO POLICE DEPT,Accepted,JEFFERSON,,1408,CENTRAL,AVE,,,,,,,,38.212128853,-85.780632009,1.495,6/20/2020 12:00:00 AM,0530,2,2,0,1,CLEAR,DRY,False,REAR END IN TRAFFIC LANES BOTH VEHICLES MOVING,REAR END,STRAIGHT & LEVEL,DAYLIGHT,,,6/22/2020 10:34:09 AM,False,7298,Accepted,
26845752,0568000,LOUISVILLE METRO POLICE DEPT,Accepted,JEFFERSON,KY1934,3910,CANE RUN,RD,,,,,,,,38.211727562,-85.821839340,10.393,6/20/2020 12:00:00 AM,0200,2,2,0,3,CLEAR,DRY,False,REAR END IN TRAFFIC LANES BOTH VEHICLES MOVING,REAR END,STRAIGHT & GRADE,DARK-HWY LIGHTED/ON,,,6/22/2020 10:31:40 AM,False,7536,Accepted,
26845758,0568000,LOUISVILLE METRO POLICE DEPT,Accepted,JEFFERSON,I 0264,,I264 E,,,KY2049,CRUMS,,,,,38.196268113,-85.828883784,6.043,6/20/2020 12:00:00 AM,0100,1,1,0,1,CLEAR,DRY,False,OTHER INTERSECTION COLLISIONS,SINGLE VEHICLE,STRAIGHT & LEVEL,DARK-HWY LIGHTED/ON,,,6/22/2020 10:32:17 AM,False,5292,Accepted,
26845803,0568000,LOUISVILLE METRO POLICE DEPT,Accepted,JEFFERSON,,4412,DOVER,RD,,,,,,,,38.181419430,-85.846415863,1.754,6/20/2020 12:00:00 AM,2100,1,1,0,1,CLEAR,DRY,False,COLLISION WITH FIXED OBJECT NON - INTERSECTION - FIRST EVENT COLLISION 09 - 32 EXCLUDING 16,SINGLE VEHICLE,CURVE & LEVEL,DAYLIGHT,,,6/22/2020 10:35:10 AM,False,5292,Accepted,
26845794,0568000,LOUISVILLE METRO POLICE DEPT,Accepted,JEFFERSON,,,5TH,ST,S,,,,,,,38.244406114,-85.760404887,2.946,6/20/2020 12:00:00 AM,1832,2,2,0,1,CLEAR,DRY,False,1 VEHICLE ENTERING/LEAVING ENTRANCE,ANGLE,STRAIGHT & LEVEL,DAYLIGHT,,,6/22/2020 10:34:44 AM,False,5213,Accepted,
26845836,0568000,LOUISVILLE METRO POLICE DEPT,Accepted,JEFFERSON,US0031E,,BARDSTOWN,RD,,,,,,,,38.223496785,-85.686678300,13.243,6/20/2020 12:00:00 AM,1507,2,2,0,1,CLEAR,DRY,False,OTHER ROADWAY OR MID-BLOCK COLLISION,OPPOSING LEFT TURN,STRAIGHT & LEVEL,DAYLIGHT,,,6/22/2020 10:36:51 AM,False,6813,Accepted,
27050234,0568000,LOUISVILLE METRO POLICE DEPT,Accepted,JEFFERSON,,1827,OAK,ST,W,,,,,,,38.237388092,-85.788342041,1.809,6/20/2020 12:00:00 AM,0030,1,1,0,0,CLEAR,DRY,True,COLLISION WITH FIXED OBJECT NON - INTERSECTION - FIRST EVENT COLLISION 09 - 32 EXCLUDING 16,SINGLE VEHICLE,STRAIGHT & LEVEL,DARK-HWY LIGHTED/ON,,,8/7/2020 8:39:49 AM,False,5282,Accepted,
28056428,0568000,LOUISVILLE METRO POLICE DEPT,Accepted,JEFFERSON,,,CONN,ST,,,,,,,,38.195930876,-85.793654996,0.580,6/20/2020 12:00:00 AM,1140,2,2,0,0,CLEAR,DRY,True,1 VEHICLE ENTERING/LEAVING ENTRANCE,ANGLE,STRAIGHT & LEVEL,DAYLIGHT,,,4/26/2021 9:29:23 AM,False,7402,Accepted,
27378628,0568000,LOUISVILLE METRO POLICE DEPT,Accepted,JEFFERSON,,,38TH,ST,S,,STRATTON,,,,,38.229670636,-85.818407476,1.749,6/20/2020 12:00:00 AM,2234,2,1,1,0,CLEAR,DRY,False,COLLISION WITH PEDESTRIAN IN INTERSECTION,SINGLE VEHICLE,STRAIGHT & LEVEL,DARK-HWY NOT LIGHTED,,,10/26/2020 2:21:24 PM,False,6886,Accepted,
26845798,0568000,LOUISVILLE METRO POLICE DEPT,Accepted,JEFFERSON,US0031E,,BARDSTOWN,RD,,,DOUGLASS,,,,,38.224575187,-85.693928897,13.642,6/20/2020 12:00:00 AM,2350,2,2,0,0,CLEAR,DRY,True,ANGLE COLLISION - OTHER,ANGLE,CURVE & LEVEL,DARK-HWY LIGHTED/ON,,,6/22/2020 10:34:58 AM,False,7544,Accepted,
26870809,0568000,LOUISVILLE METRO POLICE DEPT,Accepted,JEFFERSON,,,DORSEY,LN,,,,,HOBBS STATION,,VOLPAIRE,38.257688804,-85.560284646,0.983,6/20/2020 12:00:00 AM,1732,1,1,0,1,CLEAR,DRY,False,COLLISION WITH FIXED OBJECT NON - INTERSECTION - FIRST EVENT COLLISION 09 - 32 EXCLUDING 16,SINGLE VEHICLE,STRAIGHT & HILLCREST,DAYLIGHT,,,6/29/2020 9:36:23 AM,False,7751,Accepted,
26845766,0568000,LOUISVILLE METRO POLICE DEPT,Accepted,JEFFERSON,,,SHANKS,LN,,KY1934,CANE RUN,,,,,38.195473493,-85.842599797,0.005,6/20/2020 12:00:00 AM,0934,3,3,0,0,CLEAR,DRY,False,OTHER INTERSECTION COLLISIONS,REAR TO REAR,STRAIGHT & LEVEL,DAYLIGHT,,,6/22/2020 10:32:52 AM,False,7467,Accepted,
26845774,0568000,LOUISVILLE METRO POLICE DEPT,Accepted,JEFFERSON,I 0064,,I64 E,,,,,,,,,38.276875294,-85.820215677,0.333,6/20/2020 12:00:00 AM,0830,2,2,0,0,CLEAR,DRY,False,REAR END IN TRAFFIC LANES BOTH VEHICLES MOVING,REAR END,STRAIGHT & GRADE,DAYLIGHT,,,6/22/2020 10:33:25 AM,False,7923,Accepted,
26845796,0568000,LOUISVILLE METRO POLICE DEPT,Accepted,JEFFERSON,,,BROADWAY,,W,,28TH,,,,,38.249573399,-85.798282618,0.548,6/20/2020 12:00:00 AM,0122,2,2,0,0,CLEAR,DRY,True,OTHER INTERSECTION COLLISIONS,REAR END,STRAIGHT & LEVEL,DARK-HWY LIGHTED/ON,,,6/22/2020 10:34:54 AM,False,7417,Accepted,
26845764,0568000,LOUISVILLE METRO POLICE DEPT,Accepted,JEFFERSON,US0031E,,BARDSTOWN,RD,,,CEDARLOOK,,,,,38.147049452,-85.585839755,5.332,6/20/2020 12:00:00 AM,0806,2,2,0,1,CLEAR,DRY,False,OTHER INTERSECTION COLLISIONS,REAR END,STRAIGHT & LEVEL,DAYLIGHT,,,6/22/2020 10:32:45 AM,False,7755,Accepted,
26845765,0568000,LOUISVILLE METRO POLICE DEPT,Accepted,JEFFERSON,I 0264,,I264 E,,,,,,,,,38.232587823,-85.628307174,18.440,6/20/2020 12:00:00 AM,0745,2,2,0,0,CLEAR,DRY,False,SIDESWIPE COLLISION - SAME DIRECTION,SIDESWIPE-SAME DIRECTION,STRAIGHT & LEVEL,DAYLIGHT,,,6/22/2020 10:32:48 AM,False,5102,Accepted,
26845772,0568000,LOUISVILLE METRO POLICE DEPT,Accepted,JEFFERSON,KY1450,,BLUE LICK,RD,,,,,BONAVENTURE,,WEIGELA,38.122307589,-85.689462513,2.587,6/20/2020 12:00:00 AM,1137,2,2,0,0,CLEAR,DRY,False,VEHICLE BACKING NON INTERSECTION,BACKING,STRAIGHT & LEVEL,DAYLIGHT,,,6/22/2020 10:33:18 AM,False,2324,Accepted,
26845779,0568000,LOUISVILLE METRO POLICE DEPT,Accepted,JEFFERSON,KY1865,5454,NEW CUT,RD,,,,,,,,38.147962842,-85.775650910,2.814,6/20/2020 12:00:00 AM,1840,3,3,0,0,CLEAR,DRY,True,REAR END IN TRAFFIC LANES BOTH VEHICLES MOVING,REAR END,,DAYLIGHT,,,6/22/2020 10:33:44 AM,False,7424,Accepted,
26845780,0568000,LOUISVILLE METRO POLICE DEPT,Accepted,JEFFERSON,KY1932,,BRECKENRIDGE,LN,,,,,,,,38.208641667,-85.626524820,1.988,6/20/2020 12:00:00 AM,1822,2,2,0,1,CLEAR,DRY,False,1 VEHICLE PARKED POSITION (NOT PARKING LOT/DRIVEWAY),REAR END,STRAIGHT & LEVEL,DAYLIGHT,,,6/22/2020 10:33:48 AM,False,7864,Accepted,
26845781,0568000,LOUISVILLE METRO POLICE DEPT,Accepted,JEFFERSON,US0031W,,DIXIE,HWY,,KY1931,GREENWOOD,,,,,38.143543999,-85.839658021,11.694,6/20/2020 12:00:00 AM,1817,4,4,0,1,CLEAR,DRY,False,OTHER INTERSECTION COLLISIONS,REAR END,STRAIGHT & LEVEL,DAYLIGHT,,,6/22/2020 10:33:51 AM,False,7485,Accepted,
26845782,0568000,LOUISVILLE METRO POLICE DEPT,Accepted,JEFFERSON,KY2054,,ALGONQUIN,PKWY,,,7TH,,,,,38.220071222,-85.777354670,2.517,6/20/2020 12:00:00 AM,1341,2,2,0,0,CLEAR,DRY,False,ANGLE COLLISION - OTHER,ANGLE,STRAIGHT & LEVEL,DAYLIGHT,,,6/22/2020 10:33:58 AM,False,7184,Accepted,
26845788,0568000,LOUISVILLE METRO POLICE DEPT,Accepted,JEFFERSON,US0031E,,BARDSTOWN,RD,,KY0155,TAYLORSVILLE,,,,,38.223006330,-85.684698712,13.126,6/20/2020 12:00:00 AM,1933,2,2,0,0,CLEAR,DRY,False,OPPOSING LEFT TURN,OPPOSING LEFT TURN,STRAIGHT & LEVEL,DAYLIGHT,,,6/22/2020 10:34:22 AM,False,5029,Accepted,
26845754,0568000,LOUISVILLE METRO POLICE DEPT,Accepted,JEFFERSON,US0031E,,BARDSTOWN,RD,,US0060A,EASTERN,,,,,38.232057556,-85.709440066,14.634,6/20/2020 12:00:00 AM,0008,2,2,0,0,CLOUDY,DRY,False,OTHER INTERSECTION COLLISIONS,REAR END,STRAIGHT & LEVEL,DARK-HWY LIGHTED/ON,,,6/22/2020 10:32:00 AM,False,7304,Accepted,
26845756,0568000,LOUISVILLE METRO POLICE DEPT,Accepted,JEFFERSON,I 0071,,I71 N,,,I 0264,I264 W,,,,,38.290713268,-85.641861497,5.283,6/20/2020 12:00:00 AM,0415,1,1,0,0,CLEAR,DRY,False,OTHER INTERSECTION COLLISIONS,SINGLE VEHICLE,CURVE & GRADE,DARK-HWY LIGHTED/ON,,,6/22/2020 10:32:05 AM,False,2013,Accepted,
26845757,0568000,LOUISVILLE METRO POLICE DEPT,Accepted,JEFFERSON,,,15TH,ST,S,,MUHAMMAD ALI,,,,,38.253164136,-85.775691298,1.925,6/20/2020 12:00:00 AM,0024,2,2,0,2,CLEAR,DRY,True,ANGLE COLLISION - OTHER,ANGLE,STRAIGHT & LEVEL,DARK-HWY LIGHTED/ON,,,6/22/2020 10:32:09 AM,True,5008,Accepted,
26845790,0568000,LOUISVILLE METRO POLICE DEPT,Accepted,JEFFERSON,KY1447,,WESTPORT,RD,,,FREYS HILL,,,,,38.293614512,-85.559489053,6.044,6/20/2020 12:00:00 AM,1925,2,2,0,0,CLEAR,DRY,False,SIDESWIPE-SAME DIRECTION,SIDESWIPE-SAME DIRECTION,STRAIGHT & LEVEL,DAYLIGHT,,,6/22/2020 10:34:31 AM,False,7571,Accepted,
26840592,0564400,INDIAN HILLS POLICE DEPARTMENT,Accepted,JEFFERSON,US0042,,BROWNSBORO,RD,,,,,COUNTRY,,PENNINGTON,38.265161492,-85.668381581,3.747,6/19/2020 12:00:00 AM,0733,2,2,0,2,CLEAR,DRY,False,OTHER ROADWAY OR MID-BLOCK COLLISION,OPPOSING LEFT TURN,STRAIGHT & LEVEL,DAYLIGHT,,,6/20/2020 2:06:02 PM,False,4422,Accepted,
26854705,0568000,LOUISVILLE METRO POLICE DEPT,Accepted,JEFFERSON,KY1020,,NATIONAL,TPKE,,KY0841,KY841 RAMP FROM KY1020,,,,,38.116742441,-85.748103251,2.998,6/19/2020 12:00:00 AM,0735,3,3,0,2,CLEAR,DRY,False,ANGLE COLLISION - OTHER,ANGLE,STRAIGHT & LEVEL,DAYLIGHT,,,6/24/2020 12:29:29 PM,True,5220,Accepted,
26845773,0568000,LOUISVILLE METRO POLICE DEPT,Accepted,JEFFERSON,,,MAGNOLIA,AVE,W,,4TH,,,,,38.229159666,-85.761355769,0.272,6/19/2020 12:00:00 AM,1816,2,2,0,0,CLEAR,DRY,False,COLLISION WITH PARKED VEHICLE,BACKING,STRAIGHT & LEVEL,DAYLIGHT,,,6/22/2020 10:33:22 AM,False,5186,Accepted,
26845771,0568000,LOUISVILLE METRO POLICE DEPT,Accepted,JEFFERSON,,,TRIO,AVE,,KY0061,PRESTON,,,,,38.129889494,-85.682030702,0.119,6/19/2020 12:00:00 AM,1534,2,1,0,1,CLEAR,DRY,False,COLLISION WITH PEDESTRIAN IN INTERSECTION,SINGLE VEHICLE,STRAIGHT & LEVEL,DAYLIGHT,,,6/22/2020 10:33:13 AM,False,2324,Accepted,
26845740,0568000,LOUISVILLE METRO POLICE DEPT,Accepted,JEFFERSON,,,WHITNEY,AVE,W,,,,3RD,,2ND,38.194012249,-85.764165343,1.033,6/19/2020 12:00:00 AM,1330,2,2,0,0,CLEAR,DRY,False,1 VEHICLE ENTERING/LEAVING ENTRANCE,ANGLE,STRAIGHT & LEVEL,DAYLIGHT,,,6/22/2020 10:30:17 AM,False,2499,Accepted,
26845822,0568000,LOUISVILLE METRO POLICE DEPT,Accepted,JEFFERSON,,,STANDIFORD PLAZA,DR,,,,,BEELER,KY2053,MT WASHINGTON,38.092309438,-85.667359195,0.023,6/19/2020 12:00:00 AM,1830,2,2,0,0,CLOUDY,DRY,False,OTHER ROADWAY OR MID-BLOCK COLLISION,REAR END,STRAIGHT & HILLCREST,DAYLIGHT,,,6/22/2020 10:36:26 AM,False,2583,Accepted,
26836420,0568000,LOUISVILLE METRO POLICE DEPT,Accepted,JEFFERSON,I 0265,,I265 E,,,,,I 0265,I265 E EXIT23 OFF RAMP TO KY155,I 0265,I265 E EXIT19 ON RAMP FROM KY1819,38.157859566,-85.528971004,20.627,6/19/2020 12:00:00 AM,0626,2,2,0,0,CLEAR,DRY,False,SIDESWIPE COLLISION - SAME DIRECTION,SIDESWIPE-SAME DIRECTION,CURVE & HILLCREST,DAWN,,,6/19/2020 8:43:53 AM,False,7735,Accepted,
26836421,0568000,LOUISVILLE METRO POLICE DEPT,Accepted,JEFFERSON,,4220,NORTHWESTERN,PKWY,,,,,,,,38.272482150,-85.817366296,2.218,6/19/2020 12:00:00 AM,0643,2,2,0,0,CLEAR,DRY,True,1 VEHICLE PARKED POSITION (NOT PARKING LOT/DRIVEWAY),ANGLE,CURVE & LEVEL,DAYLIGHT,,,6/19/2020 8:43:58 AM,False,5256,Accepted,
26925354,0568000,LOUISVILLE METRO POLICE DEPT,Accepted,JEFFERSON,,,LIBERTY,ST,E,,,,FLOYD,,BROOK,38.252280391,-85.749790861,0.132,6/19/2020 12:00:00 AM,1415,2,2,0,0,CLEAR,DRY,False,OTHER ROADWAY OR MID-BLOCK COLLISION,REAR END,STRAIGHT & LEVEL,DAYLIGHT,,,7/13/2020 9:48:20 AM,False,2765,Accepted,
26967849,0568000,LOUISVILLE METRO POLICE DEPT,Accepted,JEFFERSON,,,INDUSTRY,RD,,,7TH,,,,,38.221048109,-85.775653201,0.008,6/19/2020 12:00:00 AM,2017,2,2,0,3,CLEAR,DRY,False,ANGLE COLLISION - OTHER,ANGLE,STRAIGHT & LEVEL,DAYLIGHT,,,7/23/2020 8:14:43 AM,False,5163,Accepted,
26845743,0568000,LOUISVILLE METRO POLICE DEPT,Accepted,JEFFERSON,I 0064,,I64 W,,,I 0064,I64 W EXIT7 OFF RAMP TO  MELLWOOD AVE,,,,,38.251076022,-85.715294919,7.010,6/19/2020 12:00:00 AM,1515,1,1,0,0,CLOUDY,DRY,False,OTHER INTERSECTION COLLISIONS,SINGLE VEHICLE,CURVE & LEVEL,DAYLIGHT,,,6/22/2020 10:30:31 AM,False,7740,Accepted,
26845744,0568000,LOUISVILLE METRO POLICE DEPT,Accepted,JEFFERSON,US0031W,5124,DIXIE,HWY,,,,,,,,38.166434294,-85.829703312,13.159,6/19/2020 12:00:00 AM,1307,2,1,0,1,CLEAR,DRY,True,COLLISION WITH PEDESTRIAN NON - INTERSECTION,SINGLE VEHICLE,STRAIGHT & LEVEL,DAYLIGHT,,,6/22/2020 10:30:50 AM,False,7485,Accepted,
26845753,0568000,LOUISVILLE METRO POLICE DEPT,Accepted,JEFFERSON,,,BROADWAY,,W,,34TH,,,,,38.249923702,-85.808148044,1.061,6/19/2020 12:00:00 AM,2255,2,2,0,3,CLEAR,DRY,False,ANGLE COLLISION - OTHER,ANGLE,STRAIGHT & LEVEL,DARK-HWY LIGHTED/ON,,,6/22/2020 10:31:56 AM,False,5181,Accepted,
26845762,0568000,LOUISVILLE METRO POLICE DEPT,Accepted,JEFFERSON,KY1934,,GREENBELT,HWY,,KY1230,CANE RUN,,,,,38.116429462,-85.894957949,2.308,6/19/2020 12:00:00 AM,1733,2,2,0,1,CLEAR,DRY,False,ANGLE COLLISION - OTHER,ANGLE,STRAIGHT & LEVEL,DAYLIGHT,,,6/22/2020 10:32:34 AM,False,2936,Accepted,
26845770,0568000,LOUISVILLE METRO POLICE DEPT,Accepted,JEFFERSON,KY1865,,TAYLOR,BLVD,,,,,,,,38.178546821,-85.783026245,4.956,6/19/2020 12:00:00 AM,1413,2,2,0,2,CLOUDY,DRY,True,OTHER ROADWAY OR MID-BLOCK COLLISION,REAR END,STRAIGHT & LEVEL,DAYLIGHT,,,6/22/2020 10:33:07 AM,False,7667,Accepted,
26845759,0568000,LOUISVILLE METRO POLICE DEPT,Accepted,JEFFERSON,KY1727,,TERRY,RD,,,LIONS ARMS,,,,,38.176590346,-85.863082521,3.922,6/19/2020 12:00:00 AM,1230,2,2,0,0,CLEAR,DRY,False,OTHER INTERSECTION COLLISIONS,REAR END,STRAIGHT & LEVEL,DAYLIGHT,,,6/22/2020 10:32:21 AM,False,5100,Accepted,
26845742,0568000,LOUISVILLE METRO POLICE DEPT,Accepted,JEFFERSON,,8229,ROSEBOROUGH,RD,,,,,,,,38.128280218,-85.628058232,0.608,6/19/2020 12:00:00 AM,1515,1,1,0,1,CLEAR,DRY,False,COLLISION WITH FIXED OBJECT NON - INTERSECTION - FIRST EVENT COLLISION 09 - 32 EXCLUDING 16,SINGLE VEHICLE,STRAIGHT & GRADE,DAYLIGHT,,,6/22/2020 10:30:25 AM,False,7812,Accepted,
26845750,0568000,LOUISVILLE METRO POLICE DEPT,Accepted,JEFFERSON,KY0061,7405,PRESTON,HWY,,,,,,,,38.144049233,-85.689831425,4.373,6/19/2020 12:00:00 AM,2201,3,3,0,0,CLEAR,DRY,False,COLLISION IN PARKING LOT,REAR END,STRAIGHT & LEVEL,DARK-HWY LIGHTED/ON,,,6/22/2020 10:31:31 AM,False,5270,Accepted,