IncidentID,AgencyORI,AgencyName,IncidentStatusDesc,County,RdwyNumber,Street,RoadwayName,StreetSfx,StreetDir,IntersectionRdwy,IntersectionRdwyName,BetweenStRdwy1,BetweenStRdwyName1,BetweenStRdwy2,BetweenStRdwyName2,Latitude,Longitude,Milepoint,CollisionDate,CollisionTime,UnitsInvolved,MotorVehiclesInvolved,NumberKilled,NumberInjured,Weather,RdwyConditionCode,HitandRun,DirAnalysisCode,MannerofCollision,RdwyCharacter,LightCondition,RampFromRdwyId,RampToRdwyId,AcceptedDate,IsSecondaryCollision,OwnerBadge,IncidentStatus,
26836417,0568000,LOUISVILLE METRO POLICE DEPT,Accepted,JEFFERSON,KY2251,4101,BARDSTOWN,RD,,,,,,,,38.191965513,-85.646738392,0.174,6/19/2020 12:00:00 AM,0315,2,2,0,1,CLEAR,DRY,False,1 VEHICLE ENTERING/LEAVING ENTRANCE,ANGLE,STRAIGHT & LEVEL,DARK (UNKNOWN ROADWAY LIGHTING),,,6/19/2020 8:43:41 AM,False,5153,Accepted,
26845760,0568000,LOUISVILLE METRO POLICE DEPT,Accepted,JEFFERSON,,7311,REGIMENT,RD,,,,,,,,38.089544189,-85.641456885,0.028,6/19/2020 12:00:00 AM,2323,1,1,0,1,CLEAR,DRY,False,OTHER ROADWAY OR MID-BLOCK COLLISION,SINGLE VEHICLE,STRAIGHT & GRADE,DARK-HWY LIGHTED/ON,,,6/22/2020 10:32:26 AM,False,5184,Accepted,
26845761,0568000,LOUISVILLE METRO POLICE DEPT,Accepted,JEFFERSON,,4243,NORTHWESTERN,PKWY,,,BANK,,,,,38.273378165,-85.815783727,2.112,6/19/2020 12:00:00 AM,2255,2,2,0,0,CLEAR,DRY,False,OTHER INTERSECTION COLLISIONS,REAR END,STRAIGHT & LEVEL,DARK-HWY LIGHTED/ON,,,6/22/2020 10:32:30 AM,False,5272,Accepted,
26837920,0568000,LOUISVILLE METRO POLICE DEPT,Accepted,JEFFERSON,KY0146,,NEW LA GRANGE,RD,,,WASHBURN,,,,,38.254279049,-85.611970429,0.451,6/19/2020 12:00:00 AM,1155,3,3,0,1,CLEAR,DRY,False,OTHER INTERSECTION COLLISIONS,REAR END,STRAIGHT & LEVEL,DAYLIGHT,,,6/19/2020 3:25:31 PM,False,7313,Accepted,
26837922,0568000,LOUISVILLE METRO POLICE DEPT,Accepted,JEFFERSON,KY0061,,PRESTON,HWY,,,OAKLAWN,,,,,38.149199061,-85.692704612,4.715,6/19/2020 12:00:00 AM,1033,2,2,0,0,CLEAR,DRY,True,OTHER INTERSECTION COLLISIONS,REAR END,STRAIGHT & LEVEL,DAYLIGHT,,,6/19/2020 3:25:38 PM,False,2017,Accepted,
26840176,0560400,SHIVELY POLICE DEPARTMENT,Accepted,JEFFERSON,,4806,DOVER,RD,,,,,,,,38.180464924,-85.846507573,1.755,6/19/2020 12:00:00 AM,1432,2,2,0,0,CLEAR,DRY,False,SIDESWIPE COLLISION - SAME DIRECTION,SIDESWIPE-SAME DIRECTION,STRAIGHT & LEVEL,DAYLIGHT,,,6/20/2020 7:36:48 AM,False,7103,Accepted,
26845809,0568000,LOUISVILLE METRO POLICE DEPT,Accepted,JEFFERSON,,,HANCOCK,ST,S,,MUHAMMAD ALI,,,,,38.249550217,-85.742826935,0.379,6/19/2020 12:00:00 AM,1447,2,2,0,3,CLEAR,DRY,False,ANGLE COLLISION - OTHER,ANGLE,STRAIGHT & LEVEL,DAYLIGHT,,,6/22/2020 10:35:36 AM,False,7239,Accepted,
26845817,0568000,LOUISVILLE METRO POLICE DEPT,Accepted,JEFFERSON,KY1934,,GREENBELT,HWY,,,TRADE PORT,,,,,38.125474431,-85.893237260,2.892,6/19/2020 12:00:00 AM,1635,2,2,0,0,CLEAR,DRY,False,SIDESWIPE-SAME DIRECTION,SIDESWIPE-SAME DIRECTION,STRAIGHT & LEVEL,DAYLIGHT,,,6/22/2020 10:36:11 AM,False,7336,Accepted,
26879752,0568000,LOUISVILLE METRO POLICE DEPT,Accepted,JEFFERSON,US0060A,,TAYLOR,BLVD,,,CENTRAL,,,,,38.206336918,-85.776169587,2.292,6/19/2020 12:00:00 AM,2054,2,2,0,1,CLEAR,DRY,False,OTHER INTERSECTION COLLISIONS,REAR END,STRAIGHT & LEVEL,DAYLIGHT,,,7/1/2020 10:24:31 AM,False,5163,Accepted,
26887684,0568000,LOUISVILLE METRO POLICE DEPT,Accepted,JEFFERSON,US0031E,,BARDSTOWN,RD,,,,,LUCIA,,BEECHWOOD,38.236865954,-85.718248108,15.240,6/19/2020 12:00:00 AM,2337,2,1,0,1,CLOUDY,DRY,True,COLLISION WITH PEDESTRIAN NON - INTERSECTION,SINGLE VEHICLE,STRAIGHT & LEVEL,DARK-HWY NOT LIGHTED,,,7/3/2020 9:15:15 AM,False,7840,Accepted,
26857960,0568000,LOUISVILLE METRO POLICE DEPT,Accepted,JEFFERSON,KY0155,4300,TAYLORSVILLE,RD,,,,,,,,38.219108736,-85.608193209,12.371,6/18/2020 12:00:00 AM,2324,3,2,0,1,CLEAR,DRY,True,COLLISION WITH PEDESTRIAN NON - INTERSECTION,HEAD ON,STRAIGHT & LEVEL,DARK-HWY LIGHTED/ON,,,6/25/2020 8:32:34 AM,False,2217,Accepted,
26854693,0568000,LOUISVILLE METRO POLICE DEPT,Accepted,JEFFERSON,I 0264,,I264 E,,,,,I 0264,I264 E EXIT11 OFF RAMP,I 0264,I264 E EXIT10 ON RAMP FROM KY1020,38.190146300,-85.754907040,10.695,6/18/2020 12:00:00 AM,0956,2,2,0,0,CLOUDY,DRY,False,SIDESWIPE COLLISION - SAME DIRECTION,SIDESWIPE-SAME DIRECTION,STRAIGHT & LEVEL,DAYLIGHT,,,6/24/2020 12:28:53 PM,False,7048,Accepted,
26870828,0568000,LOUISVILLE METRO POLICE DEPT,Accepted,JEFFERSON,KY1020,7700,NATIONAL,TPKE,,,,,,,,38.139862926,-85.754001634,4.583,6/18/2020 12:00:00 AM,1055,2,2,0,1,CLOUDY,DRY,False,1 VEHICLE ENTERING/LEAVING ENTRANCE,ANGLE,STRAIGHT & LEVEL,DAYLIGHT,,,6/29/2020 9:37:52 AM,False,7221,Accepted,
26837914,0568000,LOUISVILLE METRO POLICE DEPT,Accepted,JEFFERSON,KY0864,,FEGENBUSH,LN,,,,,,,,38.138084564,-85.614938000,4.339,6/18/2020 12:00:00 AM,1440,2,2,0,1,CLOUDY,DRY,False,1 VEHICLE ENTERING/LEAVING ENTRANCE,ANGLE,STRAIGHT & LEVEL,DAYLIGHT,,,6/19/2020 3:25:10 PM,False,4693,Accepted,
26836419,0568000,LOUISVILLE METRO POLICE DEPT,Accepted,JEFFERSON,KY1932,,BRECKENRIDGE,LN,,,MANNER DALE,,,,,38.202685898,-85.622390617,1.508,6/18/2020 12:00:00 AM,,2,2,0,0,CLEAR,DRY,True,ANGLE COLLISION - OTHER,ANGLE,STRAIGHT & LEVEL,DARK-HWY LIGHTED/ON,,,6/19/2020 8:43:50 AM,False,5117,Accepted,
26836403,0568000,LOUISVILLE METRO POLICE DEPT,Accepted,JEFFERSON,I 0071,,I71 S,,,,,,,,,38.292906104,-85.638029184,5.599,6/18/2020 12:00:00 AM,1623,2,2,0,0,CLOUDY,DRY,False,REAR END IN TRAFFIC LANES BOTH VEHICLES MOVING,REAR END,STRAIGHT & HILLCREST,DAYLIGHT,,,6/19/2020 8:42:57 AM,False,7840,Accepted,
26836410,0568000,LOUISVILLE METRO POLICE DEPT,Accepted,JEFFERSON,,,OLD NEW CUT,RD,,KY1865,NEW CUT,,,,,38.117597621,-85.775389172,0.002,6/18/2020 12:00:00 AM,2029,2,2,0,2,CLEAR,DRY,True,OPPOSITE DIRECTION - BOTH VEHICLES GOING STRAIGHT AHEAD,SIDESWIPE-OPPOSITE DIRECTION,STRAIGHT & LEVEL,DAYLIGHT,,,6/19/2020 8:43:21 AM,False,5110,Accepted,
26836411,0568000,LOUISVILLE METRO POLICE DEPT,Accepted,JEFFERSON,,,RIVER,RD,,,HARBORTOWN,,,,,38.322576440,-85.643686388,4.233,6/18/2020 12:00:00 AM,2211,2,2,0,0,CLEAR,DRY,False,HEAD-ON COLLISION,HEAD ON,STRAIGHT & LEVEL,DARK-HWY LIGHTED/ON,,,6/19/2020 8:43:24 AM,False,5223,Accepted,
26836408,0568000,LOUISVILLE METRO POLICE DEPT,Accepted,JEFFERSON,,,CHESTNUT,ST,W,,8TH,,,,,38.249690786,-85.764487002,2.001,6/18/2020 12:00:00 AM,0815,2,2,0,2,CLOUDY,DRY,False,ANGLE COLLISION - OTHER,ANGLE,STRAIGHT & LEVEL,DAYLIGHT,,,6/19/2020 8:43:14 AM,False,5173,Accepted,
26836409,0568000,LOUISVILLE METRO POLICE DEPT,Accepted,JEFFERSON,KY1934,4424,CANE RUN,RD,,,,,RICHMONT,,SHANKS,38.196443553,-85.841258618,8.888,6/18/2020 12:00:00 AM,2135,3,2,0,1,CLEAR,DRY,True,COLLISION WITH PEDESTRIAN NON - INTERSECTION,ANGLE,STRAIGHT & LEVEL,DARK-HWY LIGHTED/ON,,,6/19/2020 8:43:17 AM,False,2877,Accepted,
26836416,0568000,LOUISVILLE METRO POLICE DEPT,Accepted,JEFFERSON,,,4TH,ST,S,,CREEL,,,,,38.212939932,-85.764216736,3.041,6/18/2020 12:00:00 AM,1806,4,4,0,2,CLEAR,DRY,False,ANGLE COLLISION - OTHER,ANGLE,STRAIGHT & LEVEL,DAYLIGHT,,,6/19/2020 8:43:37 AM,False,5196,Accepted,
26836399,0568000,LOUISVILLE METRO POLICE DEPT,Accepted,JEFFERSON,I 0265,,I265 W,,,,,,,,,38.112498370,-85.691391143,10.827,6/18/2020 12:00:00 AM,0945,2,2,0,0,CLOUDY,DRY,False,1 VEHICLE ENTERING/LEAVING ENTRANCE,ANGLE,STRAIGHT & LEVEL,DAYLIGHT,,,6/19/2020 8:42:45 AM,False,4693,Accepted,
26836400,0568000,LOUISVILLE METRO POLICE DEPT,Accepted,JEFFERSON,US0060,,SHELBYVILLE,RD,,,,,CHIPPING,,CHADWICK,38.247035277,-85.584642717,7.438,6/18/2020 12:00:00 AM,1355,2,2,0,0,CLOUDY,DRY,False,REAR END IN TRAFFIC LANES BOTH VEHICLES MOVING,REAR END,STRAIGHT & LEVEL,DAYLIGHT,,,6/19/2020 8:42:48 AM,False,6406,Accepted,
26836401,0568000,LOUISVILLE METRO POLICE DEPT,Accepted,JEFFERSON,KY1932,,BRECKENRIDGE,LN,,,,,HIKES,,CHURCHILL PARK,38.217818292,-85.628322233,2.667,6/18/2020 12:00:00 AM,1435,3,3,0,1,CLEAR,DRY,False,1 VEHICLE ENTERING/LEAVING ENTRANCE,ANGLE,STRAIGHT & LEVEL,DAYLIGHT,,,6/19/2020 8:42:52 AM,False,5247,Accepted,
26849756,0568000,LOUISVILLE METRO POLICE DEPT,Accepted,JEFFERSON,,,STONESTREET,RD,,KY0841,KY841 RAMP FROM  STONESTREET RD,,,,,38.099004656,-85.823861064,2.498,6/18/2020 12:00:00 AM,0622,2,2,0,1,CLEAR,DRY,False,ANGLE COLLISION - OTHER,ANGLE,STRAIGHT & LEVEL,DAYLIGHT,,,6/23/2020 8:41:20 AM,False,2905,Accepted,
26849770,0568000,LOUISVILLE METRO POLICE DEPT,Accepted,JEFFERSON,,2200,MUHAMMAD ALI,BLVD,W,US0031W,22ND,,,,,38.254428163,-85.787269685,1.908,6/18/2020 12:00:00 AM,2318,2,2,0,2,CLEAR,DRY,False,ANGLE COLLISION - OTHER,ANGLE,STRAIGHT & LEVEL,DARK-HWY LIGHTED/ON,,,6/23/2020 8:42:07 AM,False,7190,Accepted,
26903871,0568000,LOUISVILLE METRO POLICE DEPT,Accepted,JEFFERSON,KY1450,,BLUE LICK,RD,,,PARK,,,,,38.116237074,-85.689505669,2.167,6/18/2020 12:00:00 AM,1527,2,2,0,3,CLEAR,DRY,False,ANGLE COLLISION - OTHER,ANGLE,STRAIGHT & LEVEL,DAYLIGHT,,,7/7/2020 3:05:25 PM,False,7269,Accepted,
26836397,0568000,LOUISVILLE METRO POLICE DEPT,Accepted,JEFFERSON,KY1747,,FERN VALLEY,RD,,KY0061,PRESTON,,,,,38.157034816,-85.696642622,1.913,6/18/2020 12:00:00 AM,0828,2,2,0,0,CLEAR,DRY,True,SIDESWIPE-SAME DIRECTION,SIDESWIPE-SAME DIRECTION,STRAIGHT & LEVEL,DAYLIGHT,,,6/19/2020 8:42:38 AM,False,2017,Accepted,
26836404,0568000,LOUISVILLE METRO POLICE DEPT,Accepted,JEFFERSON,KY0864,,POPLAR LEVEL,RD,,,GILMORE,,,,,38.182725868,-85.698402671,10.285,6/18/2020 12:00:00 AM,1757,2,2,0,0,CLEAR,DRY,False,OTHER INTERSECTION COLLISIONS,REAR END,STRAIGHT & LEVEL,DAYLIGHT,,,6/19/2020 8:43:02 AM,False,7448,Accepted,
26836405,0568000,LOUISVILLE METRO POLICE DEPT,Accepted,JEFFERSON,US0031E,,BARDSTOWN,RD,,,BUECHEL,,,,,38.188385781,-85.639960742,9.547,6/18/2020 12:00:00 AM,1403,2,2,0,4,CLEAR,DRY,False,ANGLE COLLISION - ONE VEHICLE TURNING LEFT,ANGLE,STRAIGHT & LEVEL,DAYLIGHT,,,6/19/2020 8:43:06 AM,False,7294,Accepted,
26836413,0568000,LOUISVILLE METRO POLICE DEPT,Accepted,JEFFERSON,I 0064,,I64 E,,,,,,,,,38.237949351,-85.665743231,10.122,6/18/2020 12:00:00 AM,1845,1,1,0,1,CLEAR,DRY,False,OTHER COLLISIONS ON SHOULDER,SINGLE VEHICLE,STRAIGHT & LEVEL,DAYLIGHT,,,6/19/2020 8:43:28 AM,False,7916,Accepted,
27022103,0568000,LOUISVILLE METRO POLICE DEPT,Accepted,JEFFERSON,I 0071,,I71 N,,,,,,,,,38.317550108,-85.574295652,9.550,6/18/2020 12:00:00 AM,2035,1,1,0,2,RAINING,WET,False,COLLISION WITH FIXED OBJECT NON - INTERSECTION - FIRST EVENT COLLISION 09 - 32 EXCLUDING 16,SINGLE VEHICLE,CURVE & LEVEL,DUSK,,,7/31/2020 8:11:45 AM,False,7369,Accepted,
27069496,0568000,LOUISVILLE METRO POLICE DEPT,Accepted,JEFFERSON,KY3064,,PORTLAND,AVE,,,29TH,,,,,38.272604481,-85.794267119,0.702,6/18/2020 12:00:00 AM,1150,2,2,0,1,CLEAR,DRY,False,SIDESWIPE-SAME DIRECTION,SIDESWIPE-SAME DIRECTION,STRAIGHT & LEVEL,DAYLIGHT,,,8/12/2020 8:11:04 AM,False,7405,Accepted,
27608317,0568000,LOUISVILLE METRO POLICE DEPT,Accepted,JEFFERSON,KY1065,,OUTER,LOOP,,,JUDGE,,,,,38.137829758,-85.669407584,7.011,6/18/2020 12:00:00 AM,1913,3,3,0,0,CLEAR,DRY,False,ANGLE COLLISION - ONE VEHICLE TURNING LEFT,ANGLE,STRAIGHT & LEVEL,DAYLIGHT,,,12/28/2020 10:45:00 AM,False,5214,Accepted,
26836398,0568000,LOUISVILLE METRO POLICE DEPT,Accepted,JEFFERSON,,,KLONDIKE,LN,,,,,,,,38.200524753,-85.643836973,0.118,6/18/2020 12:00:00 AM,0814,1,1,0,1,CLOUDY,DRY,False,COLLISION WITH FIXED OBJECT NON - INTERSECTION - FIRST EVENT COLLISION 09 - 32 EXCLUDING 16,SINGLE VEHICLE,STRAIGHT & LEVEL,DAYLIGHT,,,6/19/2020 8:42:42 AM,False,4693,Accepted,
26836414,0568000,LOUISVILLE METRO POLICE DEPT,Accepted,JEFFERSON,,,6TH,ST,S,,BRUCE,,,,,38.210240698,-85.768036808,2.454,6/18/2020 12:00:00 AM,2233,2,2,0,1,CLEAR,DRY,False,ANGLE COLLISION - OTHER,ANGLE,STRAIGHT & LEVEL,DARK-HWY LIGHTED/ON,,,6/19/2020 8:43:31 AM,False,5175,Accepted,
26836415,0568000,LOUISVILLE METRO POLICE DEPT,Accepted,JEFFERSON,,3628,CRAIG,AVE,,,,,,,,38.193180646,-85.789731642,0.180,6/18/2020 12:00:00 AM,2349,2,2,0,0,CLEAR,DRY,False,1 VEHICLE PARKED POSITION (NOT PARKING LOT/DRIVEWAY),ANGLE,STRAIGHT & LEVEL,DARK-HWY LIGHTED/ON,,,6/19/2020 8:43:34 AM,False,5175,Accepted,
26849757,0568000,LOUISVILLE METRO POLICE DEPT,Accepted,JEFFERSON,KY1020,,NATIONAL,TPKE,,,,,,,,38.141139346,-85.754493319,4.676,6/18/2020 12:00:00 AM,1315,2,2,0,0,CLEAR,DRY,False,REAR END IN TRAFFIC LANES BOTH VEHICLES MOVING,REAR END,STRAIGHT & LEVEL,DAYLIGHT,,,6/23/2020 8:41:25 AM,False,7080,Accepted,
26849758,0568000,LOUISVILLE METRO POLICE DEPT,Accepted,JEFFERSON,,,6TH,ST,S,US0150,BROADWAY,,,,,38.246332253,-85.761722076,0.741,6/18/2020 12:00:00 AM,1757,2,2,0,0,CLEAR,DRY,False,ANGLE COLLISION - OTHER,ANGLE,STRAIGHT & LEVEL,DAYLIGHT,,,6/23/2020 8:41:28 AM,False,5187,Accepted,
26849782,0568000,LOUISVILLE METRO POLICE DEPT,Accepted,JEFFERSON,KY1703,,NEWBURG,RD,,,BROADMOOR,,,,,38.186530070,-85.667492025,0.673,6/17/2020 12:00:00 AM,1206,2,2,0,0,CLEAR,DRY,False,OTHER INTERSECTION COLLISIONS,REAR END,STRAIGHT & LEVEL,DAYLIGHT,,,6/23/2020 8:42:47 AM,False,7722,Accepted,
26836395,0568000,LOUISVILLE METRO POLICE DEPT,Accepted,JEFFERSON,US0150,,22ND,ST,N,,,,,,,38.263192278,-85.785728596,0.514,6/17/2020 12:00:00 AM,1839,2,1,0,1,CLEAR,DRY,True,COLLISION WITH BICYCLIST NON INTERSECTION,SINGLE VEHICLE,CURVE & LEVEL,DAYLIGHT,,,6/19/2020 8:42:33 AM,False,7288,Accepted,
26829944,0568000,LOUISVILLE METRO POLICE DEPT,Accepted,JEFFERSON,KY1065,4801,OUTER,LOOP,,,,,,,,38.140293277,-85.672506948,6.734,6/17/2020 12:00:00 AM,1237,2,2,0,0,CLEAR,DRY,False,COLLISION IN PARKING LOT,REAR END,STRAIGHT & LEVEL,DAYLIGHT,,,6/17/2020 7:52:21 PM,False,2017,Accepted,
26829945,0568000,LOUISVILLE METRO POLICE DEPT,Accepted,JEFFERSON,,,INDIAN,TRL,E,,UNSELD,,,,,38.180068213,-85.673595194,2.070,6/17/2020 12:00:00 AM,1309,2,2,0,1,CLOUDY,DRY,False,ANGLE COLLISION - OTHER,ANGLE,STRAIGHT & LEVEL,DAYLIGHT,,,6/17/2020 7:52:25 PM,False,4693,Accepted,
26829953,0568000,LOUISVILLE METRO POLICE DEPT,Accepted,JEFFERSON,,,MARKET,ST,W,,28TH,,,,,38.259925594,-85.797611787,0.606,6/17/2020 12:00:00 AM,1803,2,2,0,0,CLEAR,DRY,False,ANGLE COLLISION - OTHER,ANGLE,STRAIGHT & LEVEL,DAYLIGHT,,,6/17/2020 7:52:56 PM,False,7988,Accepted,
26836371,0568000,LOUISVILLE METRO POLICE DEPT,Accepted,JEFFERSON,,,OAK,ST,W,,DIXIE,,,,,38.237417795,-85.786774711,1.721,6/17/2020 12:00:00 AM,1120,3,3,0,0,CLEAR,DRY,False,OTHER INTERSECTION COLLISIONS,REAR END,STRAIGHT & LEVEL,DAYLIGHT,,,6/19/2020 8:41:30 AM,False,7091,Accepted,
26836372,0568000,LOUISVILLE METRO POLICE DEPT,Accepted,JEFFERSON,KY1934,,CANE RUN,RD,,,,,RICHMONT,,KRISTIN,38.197309256,-85.839883292,9.024,6/17/2020 12:00:00 AM,1603,2,2,0,1,,,True,OTHER ROADWAY OR MID-BLOCK COLLISION,REAR END,STRAIGHT & LEVEL,,,,6/19/2020 8:41:38 AM,False,7420,Accepted,
26836373,0568000,LOUISVILLE METRO POLICE DEPT,Accepted,JEFFERSON,KY1934,,GREENBELT,HWY,,,,,RAGGARD,,LOWER HUNTERS,38.170784432,-85.875806884,6.247,6/17/2020 12:00:00 AM,1850,2,2,0,1,CLEAR,DRY,False,REAR END IN TRAFFIC LANES BOTH VEHICLES MOVING,REAR END,STRAIGHT & LEVEL,DAYLIGHT,,,6/19/2020 8:41:44 AM,False,7980,Accepted,
26836380,0568000,LOUISVILLE METRO POLICE DEPT,Accepted,JEFFERSON,,,SUNFLOWER,AVE,,KY2049,CRUMS,,,,,38.197388823,-85.832987545,0.001,6/17/2020 12:00:00 AM,1841,2,2,0,4,CLEAR,DRY,False,ANGLE COLLISION - OTHER,ANGLE,STRAIGHT & LEVEL,DAYLIGHT,,,6/19/2020 8:42:03 AM,False,7181,Accepted,
26827491,0568000,LOUISVILLE METRO POLICE DEPT,Accepted,JEFFERSON,KY1020,,SOUTHSIDE,DR,,,STRAWBERRY,,,,,38.158196932,-85.764689754,6.085,6/17/2020 12:00:00 AM,0523,2,2,0,0,CLEAR,DRY,False,ANGLE COLLISION - OTHER,ANGLE,STRAIGHT & LEVEL,DARK-HWY LIGHTED/ON,,,6/17/2020 8:33:57 AM,False,5170,Accepted,
26829947,0568000,LOUISVILLE METRO POLICE DEPT,Accepted,JEFFERSON,US0031E,,MAIN,ST,E,,1ST,,,,,38.256078627,-85.751569216,17.788,6/17/2020 12:00:00 AM,1410,2,2,0,0,CLEAR,DRY,False,SIDESWIPE-SAME DIRECTION,SIDESWIPE-SAME DIRECTION,STRAIGHT & LEVEL,DAYLIGHT,,,6/17/2020 7:52:33 PM,False,2403,Accepted,
26829955,0568000,LOUISVILLE METRO POLICE DEPT,Accepted,JEFFERSON,US0031W,,DIXIE,HWY,,,LOWER HUNTERS,,,,,38.156131826,-85.834631386,12.437,6/17/2020 12:00:00 AM,1646,2,2,0,1,CLEAR,DRY,False,OTHER INTERSECTION COLLISIONS,REAR END,STRAIGHT & LEVEL,DAYLIGHT,,,6/17/2020 7:53:03 PM,False,7340,Accepted,
26829956,0568000,LOUISVILLE METRO POLICE DEPT,Accepted,JEFFERSON,I 0264,,I264 W,,,,,,,,,38.211324081,-85.671177698,15.680,6/17/2020 12:00:00 AM,1732,2,2,0,1,CLEAR,DRY,False,OTHER ROADWAY OR MID-BLOCK COLLISION,REAR END,STRAIGHT & LEVEL,DAYLIGHT,,,6/17/2020 7:53:07 PM,False,7306,Accepted,
26827487,0568000,LOUISVILLE METRO POLICE DEPT,Accepted,JEFFERSON,I 0264,,,,,,,,,,,38.210893141,-85.672585377,,6/17/2020 12:00:00 AM,0111,1,1,0,1,CLEAR,DRY,False,OTHER RAMP RELATED COLLISIONS NOT LISTED ABOVE,SINGLE VEHICLE,CURVE & LEVEL,DARK-HWY LIGHTED/ON,US31E N,I 0264,6/17/2020 8:33:27 AM,False,2816,Accepted,
26827489,0568000,LOUISVILLE METRO POLICE DEPT,Accepted,JEFFERSON,KY1703,,NEWBURG,RD,,,,,,,,38.220397844,-85.709918287,4.106,6/17/2020 12:00:00 AM,0222,1,1,0,0,CLEAR,DRY,True,COLLISION WITH FIXED OBJECT NON - INTERSECTION - FIRST EVENT COLLISION 09 - 32 EXCLUDING 16,SINGLE VEHICLE,CURVE & HILLCREST,DARK-HWY LIGHTED/ON,,,6/17/2020 8:33:46 AM,False,2976,Accepted,
28090566,0568000,LOUISVILLE METRO POLICE DEPT,Accepted,JEFFERSON,,,BRECKINRIDGE,ST,E,KY0864,LOGAN,,,,,38.239774770,-85.739026578,0.770,6/17/2020 12:00:00 AM,2303,2,2,0,2,CLEAR,DRY,False,ANGLE COLLISION - OTHER,ANGLE,STRAIGHT & LEVEL,DARK-HWY LIGHTED/ON,,,5/4/2021 3:22:42 PM,False,2142,Accepted,
26854685,0568000,LOUISVILLE METRO POLICE DEPT,Accepted,JEFFERSON,KY3064,2130,PORTLAND,AVE,,,,,,,,38.268872503,-85.783723380,0.073,6/17/2020 12:00:00 AM,1351,2,2,0,2,CLEAR,DRY,True,REAR END IN TRAFFIC LANES BOTH VEHICLES MOVING,REAR END,STRAIGHT & LEVEL,DAYLIGHT,,,6/24/2020 12:28:25 PM,False,7988,Accepted,
26849781,0568000,LOUISVILLE METRO POLICE DEPT,Accepted,JEFFERSON,,1514,CRUMS,LN,,,,,,,,38.189381402,-85.804090445,0.281,6/17/2020 12:00:00 AM,0718,1,1,0,3,CLEAR,DRY,False,COLLISION WITH FIXED OBJECT NON - INTERSECTION - FIRST EVENT COLLISION 09 - 32 EXCLUDING 16,SINGLE VEHICLE,CURVE & LEVEL,DAYLIGHT,,,6/23/2020 8:42:41 AM,False,7872,Accepted,
26828336,0560000,JEFFERSON COUNTY SHERIFF DEPT.,Accepted,JEFFERSON,,,6TH,ST,S,,,,,,,38.255695781,-85.760065254,0.089,6/17/2020 12:00:00 AM,0840,2,2,0,0,CLEAR,DRY,False,1 VEHICLE PARKED POSITION (NOT PARKING LOT/DRIVEWAY),SIDESWIPE-SAME DIRECTION,STRAIGHT & LEVEL,DAYLIGHT,,,6/17/2020 11:56:13 AM,False,3964,Accepted,
26829951,0568000,LOUISVILLE METRO POLICE DEPT,Accepted,JEFFERSON,,,MAGAZINE,ST,,,24TH,,,,,38.251402941,-85.792089375,1.369,6/17/2020 12:00:00 AM,1629,2,1,0,1,CLEAR,DRY,False,COLLISION WITH PEDESTRIAN IN INTERSECTION,SINGLE VEHICLE,STRAIGHT & LEVEL,DAYLIGHT,,,6/17/2020 7:52:48 PM,False,7479,Accepted,
26836374,0568000,LOUISVILLE METRO POLICE DEPT,Accepted,JEFFERSON,I 0064,,,,,,,,,,,38.223245035,-85.578875102,0.396,6/17/2020 12:00:00 AM,2240,2,2,0,0,CLEAR,DRY,True,OTHER RAMP RELATED COLLISIONS NOT LISTED ABOVE,SIDESWIPE-SAME DIRECTION,STRAIGHT & LEVEL,DARK-HWY LIGHTED/ON,I 0064,KY1747,6/19/2020 8:41:48 AM,False,6777,Accepted,
26836392,0568000,LOUISVILLE METRO POLICE DEPT,Accepted,JEFFERSON,KY1865,5205,NEW CUT,RD,,,,,,,,38.161361997,-85.779032727,3.756,6/17/2020 12:00:00 AM,2125,2,2,0,0,CLEAR,DRY,False,REAR END IN TRAFFIC LANES BOTH VEHICLES MOVING,REAR END,STRAIGHT & LEVEL,DUSK,,,6/19/2020 8:42:24 AM,False,5276,Accepted,
26829941,0568000,LOUISVILLE METRO POLICE DEPT,Accepted,JEFFERSON,KY0061,,PRESTON,ST,S,,FETTER,,,,,38.215480228,-85.743934882,10.197,6/17/2020 12:00:00 AM,1140,2,1,0,1,CLEAR,DRY,False,COLLISION WITH BICYCLE IN INTERSECTION,SINGLE VEHICLE,STRAIGHT & LEVEL,DAYLIGHT,,,6/17/2020 7:52:10 PM,False,7391,Accepted,
26829948,0568000,LOUISVILLE METRO POLICE DEPT,Accepted,JEFFERSON,,1526,SHELBY,ST,S,,,,BURNETT,,SYLVIA,38.224519085,-85.742389035,0.409,6/17/2020 12:00:00 AM,1459,2,2,0,2,CLEAR,DRY,False,1 VEHICLE PARKED POSITION (NOT PARKING LOT/DRIVEWAY),REAR END,STRAIGHT & LEVEL,DAYLIGHT,,,6/17/2020 7:52:37 PM,False,7391,Accepted,