IncidentID,AgencyORI,AgencyName,IncidentStatusDesc,County,RdwyNumber,Street,RoadwayName,StreetSfx,StreetDir,IntersectionRdwy,IntersectionRdwyName,BetweenStRdwy1,BetweenStRdwyName1,BetweenStRdwy2,BetweenStRdwyName2,Latitude,Longitude,Milepoint,CollisionDate,CollisionTime,UnitsInvolved,MotorVehiclesInvolved,NumberKilled,NumberInjured,Weather,RdwyConditionCode,HitandRun,DirAnalysisCode,MannerofCollision,RdwyCharacter,LightCondition,RampFromRdwyId,RampToRdwyId,AcceptedDate,IsSecondaryCollision,OwnerBadge,IncidentStatus,
26829949,0568000,LOUISVILLE METRO POLICE DEPT,Accepted,JEFFERSON,,,10TH,ST,S,,,US0031W,MARKET,US0031W,MAIN,38.257032367,-85.766573671,0.047,6/17/2020 12:00:00 AM,1556,2,2,0,0,CLEAR,DRY,False,1 VEHICLE PARKED POSITION (NOT PARKING LOT/DRIVEWAY),ANGLE,STRAIGHT & LEVEL,DAYLIGHT,,,6/17/2020 7:52:41 PM,False,5187,Accepted,
26829950,0568000,LOUISVILLE METRO POLICE DEPT,Accepted,JEFFERSON,US0150,,BROADWAY,,W,,DIXIE,,,,,38.248952768,-85.782128090,1.073,6/17/2020 12:00:00 AM,1404,2,1,0,0,CLEAR,DRY,False,COLLISION WITH PEDESTRIAN IN INTERSECTION,SINGLE VEHICLE,STRAIGHT & LEVEL,DAYLIGHT,,,6/17/2020 7:52:44 PM,False,7805,Accepted,
26836376,0568000,LOUISVILLE METRO POLICE DEPT,Accepted,JEFFERSON,US0031W,,DIXIE,HWY,,,BLANTON,,,,,38.157358899,-85.833879889,12.525,6/17/2020 12:00:00 AM,2350,2,2,0,0,CLEAR,DRY,True,ANGLE COLLISION - OTHER,ANGLE,STRAIGHT & LEVEL,DARK-HWY LIGHTED/ON,,,6/19/2020 8:41:53 AM,False,5048,Accepted,
26836418,0568000,LOUISVILLE METRO POLICE DEPT,Accepted,JEFFERSON,,,26TH,ST,S,,CHESTNUT,,,,,38.253004780,-85.794490745,0.536,6/17/2020 12:00:00 AM,2016,2,2,0,10,CLEAR,DRY,False,ANGLE COLLISION - OTHER,ANGLE,STRAIGHT & LEVEL,DAYLIGHT,,,6/19/2020 8:43:46 AM,False,5021,Accepted,
26870847,0568000,LOUISVILLE METRO POLICE DEPT,Accepted,JEFFERSON,,,FOREMAN,LN,,KY1450,BLUE LICK,,,,,38.129296490,-85.689465966,0.673,6/17/2020 12:00:00 AM,1548,3,3,0,2,CLEAR,DRY,False,OTHER INTERSECTION COLLISIONS,REAR TO REAR,STRAIGHT & LEVEL,DAYLIGHT,,,6/29/2020 9:39:06 AM,False,7269,Accepted,
26887698,0568000,LOUISVILLE METRO POLICE DEPT,Accepted,JEFFERSON,KY1020,,2ND,ST,S,,BLOOM,,,,,38.221716761,-85.759285998,10.419,6/17/2020 12:00:00 AM,1338,2,2,0,1,CLEAR,DRY,False,COLLISION WITH PARKED VEHICLE,ANGLE,CURVE & LEVEL,DAYLIGHT,,,7/3/2020 9:16:09 AM,False,7322,Accepted,
26854716,0568000,LOUISVILLE METRO POLICE DEPT,Accepted,JEFFERSON,,,BARRET,AVE,,,,,,,,38.235975461,-85.727935596,0.987,6/16/2020 12:00:00 AM,1245,2,2,0,0,CLEAR,DRY,False,1 VEHICLE PARKED POSITION (NOT PARKING LOT/DRIVEWAY),SIDESWIPE-SAME DIRECTION,STRAIGHT & LEVEL,DAYLIGHT,,,6/24/2020 12:30:19 PM,False,7280,Accepted,
26827469,0568000,LOUISVILLE METRO POLICE DEPT,Accepted,JEFFERSON,KY1934,,CANE RUN,RD,,KY2054,ALGONQUIN,,,,,38.224386509,-85.809336067,11.501,6/16/2020 12:00:00 AM,1415,2,2,0,2,CLEAR,DRY,False,SIDESWIPE COLLISION - SAME DIRECTION,SIDESWIPE-SAME DIRECTION,STRAIGHT & LEVEL,DAYLIGHT,,,6/17/2020 8:32:15 AM,False,5280,Accepted,
26827478,0568000,LOUISVILLE METRO POLICE DEPT,Accepted,JEFFERSON,KY2054,,ALGONQUIN,PKWY,,,DIXIE,,,,,38.223162445,-85.792503378,1.640,6/16/2020 12:00:00 AM,1525,1,1,0,0,CLEAR,DRY,False,OTHER INTERSECTION COLLISIONS,SINGLE VEHICLE,STRAIGHT & LEVEL,DAYLIGHT,,,6/17/2020 8:32:53 AM,False,7538,Accepted,
26827486,0568000,LOUISVILLE METRO POLICE DEPT,Accepted,JEFFERSON,US0031E,,BARDSTOWN,RD,,KY1065,SEATONVILLE,,,,,38.149937893,-85.587250362,5.561,6/16/2020 12:00:00 AM,0547,2,2,0,2,CLEAR,DRY,False,ANGLE COLLISION - OTHER,ANGLE,STRAIGHT & LEVEL,DARK (UNKNOWN ROADWAY LIGHTING),,,6/17/2020 8:33:24 AM,False,7828,Accepted,
26827477,0568000,LOUISVILLE METRO POLICE DEPT,Accepted,JEFFERSON,,,DIXDALE,AVE,,,DIXIE,,,,,38.222171311,-85.792921476,0.475,6/16/2020 12:00:00 AM,1525,1,1,0,0,CLEAR,DRY,False,OTHER INTERSECTION COLLISIONS,SINGLE VEHICLE,STRAIGHT & LEVEL,DAYLIGHT,,,6/17/2020 8:32:47 AM,False,7538,Accepted,
26827483,0568000,LOUISVILLE METRO POLICE DEPT,Accepted,JEFFERSON,I 0071,,,,,,,,,,,38.314897479,-85.584911382,0.113,6/16/2020 12:00:00 AM,0617,1,1,0,0,CLEAR,DRY,False,OVERTURNED ON RAMP,SINGLE VEHICLE,CURVE & GRADE,DAWN,I 0071,I 0265,6/17/2020 8:33:13 AM,False,7098,Accepted,
26827484,0568000,LOUISVILLE METRO POLICE DEPT,Accepted,JEFFERSON,,3001,CHAMBERLAIN,LN,,,,I 0265,I265 S EXIT33 OFF RAMP TO  CHAMBERLAIN LN,,WINCHESTER ACRES,38.291101735,-85.537098350,1.469,6/16/2020 12:00:00 AM,0530,2,2,0,1,CLEAR,DRY,False,SIDESWIPE COLLISION - SAME DIRECTION,SIDESWIPE-SAME DIRECTION,STRAIGHT & LEVEL,DAWN,,,6/17/2020 8:33:16 AM,False,7098,Accepted,
26827485,0568000,LOUISVILLE METRO POLICE DEPT,Accepted,JEFFERSON,,,35TH,ST,S,,BROADWAY,,,,,38.250005851,-85.810166480,0.577,6/16/2020 12:00:00 AM,1840,2,2,0,1,CLEAR,DRY,False,HEAD-ON COLLISION,HEAD ON,STRAIGHT & LEVEL,DAYLIGHT,,,6/17/2020 8:33:20 AM,False,5181,Accepted,
26827492,0568000,LOUISVILLE METRO POLICE DEPT,Accepted,JEFFERSON,,532,FLORENCE,AVE,W,,6TH,,,,,38.191084687,-85.770478225,0.371,6/16/2020 12:00:00 AM,2340,2,2,0,0,CLEAR,DRY,False,COLLISION WITH PARKED VEHICLE,HEAD ON,STRAIGHT & LEVEL,DARK-HWY LIGHTED/ON,,,6/17/2020 8:34:01 AM,False,7435,Accepted,
26845819,0568000,LOUISVILLE METRO POLICE DEPT,Accepted,JEFFERSON,I 0265,,I265 W,,,,,,,,,38.118284031,-85.643514717,13.543,6/16/2020 12:00:00 AM,1635,3,3,0,0,CLOUDY,DRY,False,OTHER ROADWAY OR MID-BLOCK COLLISION,REAR END,STRAIGHT & LEVEL,DAYLIGHT,,,6/22/2020 10:36:19 AM,False,2583,Accepted,
26845820,0568000,LOUISVILLE METRO POLICE DEPT,Accepted,JEFFERSON,KY0061,,PRESTON,HWY,,,,,GLEN ROSE,KY2845,MANSLICK,38.115562842,-85.676456404,2.252,6/16/2020 12:00:00 AM,1720,3,3,0,0,CLOUDY,DRY,False,REAR END IN TRAFFIC LANES BOTH VEHICLES MOVING,REAR END,STRAIGHT & LEVEL,DAYLIGHT,,,6/22/2020 10:36:23 AM,False,2583,Accepted,
26822812,0568000,LOUISVILLE METRO POLICE DEPT,Accepted,JEFFERSON,I 0264,,I264 W,,,,,,,,,38.190051742,-85.750172824,11.009,6/16/2020 12:00:00 AM,0635,1,1,0,0,CLEAR,DRY,False,COLLISION WITH FIXED OBJECT NON - INTERSECTION - FIRST EVENT COLLISION 09 - 32 EXCLUDING 16,SINGLE VEHICLE,STRAIGHT & LEVEL,DAYLIGHT,,,6/16/2020 8:33:22 AM,False,4903,Accepted,
26827458,0568000,LOUISVILLE METRO POLICE DEPT,Accepted,JEFFERSON,I 0264,,I264 E,,,,,,,,,38.244396506,-85.812837236,2.411,6/16/2020 12:00:00 AM,1506,2,2,0,0,CLEAR,DRY,True,SIDESWIPE COLLISION - SAME DIRECTION,SIDESWIPE-SAME DIRECTION,STRAIGHT & LEVEL,DAYLIGHT,,,6/17/2020 8:31:03 AM,False,7328,Accepted,
26827475,0568000,LOUISVILLE METRO POLICE DEPT,Accepted,JEFFERSON,,,BLANTON,LN,,US0031W,DIXIE,,,,,38.157501997,-85.833911576,0.010,6/16/2020 12:00:00 AM,1144,2,2,0,0,CLEAR,DRY,False,ANGLE COLLISION - OTHER,ANGLE,STRAIGHT & LEVEL,DAYLIGHT,,,6/17/2020 8:32:38 AM,False,5100,Accepted,
26827476,0568000,LOUISVILLE METRO POLICE DEPT,Accepted,JEFFERSON,KY1931,,MANSLICK,RD,,,PIKES PEAK,,,,,38.165794220,-85.797425763,6.270,6/16/2020 12:00:00 AM,1625,2,2,0,2,CLEAR,DRY,False,ANGLE COLLISION - OTHER,ANGLE,STRAIGHT & GRADE,DAYLIGHT,,,6/17/2020 8:32:42 AM,False,5100,Accepted,
26827459,0568000,LOUISVILLE METRO POLICE DEPT,Accepted,JEFFERSON,KY1932,,BRECKENRIDGE,LN,,,,,,,,38.221148329,-85.631557772,2.953,6/16/2020 12:00:00 AM,1619,2,2,0,1,CLEAR,DRY,False,REAR END IN TRAFFIC LANES BOTH VEHICLES MOVING,REAR END,STRAIGHT & LEVEL,DAYLIGHT,,,6/17/2020 8:31:09 AM,False,7864,Accepted,
26827482,0568000,LOUISVILLE METRO POLICE DEPT,Accepted,JEFFERSON,,,CENTRAL,AVE,,KY1631,CRITTENDEN,,,,,38.202936651,-85.750781860,0.004,6/16/2020 12:00:00 AM,2021,1,1,0,0,CLEAR,DRY,False,NON-COLLISION OBJECT COLLISION,SINGLE VEHICLE,CURVE & LEVEL,DARK-HWY LIGHTED/ON,,,6/17/2020 8:33:09 AM,False,5163,Accepted,
26827490,0568000,LOUISVILLE METRO POLICE DEPT,Accepted,JEFFERSON,KY1020,,3RD,ST,S,US0150,BROADWAY,,,,,38.245957950,-85.756729726,12.099,6/16/2020 12:00:00 AM,2155,2,2,0,0,CLEAR,DRY,True,OTHER INTERSECTION COLLISIONS,REAR END,,DARK-HWY LIGHTED/ON,,,6/17/2020 8:33:53 AM,False,5172,Accepted,
26827471,0568000,LOUISVILLE METRO POLICE DEPT,Accepted,JEFFERSON,I 0264,,I264 W,,,,,,,,,38.192632571,-85.712812480,13.026,6/16/2020 12:00:00 AM,1623,2,2,0,0,CLEAR,DRY,False,SIDESWIPE COLLISION - SAME DIRECTION,SIDESWIPE-SAME DIRECTION,STRAIGHT & LEVEL,DAYLIGHT,,,6/17/2020 8:32:20 AM,False,2499,Accepted,
26827479,0568000,LOUISVILLE METRO POLICE DEPT,Accepted,JEFFERSON,,,3RD,ST,S,KY2801,FLORENCE,,,,,38.191180390,-85.764890494,0.650,6/16/2020 12:00:00 AM,1745,3,3,0,1,CLEAR,DRY,False,OPPOSING LEFT TURN,OPPOSING LEFT TURN,STRAIGHT & LEVEL,DAYLIGHT,,,6/17/2020 8:32:57 AM,False,7207,Accepted,
26827463,0568000,LOUISVILLE METRO POLICE DEPT,Accepted,JEFFERSON,,,BROAD RUN,RD,,,,,,,,38.127675394,-85.541874250,0.892,6/16/2020 12:00:00 AM,1311,2,2,0,0,CLEAR,DRY,False,SIDESWIPE COLLISION - OPPOSITE DIRECTION,SIDESWIPE-OPPOSITE DIRECTION,CURVE & GRADE,DAYLIGHT,,,6/17/2020 8:31:55 AM,False,2308,Accepted,
26827473,0568000,LOUISVILLE METRO POLICE DEPT,Accepted,JEFFERSON,KY2055,10608,MANSLICK,RD,W,,,,,,,38.105267586,-85.759035152,1.393,6/16/2020 12:00:00 AM,0515,1,1,0,0,CLEAR,DRY,True,COLLISION WITH FIXED OBJECT NON - INTERSECTION - FIRST EVENT COLLISION 09 - 32 EXCLUDING 16,SINGLE VEHICLE,STRAIGHT & LEVEL,DARK (UNKNOWN ROADWAY LIGHTING),,,6/17/2020 8:32:28 AM,False,5266,Accepted,
26827456,0568000,LOUISVILLE METRO POLICE DEPT,Accepted,JEFFERSON,,,CRITTENDEN,DR,,,,,,,,38.190769289,-85.756844204,0.720,6/16/2020 12:00:00 AM,1013,2,2,0,1,CLEAR,DRY,False,1 VEHICLE ENTERING/LEAVING ENTRANCE,ANGLE,CURVE & LEVEL,DAYLIGHT,,,6/17/2020 8:30:54 AM,False,4693,Accepted,
26837919,0568000,LOUISVILLE METRO POLICE DEPT,Accepted,JEFFERSON,KY0146,,LA GRANGE,RD,,,,,,,,38.277781304,-85.518056630,6.730,6/16/2020 12:00:00 AM,1827,2,2,0,0,CLEAR,DRY,False,1 VEHICLE ENTERING/LEAVING ENTRANCE,ANGLE,STRAIGHT & GRADE,DAYLIGHT,,,6/19/2020 3:25:28 PM,False,6532,Accepted,
26845806,0568000,LOUISVILLE METRO POLICE DEPT,Accepted,JEFFERSON,,,HILL,ST,W,KY1020,2ND,,,,,38.225656260,-85.758580028,0.090,6/16/2020 12:00:00 AM,1600,2,2,0,0,CLEAR,DRY,False,ANGLE COLLISION - OTHER,ANGLE,STRAIGHT & LEVEL,DAYLIGHT,,,6/22/2020 10:35:21 AM,False,7296,Accepted,
26845741,0568000,LOUISVILLE METRO POLICE DEPT,Accepted,JEFFERSON,I 0065,,I65 S,,,,,,,,,38.086645430,-85.701198805,123.201,6/16/2020 12:00:00 AM,2143,1,1,0,1,CLEAR,DRY,False,COLLISION WITH FIXED OBJECT NON - INTERSECTION - FIRST EVENT COLLISION 09 - 32 EXCLUDING 16,SINGLE VEHICLE,STRAIGHT & LEVEL,DARK-HWY LIGHTED/ON,,,6/22/2020 10:30:22 AM,False,7474,Accepted,
26845807,0568000,LOUISVILLE METRO POLICE DEPT,Accepted,JEFFERSON,KY1932,,BRECKENRIDGE,LN,,,WILLIS,,,,,38.251448093,-85.654222898,5.399,6/16/2020 12:00:00 AM,1256,2,2,0,0,CLEAR,DRY,False,OPPOSING LEFT TURN,OPPOSING LEFT TURN,STRAIGHT & LEVEL,DAYLIGHT,,,6/22/2020 10:35:25 AM,True,2673,Accepted,
26836407,0568000,LOUISVILLE METRO POLICE DEPT,Accepted,JEFFERSON,,,6TH,ST,S,,JEFFERSON,,,,,38.254200388,-85.760320595,0.194,6/15/2020 12:00:00 AM,0830,3,1,0,0,,,True,COLLISION WITH PEDESTRIAN IN INTERSECTION,SINGLE VEHICLE,STRAIGHT & LEVEL,DAYLIGHT,,,6/19/2020 8:43:10 AM,False,7190,Accepted,
26845763,0568000,LOUISVILLE METRO POLICE DEPT,Accepted,JEFFERSON,,1868,BLUEGRASS,AVE,,,,,,,,38.179224204,-85.795822285,0.165,6/15/2020 12:00:00 AM,1126,2,2,0,2,CLEAR,DRY,True,REAR END IN TRAFFIC LANES BOTH VEHICLES MOVING,REAR END,STRAIGHT & HILLCREST,DAYLIGHT,,,6/22/2020 10:32:38 AM,False,7471,Accepted,
26827455,0568000,LOUISVILLE METRO POLICE DEPT,Accepted,JEFFERSON,,,DUMESNIL,ST,,,26TH,,,,,38.236402122,-85.796401141,1.302,6/15/2020 12:00:00 AM,1825,2,2,0,1,CLEAR,DRY,False,HEAD-ON COLLISION,HEAD ON,STRAIGHT & LEVEL,DAYLIGHT,,,6/17/2020 8:30:49 AM,False,5257,Accepted,
26827457,0568000,LOUISVILLE METRO POLICE DEPT,Accepted,JEFFERSON,US0042,,BROWNSBORO,RD,,,HILLCREST,,,,,38.260622059,-85.685702387,2.751,6/15/2020 12:00:00 AM,1640,1,1,0,1,CLEAR,DRY,False,COLLISION WITH FIXED OBJECT IN INTERSECTION - FIRST EVENT COLLISION 09 - 32,SINGLE VEHICLE,STRAIGHT & HILLCREST,DAYLIGHT,,,6/17/2020 8:30:59 AM,False,2673,Accepted,
26822810,0568000,LOUISVILLE METRO POLICE DEPT,Accepted,JEFFERSON,KY1931,,MANSLICK,RD,,,,,,,,38.158326864,-85.798929160,5.746,6/15/2020 12:00:00 AM,2222,3,3,0,1,CLEAR,DRY,False,SIDESWIPE COLLISION - OPPOSITE DIRECTION,SIDESWIPE-OPPOSITE DIRECTION,STRAIGHT & LEVEL,DARK-HWY LIGHTED/ON,,,6/16/2020 8:33:14 AM,False,5224,Accepted,
26827454,0568000,LOUISVILLE METRO POLICE DEPT,Accepted,JEFFERSON,,911,BROOK,ST,S,,,,,,,38.241105135,-85.751641109,2.514,6/15/2020 12:00:00 AM,1025,2,1,0,1,CLOUDY,DRY,True,OTHER ROADWAY OR MID-BLOCK COLLISION,SINGLE VEHICLE,STRAIGHT & LEVEL,DAYLIGHT,,,6/17/2020 8:30:44 AM,False,7468,Accepted,
26827480,0568000,LOUISVILLE METRO POLICE DEPT,Accepted,JEFFERSON,,2320,CRITTENDEN,DR,,,,,,,,38.213248387,-85.751153592,0.251,6/15/2020 12:00:00 AM,0020,3,3,0,0,CLEAR,DRY,False,1 VEHICLE PARKED POSITION (NOT PARKING LOT/DRIVEWAY),HEAD ON,STRAIGHT & LEVEL,DARK-HWY LIGHTED/ON,,,6/17/2020 8:33:01 AM,False,5204,Accepted,
26827481,0568000,LOUISVILLE METRO POLICE DEPT,Accepted,JEFFERSON,,,OAK,ST,E,,SWAN,,,,,38.232930475,-85.737295782,0.999,6/15/2020 12:00:00 AM,1859,6,6,0,0,CLEAR,DRY,True,ANGLE COLLISION - OTHER,ANGLE,STRAIGHT & GRADE,DAYLIGHT,,,6/17/2020 8:33:05 AM,False,5204,Accepted,
26836389,0568000,LOUISVILLE METRO POLICE DEPT,Accepted,JEFFERSON,,,6TH,ST,S,,KENTUCKY,,,,,38.240707804,-85.762672322,1.133,6/15/2020 12:00:00 AM,0449,2,2,0,0,CLEAR,DRY,True,NON-COLLISION OBJECT COLLISION,HEAD ON,STRAIGHT & LEVEL,DARK-HWY LIGHTED/ON,,,6/19/2020 8:42:20 AM,False,7344,Accepted,
26822793,0568000,LOUISVILLE METRO POLICE DEPT,Accepted,JEFFERSON,KY0864,,POPLAR LEVEL,RD,,,TILE FACTORY,,,,,38.184664736,-85.699936704,10.461,6/15/2020 12:00:00 AM,0831,2,2,0,2,CLEAR,DRY,False,ANGLE COLLISION - ONE VEHICLE TURNING LEFT,ANGLE,STRAIGHT & LEVEL,DAYLIGHT,,,6/16/2020 8:32:01 AM,False,4693,Accepted,
26822800,0568000,LOUISVILLE METRO POLICE DEPT,Accepted,JEFFERSON,,,3RD,ST,S,,EVELYN,,,,,38.196780193,-85.765001259,0.263,6/15/2020 12:00:00 AM,1330,2,2,0,0,CLEAR,DRY,False,ANGLE COLLISION - OTHER,ANGLE,STRAIGHT & LEVEL,DAYLIGHT,,,6/16/2020 8:32:36 AM,False,7207,Accepted,
26822801,0568000,LOUISVILLE METRO POLICE DEPT,Accepted,JEFFERSON,US0060A,,BERRY,BLVD,,,POWELL,,,,,38.196530562,-85.790804593,1.035,6/15/2020 12:00:00 AM,1400,2,2,0,1,CLEAR,DRY,False,OTHER INTERSECTION COLLISIONS,REAR END,STRAIGHT & LEVEL,DAYLIGHT,,,6/16/2020 8:32:40 AM,False,7298,Accepted,
26822802,0568000,LOUISVILLE METRO POLICE DEPT,Accepted,JEFFERSON,,640,MIX,AVE,,,,,,,,38.222390931,-85.770770583,0.051,6/15/2020 12:00:00 AM,1645,2,2,0,1,CLEAR,DRY,False,1 VEHICLE ENTERING/LEAVING ENTRANCE,ANGLE,STRAIGHT & LEVEL,DAYLIGHT,,,6/16/2020 8:32:43 AM,False,7298,Accepted,
26822798,0568000,LOUISVILLE METRO POLICE DEPT,Accepted,JEFFERSON,US0060A,,TAYLOR,BLVD,,,,,CENTRAL,,BURTON,38.206354912,-85.776149122,2.291,6/15/2020 12:00:00 AM,1422,2,2,0,1,CLEAR,DRY,False,1 VEHICLE ENTERING/LEAVING ENTRANCE,ANGLE,STRAIGHT & LEVEL,DAYLIGHT,,,6/16/2020 8:32:29 AM,False,2499,Accepted,
26822799,0568000,LOUISVILLE METRO POLICE DEPT,Accepted,JEFFERSON,,,GARLAND,AVE,,US0031W,22ND,,,,,38.244133367,-85.788638699,1.149,6/15/2020 12:00:00 AM,1125,2,2,0,0,CLEAR,DRY,False,ANGLE COLLISION - OTHER,ANGLE,STRAIGHT & LEVEL,DAYLIGHT,,,6/16/2020 8:32:33 AM,False,5253,Accepted,
26821116,0560400,SHIVELY POLICE DEPARTMENT,Accepted,JEFFERSON,US0031W,,DIXIE,HWY,,KY2051,ROCKFORD,,,,,38.173840220,-85.823777099,13.789,6/15/2020 12:00:00 AM,1100,2,2,0,0,CLEAR,DRY,False,SIDESWIPE-SAME DIRECTION,SIDESWIPE-SAME DIRECTION,STRAIGHT & LEVEL,DAYLIGHT,,,6/15/2020 6:34:58 PM,False,7091,Accepted,
26808859,0568000,LOUISVILLE METRO POLICE DEPT,Accepted,JEFFERSON,,,OLD TOWNE,RD,,,CAPE COD,,,,,38.146700827,-85.763832814,0.226,6/15/2020 12:00:00 AM,0153,2,2,0,0,CLEAR,DRY,False,COLLISION WITH PARKED VEHICLE,HEAD ON,STRAIGHT & LEVEL,DARK-HWY LIGHTED/ON,,,6/15/2020 9:50:26 AM,False,5220,Accepted,
26822796,0568000,LOUISVILLE METRO POLICE DEPT,Accepted,JEFFERSON,US0031E,,BARDSTOWN,RD,,,CREWS,,,,,38.180555836,-85.625709357,8.719,6/15/2020 12:00:00 AM,1129,2,2,0,1,CLEAR,DRY,False,SIDESWIPE-SAME DIRECTION,SIDESWIPE-SAME DIRECTION,STRAIGHT & LEVEL,DAYLIGHT,,,6/16/2020 8:32:16 AM,False,7307,Accepted,
26822797,0568000,LOUISVILLE METRO POLICE DEPT,Accepted,JEFFERSON,KY1865,,NEW CUT,RD,,KY0907,SOUTHSIDE,,,,,38.145937076,-85.775271940,2.676,6/15/2020 12:00:00 AM,1333,3,3,0,0,CLOUDY,DRY,False,OTHER INTERSECTION COLLISIONS,REAR END,STRAIGHT & LEVEL,DAYLIGHT,,,6/16/2020 8:32:24 AM,False,7768,Accepted,
26822804,0568000,LOUISVILLE METRO POLICE DEPT,Accepted,JEFFERSON,I 0064,,I64 W,,,,,,,,,38.258905741,-85.747999188,4.769,6/15/2020 12:00:00 AM,1550,2,2,0,0,CLEAR,DRY,False,SIDESWIPE COLLISION - SAME DIRECTION,SIDESWIPE-SAME DIRECTION,CURVE & LEVEL,DAYLIGHT,,,6/16/2020 8:32:53 AM,False,7881,Accepted,
26879713,0568000,LOUISVILLE METRO POLICE DEPT,Accepted,JEFFERSON,US0031W,,DIXIE,HWY,,,BETHANY,,,,,38.095695124,-85.873891806,7.722,6/15/2020 12:00:00 AM,2221,2,2,0,1,CLEAR,DRY,False,OPPOSING LEFT TURN,OPPOSING LEFT TURN,STRAIGHT & LEVEL,DARK-HWY LIGHTED/ON,,,7/1/2020 10:23:02 AM,False,7720,Accepted,
26822805,0568000,LOUISVILLE METRO POLICE DEPT,Accepted,JEFFERSON,,,CENTRAL,AVE,,KY1020,3RD,,,,,38.204746155,-85.763944724,0.350,6/14/2020 12:00:00 AM,1519,2,2,0,1,CLEAR,DRY,False,ANGLE COLLISION - OTHER,ANGLE,STRAIGHT & LEVEL,DAYLIGHT,,,6/16/2020 8:32:56 AM,False,2000,Accepted,
26808852,0568000,LOUISVILLE METRO POLICE DEPT,Accepted,JEFFERSON,KY1747,,HURSTBOURNE,PKWY,S,,AMBROSSE,,,,,38.193054339,-85.604963776,9.200,6/14/2020 12:00:00 AM,2112,2,2,0,1,CLEAR,DRY,False,OTHER INTERSECTION COLLISIONS,REAR END,STRAIGHT & LEVEL,DUSK,,,6/15/2020 9:50:06 AM,False,7492,Accepted,
26808857,0568000,LOUISVILLE METRO POLICE DEPT,Accepted,JEFFERSON,,,7TH,ST,S,,SHIPP,,,,,38.226215711,-85.769295265,0.616,6/14/2020 12:00:00 AM,2213,2,2,0,1,CLEAR,DRY,False,REAR END - ONE VEHICLE TURNING RIGHT,REAR END,STRAIGHT & LEVEL,DARK-HWY LIGHTED/ON,,,6/15/2020 9:50:23 AM,False,5196,Accepted,
26808816,0568000,LOUISVILLE METRO POLICE DEPT,Accepted,JEFFERSON,KY0864,,POPLAR LEVEL,RD,,,PRODUCE,,,,,38.179186574,-85.691822145,9.918,6/14/2020 12:00:00 AM,0115,2,2,0,1,CLEAR,DRY,True,OPPOSING LEFT TURN,OPPOSING LEFT TURN,STRAIGHT & LEVEL,DARK-HWY NOT LIGHTED,,,6/15/2020 9:48:22 AM,False,5286,Accepted,
26808825,0568000,LOUISVILLE METRO POLICE DEPT,Accepted,JEFFERSON,I 0264,,,,,,,,,,,38.226720921,-85.639965498,0.214,6/14/2020 12:00:00 AM,0820,1,1,0,0,RAINING,WET,False,COLLISION WITH FIXED OBJECT NOT IN GORE ,SINGLE VEHICLE,STRAIGHT & LEVEL,DAYLIGHT,I 0264,KY1932,6/15/2020 9:48:41 AM,False,6406,Accepted,
26808843,0568000,LOUISVILLE METRO POLICE DEPT,Accepted,JEFFERSON,,,CAMP,ST,,KY0061,JACKSON,,,,,38.231738595,-85.747901890,0.182,6/14/2020 12:00:00 AM,1326,2,2,0,0,CLEAR,DRY,False,ANGLE COLLISION - OTHER,ANGLE,STRAIGHT & LEVEL,DAYLIGHT,,,6/15/2020 9:49:29 AM,False,7407,Accepted,
26808844,0568000,LOUISVILLE METRO POLICE DEPT,Accepted,JEFFERSON,,,CAMP,ST,,KY0061,JACKSON,,,,,38.231669347,-85.747984038,0.177,6/14/2020 12:00:00 AM,1717,2,2,0,2,CLEAR,DRY,False,ANGLE COLLISION - OTHER,ANGLE,STRAIGHT & LEVEL,DAYLIGHT,,,6/15/2020 9:49:32 AM,False,7407,Accepted,
26808841,0568000,LOUISVILLE METRO POLICE DEPT,Accepted,JEFFERSON,,9100B,PENNSYLVANIA RUN,RD,,,,,,,,38.113847494,-85.630174967,0.873,6/14/2020 12:00:00 AM,1330,2,2,0,2,CLEAR,DRY,False,SIDESWIPE COLLISION - SAME DIRECTION,SIDESWIPE-SAME DIRECTION,STRAIGHT & GRADE,DAYLIGHT,,,6/15/2020 9:49:20 AM,False,7354,Accepted,
26849772,0568000,LOUISVILLE METRO POLICE DEPT,Accepted,JEFFERSON,,,12TH,ST,S,,,,,,,38.247588835,-85.771632557,0.387,6/14/2020 12:00:00 AM,1953,2,2,0,2,CLEAR,DRY,False,1 VEHICLE ENTERING/LEAVING ENTRANCE,ANGLE,STRAIGHT & LEVEL,DAYLIGHT,,,6/23/2020 8:42:11 AM,False,7190,Accepted,
26845860,0568000,LOUISVILLE METRO POLICE DEPT,Accepted,JEFFERSON,,,FAYETTE,AVE,,,LARUE,,,,,38.197885553,-85.729810538,0.161,6/14/2020 12:00:00 AM,1645,3,3,0,0,CLEAR,DRY,False,COLLISION WITH PARKED VEHICLE,SIDESWIPE-SAME DIRECTION,STRAIGHT & LEVEL,DAYLIGHT,,,6/22/2020 10:37:57 AM,False,7938,Accepted,
26836383,0568000,LOUISVILLE METRO POLICE DEPT,Accepted,JEFFERSON,,,7TH,ST,S,,HILL,,,,,38.226763010,-85.768995616,0.658,6/14/2020 12:00:00 AM,2002,2,2,0,1,CLEAR,DRY,False,ANGLE COLLISION - OTHER,ANGLE,STRAIGHT & HILLCREST,DAYLIGHT,,,6/19/2020 8:42:07 AM,False,5175,Accepted,