IncidentID,AgencyORI,AgencyName,IncidentStatusDesc,County,RdwyNumber,Street,RoadwayName,StreetSfx,StreetDir,IntersectionRdwy,IntersectionRdwyName,BetweenStRdwy1,BetweenStRdwyName1,BetweenStRdwy2,BetweenStRdwyName2,Latitude,Longitude,Milepoint,CollisionDate,CollisionTime,UnitsInvolved,MotorVehiclesInvolved,NumberKilled,NumberInjured,Weather,RdwyConditionCode,HitandRun,DirAnalysisCode,MannerofCollision,RdwyCharacter,LightCondition,RampFromRdwyId,RampToRdwyId,AcceptedDate,IsSecondaryCollision,OwnerBadge,IncidentStatus,
26836385,0568000,LOUISVILLE METRO POLICE DEPT,Accepted,JEFFERSON,,,GEORGETOWN,PL,,,CONN,,,,,38.195923844,-85.793391613,0.049,6/14/2020 12:00:00 AM,2042,2,2,0,0,CLEAR,DRY,False,ANGLE COLLISION - OTHER,ANGLE,STRAIGHT & LEVEL,DARK-HWY LIGHTED/ON,,,6/19/2020 8:42:12 AM,False,5175,Accepted,
26808854,0568000,LOUISVILLE METRO POLICE DEPT,Accepted,JEFFERSON,US0031E,,BARDSTOWN,RD,,,HUDSON,,,,,38.164910950,-85.598952400,6.803,6/14/2020 12:00:00 AM,1940,2,2,0,0,CLEAR,DRY,False,OPPOSING LEFT TURN,OPPOSING LEFT TURN,STRAIGHT & LEVEL,DAYLIGHT,,,6/15/2020 9:50:13 AM,False,7449,Accepted,
26808839,0568000,LOUISVILLE METRO POLICE DEPT,Accepted,JEFFERSON,US0031,,CLARK MEMORIAL,BRG,,,,,,,,38.261260046,-85.752466225,0.349,6/14/2020 12:00:00 AM,1300,3,3,0,2,CLOUDY,DRY,False,REAR END IN TRAFFIC LANES BOTH VEHICLES MOVING,REAR END,STRAIGHT & LEVEL,DAYLIGHT,,,6/15/2020 9:49:16 AM,False,2403,Accepted,
26808845,0568000,LOUISVILLE METRO POLICE DEPT,Accepted,JEFFERSON,,7312,SIX MILE,LN,,,,,,,,38.197664954,-85.624567928,1.617,6/14/2020 12:00:00 AM,1251,1,1,0,0,CLEAR,DRY,False,COLLISION WITH FIXED OBJECT NON - INTERSECTION - FIRST EVENT COLLISION 09 - 32 EXCLUDING 16,SINGLE VEHICLE,STRAIGHT & LEVEL,DAYLIGHT,,,6/15/2020 9:49:37 AM,False,7448,Accepted,
26808855,0568000,LOUISVILLE METRO POLICE DEPT,Accepted,JEFFERSON,,,CHESTNUT,ST,W,,8TH,,,,,38.249674903,-85.764495515,2.000,6/14/2020 12:00:00 AM,2227,2,2,0,0,CLEAR,DRY,True,OTHER INTERSECTION COLLISIONS,REAR END,STRAIGHT & LEVEL,,,,6/15/2020 9:50:16 AM,False,7325,Accepted,
26808828,0568000,LOUISVILLE METRO POLICE DEPT,Accepted,JEFFERSON,,,LYNNHURST,AVE,,,,KY1865,TAYLOR,,WHITMORE,38.178556126,-85.783100901,0.179,6/14/2020 12:00:00 AM,1350,2,1,0,1,CLEAR,DRY,False,COLLISION WITH PEDESTRIAN NON - INTERSECTION,SINGLE VEHICLE,STRAIGHT & LEVEL,DAYLIGHT,,,6/15/2020 9:48:51 AM,False,5111,Accepted,
26808812,0568000,LOUISVILLE METRO POLICE DEPT,Accepted,JEFFERSON,,,CHESTNUT,ST,W,,,,11TH,,QUEST,38.250463689,-85.771649142,1.608,6/14/2020 12:00:00 AM,0116,3,3,0,1,CLEAR,DRY,False,1 VEHICLE PARKED POSITION (NOT PARKING LOT/DRIVEWAY),SIDESWIPE-SAME DIRECTION,STRAIGHT & LEVEL,DARK-HWY LIGHTED/ON,,,6/15/2020 9:48:18 AM,False,7823,Accepted,
26822811,0568000,LOUISVILLE METRO POLICE DEPT,Accepted,JEFFERSON,KY1703,,BAXTER,AVE,,US0060A,EASTERN,,,,,38.228885028,-85.715233956,4.761,6/14/2020 12:00:00 AM,0305,2,2,0,1,CLEAR,DRY,True,OTHER INTERSECTION COLLISIONS,REAR END,STRAIGHT & LEVEL,DARK-HWY LIGHTED/ON,,,6/16/2020 8:33:18 AM,False,7304,Accepted,
26827466,0568000,LOUISVILLE METRO POLICE DEPT,Accepted,JEFFERSON,US0150,,BROADWAY,,E,,,,,,,38.244931440,-85.741821099,3.287,6/13/2020 12:00:00 AM,1231,1,1,0,0,,DRY,True,COLLISION IN PARKING LOT,SINGLE VEHICLE,STRAIGHT & LEVEL,DAYLIGHT,,,6/17/2020 8:32:11 AM,False,7239,Accepted,
26808820,0568000,LOUISVILLE METRO POLICE DEPT,Accepted,JEFFERSON,US0060,,SHELBYVILLE,RD,,KY1932,BRECKENRIDGE,,,,,38.252863055,-85.655564859,3.532,6/13/2020 12:00:00 AM,2004,2,2,0,0,CLEAR,DRY,False,OTHER INTERSECTION COLLISIONS,REAR END,STRAIGHT & LEVEL,DAYLIGHT,,,6/15/2020 9:48:26 AM,False,5240,Accepted,
26808822,0568000,LOUISVILLE METRO POLICE DEPT,Accepted,JEFFERSON,,,PORTLAND,AVE,,US0150,22ND,,,,,38.268453419,-85.782470663,0.691,6/13/2020 12:00:00 AM,2355,2,2,0,0,CLEAR,DRY,False,ANGLE COLLISION - OTHER,ANGLE,STRAIGHT & LEVEL,DARK-HWY LIGHTED/ON,,,6/15/2020 9:48:30 AM,False,5162,Accepted,
26808786,0568000,LOUISVILLE METRO POLICE DEPT,Accepted,JEFFERSON,KY3077,,RIVER,RD,,,3RD,,,,,38.258580101,-85.754427274,0.372,6/13/2020 12:00:00 AM,0116,2,2,0,0,CLEAR,DRY,True,ANGLE COLLISION - OTHER,ANGLE,CURVE & LEVEL,DARK-HWY LIGHTED/ON,,,6/15/2020 9:46:38 AM,False,5271,Accepted,
26808795,0568000,LOUISVILLE METRO POLICE DEPT,Accepted,JEFFERSON,,1300,WELLER,AVE,,,,,,,,38.215225359,-85.779264925,0.428,6/13/2020 12:00:00 AM,0742,3,3,0,0,CLEAR,DRY,True,1 VEHICLE PARKED POSITION (NOT PARKING LOT/DRIVEWAY),SIDESWIPE-SAME DIRECTION,STRAIGHT & LEVEL,DAYLIGHT,,,6/15/2020 9:47:18 AM,False,7472,Accepted,
26808850,0568000,LOUISVILLE METRO POLICE DEPT,Accepted,JEFFERSON,US0060A,,TAYLOR,BLVD,,,SALE,,,,,38.197588713,-85.782878701,1.503,6/13/2020 12:00:00 AM,0806,2,1,0,1,CLEAR,DRY,False,COLLISION WITH PEDESTRIAN IN INTERSECTION,SINGLE VEHICLE,STRAIGHT & LEVEL,DAYLIGHT,,,6/15/2020 9:49:59 AM,False,5123,Accepted,
26808782,0568000,LOUISVILLE METRO POLICE DEPT,Accepted,JEFFERSON,US0150,,BROADWAY,,E,,,,CLAY,KY0864,SHELBY,38.244751794,-85.740487224,3.356,6/13/2020 12:00:00 AM,0225,1,1,0,0,CLEAR,DRY,True,COLLISION WITH FIXED OBJECT NON - INTERSECTION - FIRST EVENT COLLISION 09 - 32 EXCLUDING 16,SINGLE VEHICLE,STRAIGHT & LEVEL,DARK-HWY LIGHTED/ON,,,6/15/2020 9:46:22 AM,False,7823,Accepted,
26808799,0568000,LOUISVILLE METRO POLICE DEPT,Accepted,JEFFERSON,,,ST CATHERINE,ST,E,,BROOK,,,,,38.236698409,-85.753288621,1.225,6/13/2020 12:00:00 AM,1517,2,2,0,0,CLEAR,DRY,False,ANGLE COLLISION - OTHER,ANGLE,STRAIGHT & LEVEL,DAYLIGHT,,,6/15/2020 9:47:36 AM,False,5111,Accepted,
26808807,0568000,LOUISVILLE METRO POLICE DEPT,Accepted,JEFFERSON,,,34TH,ST,S,,RIVER PARK,,,,,38.254493986,-85.807512594,0.544,6/13/2020 12:00:00 AM,1905,2,2,0,2,CLEAR,DRY,False,ANGLE COLLISION - OTHER,ANGLE,STRAIGHT & LEVEL,DAYLIGHT,,,6/15/2020 9:48:05 AM,False,7489,Accepted,
26808826,0568000,LOUISVILLE METRO POLICE DEPT,Accepted,JEFFERSON,,,BLUEGRASS,AVE,,,,,LONSDALE,KY1865,TAYLOR,38.179515666,-85.784192119,0.802,6/13/2020 12:00:00 AM,1741,1,1,0,1,CLEAR,DRY,False,OTHER ROADWAY OR MID-BLOCK COLLISION,SINGLE VEHICLE,STRAIGHT & LEVEL,DAYLIGHT,,,6/15/2020 9:48:44 AM,False,7978,Accepted,
26808784,0568000,LOUISVILLE METRO POLICE DEPT,Accepted,JEFFERSON,,3324,HALE,AVE,,,,,,,,38.240288187,-85.809661151,1.719,6/13/2020 12:00:00 AM,0339,2,1,0,1,CLEAR,DRY,True,OTHER ROADWAY OR MID-BLOCK COLLISION,SINGLE VEHICLE,STRAIGHT & LEVEL,DARK-HWY LIGHTED/ON,,,6/15/2020 9:46:30 AM,False,5054,Accepted,
26808785,0568000,LOUISVILLE METRO POLICE DEPT,Accepted,JEFFERSON,I 0264,,I264 W,,,,,,,,,38.188736820,-85.783950506,9.196,6/13/2020 12:00:00 AM,0248,1,1,0,1,CLEAR,DRY,False,OTHER ROADWAY OR MID-BLOCK COLLISION,SINGLE VEHICLE,CURVE & LEVEL,DARK-HWY LIGHTED/ON,,,6/15/2020 9:46:34 AM,False,5252,Accepted,
26808794,0568000,LOUISVILLE METRO POLICE DEPT,Accepted,JEFFERSON,,540,BRECKINRIDGE,ST,E,,,,,,,38.239493570,-85.736544198,0.635,6/13/2020 12:00:00 AM,1410,1,1,0,1,CLEAR,DRY,False,COLLISION WITH FIXED OBJECT NON - INTERSECTION - FIRST EVENT COLLISION 09 - 32 EXCLUDING 16,SINGLE VEHICLE,STRAIGHT & LEVEL,DAYLIGHT,,,6/15/2020 9:47:14 AM,False,7433,Accepted,
26808800,0568000,LOUISVILLE METRO POLICE DEPT,Accepted,JEFFERSON,I 0065,,I65 N,,,,,,,,,38.166586824,-85.720758263,128.928,6/13/2020 12:00:00 AM,1057,2,2,0,1,CLEAR,DRY,False,SIDESWIPE COLLISION - SAME DIRECTION,SIDESWIPE-SAME DIRECTION,STRAIGHT & GRADE,DAYLIGHT,,,6/15/2020 9:47:39 AM,False,5130,Accepted,
26808801,0568000,LOUISVILLE METRO POLICE DEPT,Accepted,JEFFERSON,KY2251,,BARDSTOWN,RD,,KY2251,KY2251 CROSSOVER,,,,,38.200182185,-85.662282953,1.192,6/13/2020 12:00:00 AM,1653,2,2,0,2,CLEAR,DRY,False,OPPOSING LEFT TURN,OPPOSING LEFT TURN,STRAIGHT & LEVEL,DAYLIGHT,,,6/15/2020 9:47:44 AM,False,7864,Accepted,
26808802,0568000,LOUISVILLE METRO POLICE DEPT,Accepted,JEFFERSON,KY1230,,CANE RUN,RD,,KY1931,GREENWOOD,,,,,38.147533484,-85.896219490,4.827,6/13/2020 12:00:00 AM,0902,2,2,0,5,CLEAR,DRY,False,ANGLE COLLISION - OTHER,ANGLE,STRAIGHT & LEVEL,DAYLIGHT,,,6/15/2020 9:47:48 AM,False,7177,Accepted,
26808809,0568000,LOUISVILLE METRO POLICE DEPT,Accepted,JEFFERSON,,,RANGELAND,RD,,,ROBINWOOD,,,,,38.164680258,-85.665242996,0.935,6/13/2020 12:00:00 AM,2307,2,2,0,4,CLEAR,DRY,False,OPPOSING LEFT TURN,OPPOSING LEFT TURN,STRAIGHT & LEVEL,DARK-HWY LIGHTED/ON,,,6/15/2020 9:48:09 AM,False,7371,Accepted,
26808810,0568000,LOUISVILLE METRO POLICE DEPT,Accepted,JEFFERSON,,932,1ST,ST,S,,,,BRECKINRIDGE,,BRECKINRIDGE,38.241087363,-85.754223799,1.010,6/13/2020 12:00:00 AM,2303,2,2,0,0,CLEAR,DRY,False,1 VEHICLE ENTERING OR LEAVING PARKED POSITION (NOT PARKING LOT),REAR END,STRAIGHT & LEVEL,DARK (UNKNOWN ROADWAY LIGHTING),,,6/15/2020 9:48:14 AM,False,5267,Accepted,
26808781,0568000,LOUISVILLE METRO POLICE DEPT,Accepted,JEFFERSON,KY0061,6623,PRESTON,HWY,,,,,,,,38.155653195,-85.696125508,5.253,6/13/2020 12:00:00 AM,0205,1,1,0,0,CLEAR,DRY,False,COLLISION WITH FIXED OBJECT NON - INTERSECTION - FIRST EVENT COLLISION 09 - 32 EXCLUDING 16,SINGLE VEHICLE,STRAIGHT & LEVEL,DARK-HWY LIGHTED/ON,,,6/15/2020 9:46:19 AM,False,7735,Accepted,
26808796,0568000,LOUISVILLE METRO POLICE DEPT,Accepted,JEFFERSON,US0031W,,DIXIE,HWY,,,,,,,,38.168717548,-85.828305020,13.260,6/13/2020 12:00:00 AM,0938,2,2,0,1,CLEAR,DRY,False,1 VEHICLE ENTERING/LEAVING ENTRANCE,ANGLE,STRAIGHT & LEVEL,DAYLIGHT,,,6/15/2020 9:47:23 AM,False,7234,Accepted,
26808798,0568000,LOUISVILLE METRO POLICE DEPT,Accepted,JEFFERSON,KY0061,7319,PRESTON,HWY,,,,,,,,38.146139241,-85.690991282,4.531,6/13/2020 12:00:00 AM,1127,4,4,0,0,CLEAR,DRY,False,REAR END IN TRAFFIC LANES BOTH VEHICLES MOVING,REAR END,STRAIGHT & LEVEL,DAYLIGHT,,,6/15/2020 9:47:31 AM,False,7799,Accepted,
26808787,0568000,LOUISVILLE METRO POLICE DEPT,Accepted,JEFFERSON,,,YOUNG,AVE,,,32ND,,,,,38.230002981,-85.808554874,0.129,6/12/2020 12:00:00 AM,1830,1,1,0,0,CLEAR,DRY,True,COLLISION WITH FIXED OBJECT IN INTERSECTION - FIRST EVENT COLLISION 09 - 32,SINGLE VEHICLE,STRAIGHT & LEVEL,DAYLIGHT,,,6/15/2020 9:46:42 AM,False,7181,Accepted,
26808788,0568000,LOUISVILLE METRO POLICE DEPT,Accepted,JEFFERSON,,,FREEDOM,WAY,,,,,WALTER,,THOR,38.112606743,-85.692394296,0.168,6/12/2020 12:00:00 AM,2039,2,1,0,1,CLEAR,DRY,False,COLLISION WITH BICYCLIST NON INTERSECTION,SINGLE VEHICLE,STRAIGHT & LEVEL,DAWN,,,6/15/2020 9:46:46 AM,False,5138,Accepted,
26808789,0568000,LOUISVILLE METRO POLICE DEPT,Accepted,JEFFERSON,KY1447,,WESTPORT,RD,,,,,LAKE LOUISVILLA,,MAPLE FOREST,38.303636124,-85.518350618,8.397,6/12/2020 12:00:00 AM,1256,1,1,0,0,CLEAR,DRY,False,COLLISION WITH FIXED OBJECT NON - INTERSECTION - FIRST EVENT COLLISION 09 - 32 EXCLUDING 16,SINGLE VEHICLE,STRAIGHT & LEVEL,DAYLIGHT,,,6/15/2020 9:46:50 AM,False,7751,Accepted,
26808779,0568000,LOUISVILLE METRO POLICE DEPT,Accepted,JEFFERSON,KY1747,,FERN VALLEY,RD,,,PARAMOUNT PARK,,,,,38.157062235,-85.712405400,1.083,6/12/2020 12:00:00 AM,2029,2,2,0,0,CLEAR,DRY,False,SIDESWIPE-SAME DIRECTION,SIDESWIPE-SAME DIRECTION,STRAIGHT & LEVEL,DAYLIGHT,,,6/15/2020 9:46:15 AM,False,7735,Accepted,
26808764,0568000,LOUISVILLE METRO POLICE DEPT,Accepted,JEFFERSON,KY0061,,PRESTON,HWY,,,FOREST,,,,,38.161204956,-85.699427994,5.687,6/12/2020 12:00:00 AM,1218,2,2,0,1,CLEAR,DRY,True,OTHER INTERSECTION COLLISIONS,REAR END,STRAIGHT & LEVEL,DAYLIGHT,,,6/15/2020 9:45:04 AM,False,7830,Accepted,
26808770,0568000,LOUISVILLE METRO POLICE DEPT,Accepted,JEFFERSON,KY1703,,NEWBURG,RD,,,GOLDSMITH,,,,,38.200093365,-85.684908029,1.995,6/12/2020 12:00:00 AM,1558,2,2,0,1,CLEAR,DRY,False,ANGLE COLLISION - OTHER,ANGLE,STRAIGHT & LEVEL,DAYLIGHT,,,6/15/2020 9:45:45 AM,False,7319,Accepted,
26808771,0568000,LOUISVILLE METRO POLICE DEPT,Accepted,JEFFERSON,,,11TH,ST,S,,HILL,,,,,38.227304577,-85.774048206,1.761,6/12/2020 12:00:00 AM,1910,2,2,0,0,CLEAR,DRY,False,SIDESWIPE-SAME DIRECTION,SIDESWIPE-SAME DIRECTION,STRAIGHT & LEVEL,DAYLIGHT,,,6/15/2020 9:45:54 AM,False,7481,Accepted,
26808773,0568000,LOUISVILLE METRO POLICE DEPT,Accepted,JEFFERSON,KY1865,,NEW CUT,RD,,,OLD NEW CUT,,,,,38.117638199,-85.775364437,0.609,6/12/2020 12:00:00 AM,0725,3,3,0,2,CLEAR,DRY,False,OTHER INTERSECTION COLLISIONS,REAR END,STRAIGHT & LEVEL,DAYLIGHT,,,6/15/2020 9:46:00 AM,False,5209,Accepted,
26799329,0568000,LOUISVILLE METRO POLICE DEPT,Accepted,JEFFERSON,,,DURRETT,LN,,,BREITENSTEIN,,,,,38.191004122,-85.715193459,0.591,6/12/2020 12:00:00 AM,0115,1,1,0,0,CLEAR,DRY,False,COLLISION WITH FIXED OBJECT IN INTERSECTION - FIRST EVENT COLLISION 09 - 32,SINGLE VEHICLE,CURVE & LEVEL,DARK-HWY LIGHTED/ON,,,6/12/2020 8:31:47 AM,False,5189,Accepted,
26808762,0568000,LOUISVILLE METRO POLICE DEPT,Accepted,JEFFERSON,KY1934,,GREENBELT,HWY,,KY1230,DOVER,,,,,38.175871977,-85.868637663,6.780,6/12/2020 12:00:00 AM,1611,2,2,0,0,CLEAR,DRY,False,OTHER INTERSECTION COLLISIONS,REAR END,STRAIGHT & LEVEL,DAYLIGHT,,,6/15/2020 9:44:51 AM,False,7496,Accepted,
26808763,0568000,LOUISVILLE METRO POLICE DEPT,Accepted,JEFFERSON,KY1447,,WESTPORT,RD,,,,,,,,38.297968033,-85.546540543,6.777,6/12/2020 12:00:00 AM,1556,3,3,0,0,CLEAR,DRY,False,REAR END IN TRAFFIC LANES BOTH VEHICLES MOVING,REAR END,STRAIGHT & LEVEL,DAYLIGHT,,,6/15/2020 9:44:57 AM,False,7355,Accepted,
26854709,0568000,LOUISVILLE METRO POLICE DEPT,Accepted,JEFFERSON,KY1865,,NEW CUT,RD,,,,,INVERNESS,,KENWOOD,38.163590223,-85.779869733,3.911,6/12/2020 12:00:00 AM,0448,1,1,0,0,CLEAR,DRY,False,OTHER ROADWAY OR MID-BLOCK COLLISION,SINGLE VEHICLE,STRAIGHT & LEVEL,DARK-HWY LIGHTED/OFF,,,6/24/2020 12:29:44 PM,False,5276,Accepted,
26808824,0568000,LOUISVILLE METRO POLICE DEPT,Accepted,JEFFERSON,US0031W,,DIXIE,HWY,,,,,PAGES,,STEPHAN,38.129207227,-85.848586941,10.423,6/12/2020 12:00:00 AM,1622,2,2,0,1,CLEAR,DRY,False,OTHER ROADWAY OR MID-BLOCK COLLISION,OPPOSING LEFT TURN,STRAIGHT & LEVEL,DAYLIGHT,,,6/15/2020 9:48:37 AM,False,7144,Accepted,
26808758,0568000,LOUISVILLE METRO POLICE DEPT,Accepted,JEFFERSON,,,9TH,ST,S,,OAKLAND,,,,,38.229319390,-85.769742358,1.185,6/12/2020 12:00:00 AM,0724,2,2,0,0,CLEAR,DRY,False,COLLISION WITH PARKED VEHICLE,ANGLE,STRAIGHT & LEVEL,DAYLIGHT,,,6/15/2020 9:44:42 AM,False,7091,Accepted,
26808783,0568000,LOUISVILLE METRO POLICE DEPT,Accepted,JEFFERSON,,,7TH,ST,S,KY2054,ALGONQUIN,,,,,38.220449696,-85.776948812,0.035,6/12/2020 12:00:00 AM,2247,1,1,0,1,CLEAR,DRY,False,OTHER INTERSECTION COLLISIONS,SINGLE VEHICLE,STRAIGHT & LEVEL,DARK-HWY LIGHTED/ON,,,6/15/2020 9:46:26 AM,False,5039,Accepted,
26808793,0568000,LOUISVILLE METRO POLICE DEPT,Accepted,JEFFERSON,,,JEFFERSON,ST,W,,12TH,,,,,38.255289303,-85.770263607,0.998,6/12/2020 12:00:00 AM,1730,2,2,0,0,CLEAR,DRY,False,OTHER INTERSECTION COLLISIONS,REAR END,STRAIGHT & LEVEL,DAYLIGHT,,,6/15/2020 9:47:07 AM,False,7281,Accepted,
26808791,0568000,LOUISVILLE METRO POLICE DEPT,Accepted,JEFFERSON,I 0064,,I64 W,,,,,,,,,38.236290496,-85.659818191,10.229,6/12/2020 12:00:00 AM,0744,1,1,0,1,CLEAR,DRY,False,OTHER COLLISIONS ON SHOULDER,SINGLE VEHICLE,STRAIGHT & LEVEL,DAYLIGHT,,,6/15/2020 9:46:58 AM,False,6813,Accepted,
26808766,0568000,LOUISVILLE METRO POLICE DEPT,Accepted,JEFFERSON,KY2052,,SHEPHERDSVILLE,RD,,,,,ACAPOLCA,,YE OLD POST,38.152227637,-85.659711123,0.939,6/12/2020 12:00:00 AM,1616,2,2,0,1,CLEAR,DRY,False,1 VEHICLE ENTERING/LEAVING ENTRANCE,ANGLE,STRAIGHT & LEVEL,DAYLIGHT,,,6/15/2020 9:45:19 AM,False,7484,Accepted,
26808767,0568000,LOUISVILLE METRO POLICE DEPT,Accepted,JEFFERSON,,,RIVER,RD,,,SHIRLEY,,,,,38.343532636,-85.620861208,6.460,6/12/2020 12:00:00 AM,0714,2,1,0,1,CLEAR,DRY,False,COLLISION WITH BICYCLE IN INTERSECTION,SINGLE VEHICLE,STRAIGHT & LEVEL,DAYLIGHT,,,6/15/2020 9:45:32 AM,False,7839,Accepted,
26808768,0568000,LOUISVILLE METRO POLICE DEPT,Accepted,JEFFERSON,KY0061,,JACKSON,ST,S,,ORMSBY,,,,,38.230779362,-85.748090085,11.291,6/12/2020 12:00:00 AM,1600,3,3,0,1,CLEAR,DRY,False,HEAD-ON COLLISION,HEAD ON,STRAIGHT & LEVEL,DAYLIGHT,,,6/15/2020 9:45:37 AM,False,5111,Accepted,
26808775,0568000,LOUISVILLE METRO POLICE DEPT,Accepted,JEFFERSON,,2805,MARKET,ST,W,,,,,,,38.259902445,-85.797779324,0.600,6/12/2020 12:00:00 AM,2238,2,2,0,0,CLEAR,DRY,False,1 VEHICLE PARKED POSITION (NOT PARKING LOT/DRIVEWAY),HEAD ON,STRAIGHT & LEVEL,DARK-HWY LIGHTED/ON,,,6/15/2020 9:46:06 AM,False,7229,Accepted,
26808849,0568000,LOUISVILLE METRO POLICE DEPT,Accepted,JEFFERSON,,,7TH,ST,S,,DAVIES,,,,,38.224270965,-85.771057109,0.452,6/12/2020 12:00:00 AM,1551,4,4,0,2,CLEAR,DRY,False,VEHICLE BACKING IN INTERSECTION,BACKING,STRAIGHT & HILLCREST,DAYLIGHT,,,6/15/2020 9:49:55 AM,False,5123,Accepted,
26806969,0560500,ANCHORAGE POLICE DEPARTMENT,Accepted,JEFFERSON,KY0146,,LA GRANGE,RD,,,LUCAS,,,,,38.277938937,-85.518150476,6.715,6/12/2020 12:00:00 AM,0152,2,2,0,0,CLEAR,DRY,False,REAR END - ONE VEHICLE TURNING RIGHT,REAR END,STRAIGHT & LEVEL,DAYLIGHT,,,6/14/2020 11:08:49 PM,False,8539,Accepted,
26808790,0568000,LOUISVILLE METRO POLICE DEPT,Accepted,JEFFERSON,I 0071,,,,,,,,,,,38.312991522,-85.586084693,0.344,6/12/2020 12:00:00 AM,1813,1,1,0,0,CLEAR,DRY,False,COLLISION WITH FIXED OBJECT NOT IN GORE ,SINGLE VEHICLE,STRAIGHT & LEVEL,DAYLIGHT,KY0841,I 0071,6/15/2020 9:46:54 AM,False,7751,Accepted,
26808757,0568000,LOUISVILLE METRO POLICE DEPT,Accepted,JEFFERSON,,,BROADWAY,,W,,24TH,,,,,38.249300083,-85.791562704,0.181,6/12/2020 12:00:00 AM,1421,3,3,0,1,CLEAR,DRY,False,ANGLE COLLISION - OTHER,ANGLE,STRAIGHT & LEVEL,DAYLIGHT,,,6/15/2020 9:44:37 AM,False,7361,Accepted,
26808765,0568000,LOUISVILLE METRO POLICE DEPT,Accepted,JEFFERSON,,,GILMORE,LN,,KY0061,PRESTON,,,,,38.174667849,-85.712735502,0.002,6/12/2020 12:00:00 AM,1327,2,1,0,1,CLEAR,DRY,False,COLLISION WITH BICYCLE IN INTERSECTION,SINGLE VEHICLE,STRAIGHT & LEVEL,DAYLIGHT,,,6/15/2020 9:45:12 AM,False,7830,Accepted,
26799326,0568000,LOUISVILLE METRO POLICE DEPT,Accepted,JEFFERSON,,,JEFFERSON,ST,E,,1ST,,,,,38.253348797,-85.751976660,1.045,6/12/2020 12:00:00 AM,0030,1,1,0,2,CLEAR,DRY,False,NON-COLLISION OBJECT COLLISION,SINGLE VEHICLE,STRAIGHT & LEVEL,DARK-HWY LIGHTED/ON,,,6/12/2020 8:31:34 AM,False,5122,Accepted,
26800009,0568000,LOUISVILLE METRO POLICE DEPT,Accepted,JEFFERSON,KY1931,,ST ANDREWS CHURCH,RD,,,,,BLANTON,,BROOKVIEW,38.152010830,-85.818995907,4.400,6/12/2020 12:00:00 AM,0844,2,1,0,1,CLEAR,DRY,False,COLLISION WITH PEDESTRIAN NON - INTERSECTION,SINGLE VEHICLE,STRAIGHT & LEVEL,DAYLIGHT,,,6/12/2020 11:21:15 AM,False,7339,Accepted,
26829940,0568000,LOUISVILLE METRO POLICE DEPT,Accepted,JEFFERSON,I 0265,,I265 N,,,,,,,,,38.311998094,-85.576513545,34.367,6/12/2020 12:00:00 AM,1309,5,5,1,1,CLEAR,DRY,False,REAR END IN TRAFFIC LANES BOTH VEHICLES MOVING,REAR END,STRAIGHT & GRADE,DAYLIGHT,,,6/17/2020 7:52:05 PM,False,6886,Accepted,
26822803,0568000,LOUISVILLE METRO POLICE DEPT,Accepted,JEFFERSON,,,PARK BOUNDARY,RD,,,,,MOYLE HILL,,VALLETTA,38.232536438,-85.682172980,0.581,6/12/2020 12:00:00 AM,2210,1,1,0,1,CLEAR,DRY,False,COLLISION WITH FIXED OBJECT NON - INTERSECTION - FIRST EVENT COLLISION 09 - 32 EXCLUDING 16,SINGLE VEHICLE,CURVE & GRADE,DARK-HWY LIGHTED/OFF,,,6/16/2020 8:32:47 AM,False,7665,Accepted,
26822808,0568000,LOUISVILLE METRO POLICE DEPT,Accepted,JEFFERSON,I 0071,,,,,,,,,,,38.312201809,-85.586594896,0.082,6/12/2020 12:00:00 AM,0206,1,1,0,1,CLEAR,DRY,False,COLLISION WITH FIXED OBJECT NOT IN GORE ,SINGLE VEHICLE,CURVE & LEVEL,DARK (UNKNOWN ROADWAY LIGHTING),I 0071,I 0265,6/16/2020 8:33:07 AM,False,5228,Accepted,
26808856,0568000,LOUISVILLE METRO POLICE DEPT,Accepted,JEFFERSON,US0060A,,EASTERN,PKWY,,,,I 0065,I65 S EXIT133 ON RAMP FROM  EASTERN PKWY,I 0065,I65 N EXIT133A OFF RAMP TO  EASTERN PKWY,38.212346587,-85.752848729,3.935,6/12/2020 12:00:00 AM,0052,2,1,0,0,CLEAR,DRY,True,OTHER ROADWAY OR MID-BLOCK COLLISION,SINGLE VEHICLE,STRAIGHT & LEVEL,DARK (UNKNOWN ROADWAY LIGHTING),,,6/15/2020 9:50:20 AM,False,5050,Accepted,
26808853,0568000,LOUISVILLE METRO POLICE DEPT,Accepted,JEFFERSON,,,OAK,ST,E,,BROOK,,,,,38.234405670,-85.753659143,0.090,6/12/2020 12:00:00 AM,2052,4,4,0,4,CLEAR,DRY,False,ANGLE COLLISION - OTHER,ANGLE,STRAIGHT & LEVEL,DAYLIGHT,,,6/15/2020 9:50:09 AM,False,7344,Accepted,