IncidentID,AgencyORI,AgencyName,IncidentStatusDesc,County,RdwyNumber,Street,RoadwayName,StreetSfx,StreetDir,IntersectionRdwy,IntersectionRdwyName,BetweenStRdwy1,BetweenStRdwyName1,BetweenStRdwy2,BetweenStRdwyName2,Latitude,Longitude,Milepoint,CollisionDate,CollisionTime,UnitsInvolved,MotorVehiclesInvolved,NumberKilled,NumberInjured,Weather,RdwyConditionCode,HitandRun,DirAnalysisCode,MannerofCollision,RdwyCharacter,LightCondition,RampFromRdwyId,RampToRdwyId,AcceptedDate,IsSecondaryCollision,OwnerBadge,IncidentStatus,
26808804,0568000,LOUISVILLE METRO POLICE DEPT,Accepted,JEFFERSON,,,ST CATHERINE,ST,E,KY0864,LOGAN,,,,,38.235211865,-85.739618026,0.451,6/12/2020 12:00:00 AM,1703,4,4,0,0,CLEAR,DRY,False,ANGLE COLLISION - OTHER,ANGLE,STRAIGHT & LEVEL,DAYLIGHT,,,6/15/2020 9:47:53 AM,False,7322,Accepted,
26808806,0568000,LOUISVILLE METRO POLICE DEPT,Accepted,JEFFERSON,US0150,,BROADWAY,,E,KY0061,JACKSON,,,,,38.245192278,-85.745538414,3.070,6/12/2020 12:00:00 AM,2153,2,2,0,0,CLEAR,DRY,True,ANGLE COLLISION - OTHER,ANGLE,STRAIGHT & LEVEL,DARK-HWY LIGHTED/ON,,,6/15/2020 9:48:01 AM,False,5254,Accepted,
26808830,0568000,LOUISVILLE METRO POLICE DEPT,Accepted,JEFFERSON,KY2049,4401,CRUMS,LN,,,,,,,,38.199161879,-85.837272084,0.009,6/12/2020 12:00:00 AM,1442,1,1,0,0,CLEAR,DRY,True,COLLISION IN PARKING LOT,SINGLE VEHICLE,STRAIGHT & LEVEL,DAYLIGHT,,,6/15/2020 9:48:55 AM,False,7656,Accepted,
26808831,0568000,LOUISVILLE METRO POLICE DEPT,Accepted,JEFFERSON,,8202,WOLF PEN BRANCH,RD,,,,,,,,38.328442640,-85.589198020,3.007,6/12/2020 12:00:00 AM,1354,1,1,0,0,CLEAR,DRY,False,RAN OFF ROADWAY (1 VEHICLE WITH/EARTH EMBANKMENT/DITCH),SINGLE VEHICLE,CURVE & GRADE,DAYLIGHT,,,6/15/2020 9:48:59 AM,False,7802,Accepted,
26829939,0568000,LOUISVILLE METRO POLICE DEPT,Accepted,JEFFERSON,I 0264,,,,,,,,,,,38.222505329,-85.647785135,0.183,6/12/2020 12:00:00 AM,0017,1,1,1,0,CLEAR,DRY,False,OTHER RAMP RELATED COLLISIONS NOT LISTED ABOVE,SINGLE VEHICLE,CURVE & GRADE,DARK-HWY LIGHTED/ON,I 0264,KY0155,6/17/2020 7:52:01 PM,False,6886,Accepted,
26829946,0568000,LOUISVILLE METRO POLICE DEPT,Accepted,JEFFERSON,KY0061,530,JACKSON,ST,S,,,,,,,38.248726106,-85.745014315,12.538,6/12/2020 12:00:00 AM,1718,2,2,0,0,CLEAR,DRY,False,COLLISION IN PARKING LOT,SIDESWIPE-SAME DIRECTION,STRAIGHT & LEVEL,DAYLIGHT,,,6/17/2020 7:52:29 PM,False,2403,Accepted,
26829937,0568000,LOUISVILLE METRO POLICE DEPT,Accepted,JEFFERSON,,1519,HUNTOON,AVE,,,,,,,,38.172067924,-85.785953622,0.233,6/12/2020 12:00:00 AM,2000,1,1,0,0,CLOUDY,DRY,True,COLLISION WITH FIXED OBJECT NON - INTERSECTION - FIRST EVENT COLLISION 09 - 32 EXCLUDING 16,SINGLE VEHICLE,STRAIGHT & LEVEL,DARK (UNKNOWN ROADWAY LIGHTING),,,6/17/2020 7:51:54 PM,False,6148,Accepted,
26845805,0568000,LOUISVILLE METRO POLICE DEPT,Accepted,JEFFERSON,,,BON AIR,AVE,,,CLARENDON,,,,,38.220411886,-85.666619465,0.200,6/12/2020 12:00:00 AM,1016,2,2,0,1,CLEAR,DRY,False,ANGLE COLLISION - OTHER,ANGLE,STRAIGHT & LEVEL,DAYLIGHT,,,6/22/2020 10:35:17 AM,False,7403,Accepted,
26938860,0568000,LOUISVILLE METRO POLICE DEPT,Accepted,JEFFERSON,,,3RD,ST,S,,KINGSTON,,,,,38.173031484,-85.767721158,1.777,6/12/2020 12:00:00 AM,0116,1,1,1,0,CLEAR,DRY,False,COLLISION WITH FIXED OBJECT IN INTERSECTION - FIRST EVENT COLLISION 09 - 32,SINGLE VEHICLE,STRAIGHT & LEVEL,DARK-HWY LIGHTED/ON,,,7/16/2020 8:10:09 AM,False,7720,Accepted,
26829936,0568000,LOUISVILLE METRO POLICE DEPT,Accepted,JEFFERSON,KY0841,,GENE SNYDER,FWY,,,,,,,,38.108112948,-85.809805411,4.064,6/11/2020 12:00:00 AM,1900,1,1,0,0,CLEAR,DRY,False,OTHER ROADWAY OR MID-BLOCK COLLISION,SINGLE VEHICLE,STRAIGHT & LEVEL,DAYLIGHT,,,6/17/2020 7:51:49 PM,False,7080,Accepted,
26808823,0568000,LOUISVILLE METRO POLICE DEPT,Accepted,JEFFERSON,I 0065,,,,,,,,,,,38.190069320,-85.727128930,0.170,6/11/2020 12:00:00 AM,1500,1,1,0,1,CLEAR,DRY,False,COLLISION WITH FIXED OBJECT NOT IN GORE ,SINGLE VEHICLE,STRAIGHT & LEVEL,DAYLIGHT,I 0065,I 0065,6/15/2020 9:48:33 AM,False,7938,Accepted,
26808753,0568000,LOUISVILLE METRO POLICE DEPT,Accepted,JEFFERSON,KY0864,,POPLAR LEVEL,RD,,,INDIAN,,,,,38.171573857,-85.685006398,9.217,6/11/2020 12:00:00 AM,1751,2,2,0,1,CLEAR,DRY,False,OTHER INTERSECTION COLLISIONS,REAR END,STRAIGHT & LEVEL,DAYLIGHT,,,6/15/2020 9:44:17 AM,False,5027,Accepted,
26822809,0568000,LOUISVILLE METRO POLICE DEPT,Accepted,JEFFERSON,KY0155,,TAYLORSVILLE,RD,,,FURMAN,,,,,38.220995938,-85.645658734,14.408,6/11/2020 12:00:00 AM,2005,2,2,0,0,CLEAR,DRY,True,COLLISION WITH PARKED VEHICLE,BACKING,STRAIGHT & LEVEL,DAYLIGHT,,,6/16/2020 8:33:11 AM,False,5178,Accepted,
26845802,0568000,LOUISVILLE METRO POLICE DEPT,Accepted,JEFFERSON,I 0265,,I265 E,,,,,,,,,38.133375007,-85.599309888,16.237,6/11/2020 12:00:00 AM,0630,2,2,0,2,CLEAR,DRY,False,SIDESWIPE COLLISION - SAME DIRECTION,SIDESWIPE-SAME DIRECTION,STRAIGHT & LEVEL,DAWN,,,6/22/2020 10:35:06 AM,False,5014,Accepted,
26799267,0568000,LOUISVILLE METRO POLICE DEPT,Accepted,JEFFERSON,I 0265,,I265 E,,,,,,,,,38.123158302,-85.620265975,14.864,6/11/2020 12:00:00 AM,0759,2,2,0,0,CLEAR,DRY,False,REAR END IN TRAFFIC LANES BOTH VEHICLES MOVING,REAR END,STRAIGHT & LEVEL,DAYLIGHT,,,6/12/2020 8:30:14 AM,False,2017,Accepted,
26799273,0568000,LOUISVILLE METRO POLICE DEPT,Accepted,JEFFERSON,,2300,HIKES,LN,,,,,GREEN MEADOWS,KY2251,BARDSTOWN,38.200173034,-85.658003801,0.997,6/11/2020 12:00:00 AM,1633,2,2,0,0,CLEAR,DRY,False,COLLISION IN PARKING LOT,REAR END,STRAIGHT & LEVEL,DAYLIGHT,,,6/12/2020 8:30:42 AM,False,7482,Accepted,
26799274,0568000,LOUISVILLE METRO POLICE DEPT,Accepted,JEFFERSON,KY3064,2827,PORTLAND,AVE,,,,,,,,38.272403797,-85.793809026,0.674,6/11/2020 12:00:00 AM,1502,3,3,0,0,CLEAR,DRY,True,1 VEHICLE PARKED POSITION (NOT PARKING LOT/DRIVEWAY),SIDESWIPE-SAME DIRECTION,STRAIGHT & LEVEL,DAYLIGHT,,,6/12/2020 8:30:45 AM,False,5000,Accepted,
26799281,0568000,LOUISVILLE METRO POLICE DEPT,Accepted,JEFFERSON,US0060A,,TAYLOR,BLVD,,,CENTRAL,,,,,38.206371288,-85.776226463,2.290,6/11/2020 12:00:00 AM,1020,2,2,0,0,CLEAR,DRY,False,COLLISION WITH PARKED VEHICLE,SIDESWIPE-SAME DIRECTION,STRAIGHT & LEVEL,DAYLIGHT,,,6/12/2020 8:31:01 AM,False,7360,Accepted,
26799276,0568000,LOUISVILLE METRO POLICE DEPT,Accepted,JEFFERSON,KY1865,,TAYLOR,BLVD,,,,,,,,38.186626848,-85.783795457,5.531,6/11/2020 12:00:00 AM,0915,2,2,0,1,CLEAR,DRY,False,1 VEHICLE ENTERING/LEAVING ENTRANCE,ANGLE,STRAIGHT & LEVEL,DAYLIGHT,,,6/12/2020 8:30:53 AM,False,7360,Accepted,
26799290,0568000,LOUISVILLE METRO POLICE DEPT,Accepted,JEFFERSON,,,DURRETT,LN,,,,,CAVELLE,,TRINITY,38.190471911,-85.717226051,0.475,6/11/2020 12:00:00 AM,1930,3,3,0,0,CLEAR,DRY,False,1 VEHICLE PARKED POSITION (NOT PARKING LOT/DRIVEWAY),REAR END,CURVE & LEVEL,DAYLIGHT,,,6/12/2020 8:31:16 AM,False,5165,Accepted,
26799307,0568000,LOUISVILLE METRO POLICE DEPT,Accepted,JEFFERSON,,,CHESTNUT,ST,W,,26TH,,,,,38.253025283,-85.794515269,0.350,6/11/2020 12:00:00 AM,2300,2,2,0,0,CLEAR,DRY,False,COLLISION IN PARKING LOT,HEAD ON,STRAIGHT & LEVEL,DARK-HWY LIGHTED/ON,,,6/12/2020 8:31:27 AM,False,5008,Accepted,
26808750,0568000,LOUISVILLE METRO POLICE DEPT,Accepted,JEFFERSON,,,BROOK,ST,S,,CHESTNUT,,,,,38.248251140,-85.751825712,2.948,6/11/2020 12:00:00 AM,1350,2,2,0,0,CLEAR,DRY,False,ANGLE COLLISION - OTHER,ANGLE,STRAIGHT & LEVEL,DAYLIGHT,,,6/15/2020 9:44:01 AM,False,2855,Accepted,
26795014,0568000,LOUISVILLE METRO POLICE DEPT,Accepted,JEFFERSON,KY1934,,CANE RUN,RD,,KY1727,TERRY,,,,,38.178082575,-85.861869892,7.183,6/11/2020 12:00:00 AM,0222,1,1,0,1,CLEAR,DRY,False,NON-COLLISION OBJECT COLLISION,SINGLE VEHICLE,STRAIGHT & LEVEL,DARK-HWY LIGHTED/ON,,,6/11/2020 8:29:50 AM,False,5224,Accepted,
26795021,0568000,LOUISVILLE METRO POLICE DEPT,Accepted,JEFFERSON,,,DIXIE,HWY,,,GREENWOOD,,,,,38.240765795,-85.785403706,0.585,6/11/2020 12:00:00 AM,0343,1,1,0,0,CLEAR,DRY,True,COLLISION WITH FIXED OBJECT IN INTERSECTION - FIRST EVENT COLLISION 09 - 32,SINGLE VEHICLE,STRAIGHT & LEVEL,DARK-HWY LIGHTED/ON,,,6/11/2020 8:30:22 AM,False,5292,Accepted,
26808749,0568000,LOUISVILLE METRO POLICE DEPT,Accepted,JEFFERSON,,,LIBERTY,ST,E,,SHELBY,,,,,38.250406049,-85.738499045,0.764,6/11/2020 12:00:00 AM,1225,2,2,0,2,CLEAR,DRY,False,ANGLE COLLISION - OTHER,ANGLE,STRAIGHT & LEVEL,DAYLIGHT,,,6/15/2020 9:43:52 AM,False,2855,Accepted,
26808777,0568000,LOUISVILLE METRO POLICE DEPT,Accepted,JEFFERSON,I 0264,,,,,,,,,,,38.238110306,-85.815713419,0.208,6/11/2020 12:00:00 AM,1937,2,2,0,0,CLEAR,DRY,False,OTHER RAMP RELATED COLLISIONS NOT LISTED ABOVE,ANGLE,STRAIGHT & GRADE,DAYLIGHT,I 0264,DUMESNIL ST,6/15/2020 9:46:10 AM,False,5285,Accepted,
26808754,0568000,LOUISVILLE METRO POLICE DEPT,Accepted,JEFFERSON,,,SPRINGDALE,RD,,,,KY0022,BROWNSBORO,,PARK PLAZA,38.306487735,-85.579035309,0.128,6/11/2020 12:00:00 AM,1616,1,1,0,1,CLEAR,DRY,False,COLLISION WITH FIXED OBJECT NON - INTERSECTION - FIRST EVENT COLLISION 09 - 32 EXCLUDING 16,SINGLE VEHICLE,CURVE & LEVEL,DAYLIGHT,,,6/15/2020 9:44:25 AM,False,6929,Accepted,
26808755,0568000,LOUISVILLE METRO POLICE DEPT,Accepted,JEFFERSON,US0060,,FRANKFORT,AVE,,,,,,,,38.253750150,-85.699888777,1.119,6/11/2020 12:00:00 AM,1858,2,1,0,0,CLEAR,DRY,False,COLLISION WITH PEDESTRIAN NON - INTERSECTION,SINGLE VEHICLE,STRAIGHT & LEVEL,DAYLIGHT,,,6/15/2020 9:44:29 AM,False,5112,Accepted,
26799328,0568000,LOUISVILLE METRO POLICE DEPT,Accepted,JEFFERSON,,,LYTLE,ST,,US0150,22ND,,,,,38.267553539,-85.782996381,0.645,6/11/2020 12:00:00 AM,2300,2,2,0,2,CLEAR,DRY,False,ANGLE COLLISION - OTHER,ANGLE,STRAIGHT & LEVEL,DARK-HWY LIGHTED/ON,,,6/12/2020 8:31:43 AM,False,7487,Accepted,
26799272,0568000,LOUISVILLE METRO POLICE DEPT,Accepted,JEFFERSON,,,OXMOOR,LN,,,,,BULLITT,US0060,SHELBYVILLE,38.248331941,-85.613532505,0.071,6/11/2020 12:00:00 AM,1755,2,2,0,0,CLEAR,DRY,False,REAR END IN TRAFFIC LANES BOTH VEHICLES MOVING,REAR END,STRAIGHT & LEVEL,DAYLIGHT,,,6/12/2020 8:30:38 AM,False,6406,Accepted,
26799297,0568000,LOUISVILLE METRO POLICE DEPT,Accepted,JEFFERSON,KY1020,,NATIONAL,TPKE,,,HAY,,,,,38.128868490,-85.749714219,3.798,6/11/2020 12:00:00 AM,2221,2,2,0,0,CLEAR,DRY,True,ANGLE COLLISION - OTHER,ANGLE,STRAIGHT & GRADE,DARK-HWY LIGHTED/ON,,,6/12/2020 8:31:23 AM,False,5293,Accepted,
26799278,0568000,LOUISVILLE METRO POLICE DEPT,Accepted,JEFFERSON,US0060A,,TAYLOR,BLVD,,,BERRY,,,,,38.196323607,-85.782983903,1.475,6/11/2020 12:00:00 AM,1020,2,1,0,1,CLEAR,DRY,True,COLLISION WITH BICYCLE IN INTERSECTION,SINGLE VEHICLE,STRAIGHT & LEVEL,DAYLIGHT,,,6/12/2020 8:30:56 AM,False,7360,Accepted,
26795016,0568000,LOUISVILLE METRO POLICE DEPT,Accepted,JEFFERSON,,1427,HEMLOCK,ST,,,,,,,,38.234202278,-85.803398670,0.276,6/11/2020 12:00:00 AM,0014,2,2,0,1,CLEAR,DRY,False,1 VEHICLE PARKED POSITION (NOT PARKING LOT/DRIVEWAY),SIDESWIPE-OPPOSITE DIRECTION,STRAIGHT & LEVEL,DARK-HWY LIGHTED/ON,,,6/11/2020 8:29:57 AM,False,5261,Accepted,
26799268,0568000,LOUISVILLE METRO POLICE DEPT,Accepted,JEFFERSON,I 0265,,I265 E,,,,,,,,,38.123134669,-85.620416644,14.855,6/11/2020 12:00:00 AM,0630,1,1,0,0,CLEAR,DRY,False,OTHER COLLISIONS ON SHOULDER,SINGLE VEHICLE,STRAIGHT & LEVEL,DARK-HWY NOT LIGHTED,,,6/12/2020 8:30:19 AM,False,2017,Accepted,
26799269,0568000,LOUISVILLE METRO POLICE DEPT,Accepted,JEFFERSON,US0150,,BROADWAY,,W,US0031W,DR W J HODGE,,,,,38.249219890,-85.786536824,0.822,6/11/2020 12:00:00 AM,1654,2,2,0,0,CLEAR,DRY,False,ANGLE COLLISION - ONE VEHICLE TURNING RIGHT,ANGLE,STRAIGHT & LEVEL,DAYLIGHT,,,6/12/2020 8:30:22 AM,False,7479,Accepted,
26799270,0568000,LOUISVILLE METRO POLICE DEPT,Accepted,JEFFERSON,KY0061,,PRESTON,HWY,,,GRADE,,,,,38.180373562,-85.718739512,7.378,6/11/2020 12:00:00 AM,1607,3,3,0,0,CLEAR,DRY,False,OTHER INTERSECTION COLLISIONS,REAR END,STRAIGHT & LEVEL,DAYLIGHT,,,6/12/2020 8:30:27 AM,False,7451,Accepted,
26883496,0568000,LOUISVILLE METRO POLICE DEPT,Accepted,JEFFERSON,,,35TH,ST,S,,BROADWAY,,,,,38.250428387,-85.809939078,0.548,6/10/2020 12:00:00 AM,2315,1,1,0,0,CLEAR,DRY,False,COLLISION IN PARKING LOT,SINGLE VEHICLE,STRAIGHT & LEVEL,DARK-HWY LIGHTED/OFF,,,7/2/2020 8:42:00 AM,False,7706,Accepted,
26795023,0568000,LOUISVILLE METRO POLICE DEPT,Accepted,JEFFERSON,,,MUHAMMAD ALI,BLVD,W,,,,30TH,,32ND,38.256162234,-85.802709892,2.757,6/10/2020 12:00:00 AM,0759,1,1,0,0,CLOUDY,DRY,False,COLLISION WITH FIXED OBJECT NON - INTERSECTION - FIRST EVENT COLLISION 09 - 32 EXCLUDING 16,SINGLE VEHICLE,STRAIGHT & LEVEL,DAYLIGHT,,,6/11/2020 8:30:33 AM,False,7805,Accepted,
26794690,0566700,MIDDLETOWN POLICE DEPARTMENT,Accepted,JEFFERSON,US0060,,SHELBYVILLE,RD,,,BECKLEY WOODS,,,,,38.241585227,-85.498390447,12.296,6/10/2020 12:00:00 AM,1515,2,2,0,0,CLEAR,DRY,False,OTHER INTERSECTION COLLISIONS,REAR END,STRAIGHT & LEVEL,DAYLIGHT,,,6/11/2020 7:14:18 AM,False,2013,Accepted,
26795008,0568000,LOUISVILLE METRO POLICE DEPT,Accepted,JEFFERSON,I 0264,,TAYLOR BLVD,,,,,,,,,38.189179899,-85.784290995,0.058,6/10/2020 12:00:00 AM,0645,2,2,0,0,CLEAR,DRY,True,OTHER RAMP RELATED COLLISIONS NOT LISTED ABOVE,ANGLE,CURVE & LEVEL,DAYLIGHT,KY1865,I 0264,6/11/2020 8:29:31 AM,False,5258,Accepted,
26795009,0568000,LOUISVILLE METRO POLICE DEPT,Accepted,JEFFERSON,,,HIKES,LN,,,KLONDIKE,,,,,38.211147195,-85.640682738,2.212,6/10/2020 12:00:00 AM,2019,2,2,0,2,CLOUDY,DRY,False,ANGLE COLLISION - ONE VEHICLE TURNING LEFT,ANGLE,STRAIGHT & LEVEL,DAYLIGHT,,,6/11/2020 8:29:34 AM,False,7200,Accepted,
26795015,0568000,LOUISVILLE METRO POLICE DEPT,Accepted,JEFFERSON,US0031W,,DIXIE,HWY,,,BRICK KILN,,,,,38.170646297,-85.826834555,13.468,6/10/2020 12:00:00 AM,2345,2,2,0,0,CLEAR,DRY,False,ANGLE COLLISION - OTHER,ANGLE,STRAIGHT & LEVEL,DARK-HWY LIGHTED/ON,,,6/11/2020 8:29:53 AM,False,5170,Accepted,
26794977,0568000,LOUISVILLE METRO POLICE DEPT,Accepted,JEFFERSON,,,IDLEWYLDE,DR,,US0042,BROWNSBORO,,,,,38.258433257,-85.700245183,0.153,6/10/2020 12:00:00 AM,1045,2,1,0,0,CLEAR,DRY,False,COLLISION WITH PEDESTRIAN IN INTERSECTION,SINGLE VEHICLE,STRAIGHT & LEVEL,DAYLIGHT,,,6/11/2020 8:27:38 AM,False,7028,Accepted,
26794982,0568000,LOUISVILLE METRO POLICE DEPT,Accepted,JEFFERSON,KY1931,,7TH ST,RD,,KY2054,ALGONQUIN,,,,,38.220061210,-85.777381964,10.528,6/10/2020 12:00:00 AM,0814,2,2,0,0,CLEAR,DRY,True,ANGLE COLLISION - OTHER,ANGLE,STRAIGHT & LEVEL,DAYLIGHT,,,6/11/2020 8:27:53 AM,False,7538,Accepted,
26794983,0568000,LOUISVILLE METRO POLICE DEPT,Accepted,JEFFERSON,KY3084,,OLD HENRY,RD,,,,,,,,38.269620531,-85.502085912,1.090,6/10/2020 12:00:00 AM,1009,2,2,0,1,CLOUDY,DRY,False,1 VEHICLE ENTERING/LEAVING ENTRANCE,ANGLE,STRAIGHT & GRADE,DAYLIGHT,,,6/11/2020 8:27:56 AM,False,7944,Accepted,
26794985,0568000,LOUISVILLE METRO POLICE DEPT,Accepted,JEFFERSON,I 0064,,I64 E,,,,,,,,,38.277145947,-85.805182501,1.284,6/10/2020 12:00:00 AM,1516,2,2,0,0,CLEAR,DRY,False,SIDESWIPE COLLISION - SAME DIRECTION,SIDESWIPE-SAME DIRECTION,STRAIGHT & LEVEL,DAYLIGHT,,,6/11/2020 8:28:04 AM,False,7220,Accepted,
26794990,0568000,LOUISVILLE METRO POLICE DEPT,Accepted,JEFFERSON,,,BROADWAY,,W,,28TH,,,,,38.249551655,-85.797847191,0.526,6/10/2020 12:00:00 AM,1649,2,2,0,3,CLEAR,DRY,False,ANGLE COLLISION - OTHER,ANGLE,STRAIGHT & LEVEL,DAYLIGHT,,,6/11/2020 8:28:18 AM,False,7361,Accepted,
26794991,0568000,LOUISVILLE METRO POLICE DEPT,Accepted,JEFFERSON,,1622,DIXDALE,AVE,,,,,,,,38.221818700,-85.786835419,0.143,6/10/2020 12:00:00 AM,0920,3,3,0,0,CLOUDY,DRY,True,1 VEHICLE PARKED POSITION (NOT PARKING LOT/DRIVEWAY),REAR END,STRAIGHT & LEVEL,DAYLIGHT,,,6/11/2020 8:28:22 AM,False,5253,Accepted,
26794993,0568000,LOUISVILLE METRO POLICE DEPT,Accepted,JEFFERSON,KY0061,6201,PRESTON,HWY,,,,,,,,38.160866128,-85.699227338,5.661,6/10/2020 12:00:00 AM,1517,2,2,0,1,CLEAR,DRY,False,1 VEHICLE ENTERING/LEAVING ENTRANCE,ANGLE,STRAIGHT & LEVEL,DAYLIGHT,,,6/11/2020 8:28:29 AM,False,5036,Accepted,
26794976,0568000,LOUISVILLE METRO POLICE DEPT,Accepted,JEFFERSON,,,DUMESNIL,ST,,I 0264,I264 W EXIT3 OFF RAMP TO  DUMESNIL ST,,,,,38.238111051,-85.815715582,0.245,6/10/2020 12:00:00 AM,0722,2,2,0,0,CLEAR,DRY,False,ANGLE COLLISION - OTHER,ANGLE,STRAIGHT & LEVEL,DAYLIGHT,,,6/11/2020 8:27:35 AM,False,5161,Accepted,
26795000,0568000,LOUISVILLE METRO POLICE DEPT,Accepted,JEFFERSON,,4849,PEACHTREE,AVE,,,,,,,,38.177731750,-85.777878993,1.425,6/10/2020 12:00:00 AM,1725,1,1,0,0,CLEAR,DRY,False,COLLISION WITH FIXED OBJECT NON - INTERSECTION - FIRST EVENT COLLISION 09 - 32 EXCLUDING 16,SINGLE VEHICLE,STRAIGHT & LEVEL,DAYLIGHT,,,6/11/2020 8:28:52 AM,False,5127,Accepted,
26808759,0568000,LOUISVILLE METRO POLICE DEPT,Accepted,JEFFERSON,,6212,ROCKY MOUNTAIN,DR,,,,,,,,38.150970649,-85.643861399,0.555,6/10/2020 12:00:00 AM,1734,2,2,0,0,CLEAR,DRY,False,1 VEHICLE PARKED POSITION (NOT PARKING LOT/DRIVEWAY),HEAD ON,STRAIGHT & LEVEL,DAYLIGHT,,,6/15/2020 9:44:46 AM,False,7812,Accepted,
26822782,0568000,LOUISVILLE METRO POLICE DEPT,Accepted,JEFFERSON,KY0155,,TAYLORSVILLE LAKE,RD,,,TAYLORSVILLE,,,,,38.156553952,-85.437025847,1.002,6/10/2020 12:00:00 AM,1337,1,1,0,0,CLEAR,DRY,False,NON-COLLISION OBJECT COLLISION,SINGLE VEHICLE,STRAIGHT & LEVEL,DAYLIGHT,,,6/16/2020 8:31:36 AM,False,2308,Accepted,
26797528,0564500,PROSPECT POLICE DEPARTMENT,Accepted,JEFFERSON,KY3222,7700,ROSE ISLAND,RD,,,,,,,,38.361652505,-85.616387065,0.511,6/10/2020 12:00:00 AM,2235,1,1,0,0,CLOUDY,DRY,False,COLLISION WITH ANIMAL NON INTERSECTION,SINGLE VEHICLE,STRAIGHT & LEVEL,DARK-HWY NOT LIGHTED,,,6/11/2020 8:32:56 PM,False,1153,Accepted,
26795006,0568000,LOUISVILLE METRO POLICE DEPT,Accepted,JEFFERSON,,6713,STRAWBERRY,LN,,,,,,,,38.158865162,-85.763567831,0.079,6/10/2020 12:00:00 AM,0619,2,2,0,0,CLEAR,DRY,True,1 VEHICLE ENTERING/LEAVING ENTRANCE,ANGLE,STRAIGHT & LEVEL,DAYLIGHT,,,6/11/2020 8:29:16 AM,False,7362,Accepted,
26794980,0568000,LOUISVILLE METRO POLICE DEPT,Accepted,JEFFERSON,KY0061,,PRESTON,HWY,,,,,OKOLONA,KY1065,OUTER,38.137487760,-85.686142245,3.886,6/10/2020 12:00:00 AM,1447,2,2,0,0,CLEAR,DRY,False,1 VEHICLE ENTERING/LEAVING ENTRANCE,ANGLE,STRAIGHT & LEVEL,DAYLIGHT,,,6/11/2020 8:27:49 AM,False,7397,Accepted,
26794986,0568000,LOUISVILLE METRO POLICE DEPT,Accepted,JEFFERSON,,,12TH,ST,S,,,,HILL,,BURNETT,38.227704341,-85.775184312,1.761,6/10/2020 12:00:00 AM,1415,2,2,0,1,CLEAR,DRY,False,1 VEHICLE ENTERING/LEAVING ENTRANCE,ANGLE,STRAIGHT & LEVEL,DAYLIGHT,,,6/11/2020 8:28:07 AM,False,7184,Accepted,
26794987,0568000,LOUISVILLE METRO POLICE DEPT,Accepted,JEFFERSON,,,MAIN,ST,W,,38TH,,,,,38.263232045,-85.811626102,1.152,6/10/2020 12:00:00 AM,1558,2,2,0,3,CLEAR,DRY,False,ANGLE COLLISION - OTHER,ANGLE,STRAIGHT & LEVEL,DAYLIGHT,,,6/11/2020 8:28:11 AM,False,5113,Accepted,
26794994,0568000,LOUISVILLE METRO POLICE DEPT,Accepted,JEFFERSON,KY2054,,ALGONQUIN,PKWY,,,23RD,,,,,38.223538916,-85.797659082,1.360,6/10/2020 12:00:00 AM,1340,2,2,0,1,CLEAR,DRY,False,OPPOSING LEFT TURN,OPPOSING LEFT TURN,STRAIGHT & LEVEL,DAYLIGHT,,,6/11/2020 8:28:32 AM,False,7184,Accepted,
26794995,0568000,LOUISVILLE METRO POLICE DEPT,Accepted,JEFFERSON,,3400B,SOUTHMEADE,CIR,,,,,,,,38.155019713,-85.822476324,0.077,6/10/2020 12:00:00 AM,1823,2,1,0,1,CLEAR,DRY,False,COLLISION WITH BICYCLIST NON INTERSECTION,SINGLE VEHICLE,STRAIGHT & LEVEL,DAYLIGHT,,,6/11/2020 8:28:36 AM,False,7149,Accepted,
26808751,0568000,LOUISVILLE METRO POLICE DEPT,Accepted,JEFFERSON,,,SHAFFER,LN,,,,,,,,38.151397976,-85.560389087,0.192,6/10/2020 12:00:00 AM,1020,2,2,0,0,CLEAR,DRY,False,SIDESWIPE COLLISION - OPPOSITE DIRECTION,SIDESWIPE-OPPOSITE DIRECTION,CURVE & LEVEL,DAYLIGHT,,,6/15/2020 9:44:07 AM,False,7755,Accepted,
26794978,0568000,LOUISVILLE METRO POLICE DEPT,Accepted,JEFFERSON,KY1703,2807,NEWBURG,RD,,,,,,,,38.210128922,-85.693972137,2.932,6/10/2020 12:00:00 AM,1016,1,1,0,0,CLEAR,DRY,False,OTHER ROADWAY OR MID-BLOCK COLLISION,SINGLE VEHICLE,CURVE & HILLCREST,DAYLIGHT,,,6/11/2020 8:27:42 AM,False,7306,Accepted,
26795004,0568000,LOUISVILLE METRO POLICE DEPT,Accepted,JEFFERSON,KY1065,,OUTER,LOOP,,,WATTERSON,,,,,38.138569567,-85.615650396,10.008,6/10/2020 12:00:00 AM,2023,2,2,0,0,CLEAR,DRY,False,REAR END - ONE VEHICLE TURNING RIGHT,REAR END,STRAIGHT & LEVEL,DAYLIGHT,,,6/11/2020 8:29:09 AM,False,7120,Accepted,
26845778,0568000,LOUISVILLE METRO POLICE DEPT,Accepted,JEFFERSON,KY1020,212,PARK,RD,S,,,,,,,38.089466539,-85.721400666,0.298,6/10/2020 12:00:00 AM,1851,1,1,0,1,CLEAR,DRY,False,OCCUPANT FELL FROM MOVING VEHICLE,SINGLE VEHICLE,CURVE & HILLCREST,DAYLIGHT,,,6/22/2020 10:33:41 AM,False,7373,Accepted,