IncidentID,AgencyORI,AgencyName,IncidentStatusDesc,County,RdwyNumber,Street,RoadwayName,StreetSfx,StreetDir,IntersectionRdwy,IntersectionRdwyName,BetweenStRdwy1,BetweenStRdwyName1,BetweenStRdwy2,BetweenStRdwyName2,Latitude,Longitude,Milepoint,CollisionDate,CollisionTime,UnitsInvolved,MotorVehiclesInvolved,NumberKilled,NumberInjured,Weather,RdwyConditionCode,HitandRun,DirAnalysisCode,MannerofCollision,RdwyCharacter,LightCondition,RampFromRdwyId,RampToRdwyId,AcceptedDate,IsSecondaryCollision,OwnerBadge,IncidentStatus,
26822792,0568000,LOUISVILLE METRO POLICE DEPT,Accepted,JEFFERSON,KY0155,,TAYLORSVILLE,RD,,,,,,,,38.190718878,-85.488667468,4.966,6/10/2020 12:00:00 AM,1631,2,2,0,1,CLEAR,DRY,False,OTHER ROADWAY OR MID-BLOCK COLLISION,REAR END,CURVE & LEVEL,DAYLIGHT,,,6/16/2020 8:31:48 AM,False,2308,Accepted,
26822794,0568000,LOUISVILLE METRO POLICE DEPT,Accepted,JEFFERSON,,800,WASHINGTON,ST,E,,,,CLAY,,SHELBY,38.255331857,-85.737436252,0.515,6/10/2020 12:00:00 AM,1438,1,1,0,0,CLEAR,DRY,True,COLLISION WITH FIXED OBJECT NON - INTERSECTION - FIRST EVENT COLLISION 09 - 32 EXCLUDING 16,SINGLE VEHICLE,STRAIGHT & LEVEL,DAYLIGHT,,,6/16/2020 8:32:06 AM,False,7058,Accepted,
26827462,0568000,LOUISVILLE METRO POLICE DEPT,Accepted,JEFFERSON,US0150,,BROADWAY,,W,KY1020,3RD,,,,,38.245958288,-85.756715711,2.475,6/10/2020 12:00:00 AM,0912,4,4,0,5,CLOUDY,DRY,True,OTHER INTERSECTION COLLISIONS,REAR END,STRAIGHT & LEVEL,DAYLIGHT,,,6/17/2020 8:31:26 AM,False,2854,Accepted,
26827464,0568000,LOUISVILLE METRO POLICE DEPT,Accepted,JEFFERSON,,,DR WILLIAM G WEATHERS,DR,,,WILSON,,,,,38.227867117,-85.806094272,0.061,6/10/2020 12:00:00 AM,1328,2,2,0,0,CLOUDY,DRY,False,ANGLE COLLISION - OTHER,ANGLE,STRAIGHT & LEVEL,DAYLIGHT,,,6/17/2020 8:32:02 AM,False,5253,Accepted,
26827474,0568000,LOUISVILLE METRO POLICE DEPT,Accepted,JEFFERSON,,,LOWER HUNTERS,TRCE,,KY1934,GREENBELT,,,,,38.170174632,-85.875991911,2.520,6/10/2020 12:00:00 AM,1207,4,4,0,1,CLEAR,DRY,False,ANGLE COLLISION - OTHER,ANGLE,STRAIGHT & LEVEL,DUSK,,,6/17/2020 8:32:34 AM,False,5100,Accepted,
26837916,0568000,LOUISVILLE METRO POLICE DEPT,Accepted,JEFFERSON,,,ASHLAND,AVE,W,KY1865,TAYLOR,,,,,38.186653894,-85.783766475,0.991,6/9/2020 12:00:00 AM,1311,2,1,0,0,CLEAR,DRY,True,COLLISION IN PARKING LOT,SINGLE VEHICLE,STRAIGHT & LEVEL,DAYLIGHT,,,6/19/2020 3:25:18 PM,False,7472,Accepted,
26808805,0568000,LOUISVILLE METRO POLICE DEPT,Accepted,JEFFERSON,KY0061,,JACKSON,ST,S,US0150,BROADWAY,,,,,38.245106343,-85.745617926,12.286,6/9/2020 12:00:00 AM,0412,2,2,0,1,CLEAR,DRY,True,OTHER INTERSECTION COLLISIONS,REAR END,STRAIGHT & LEVEL,DARK-HWY LIGHTED/ON,,,6/15/2020 9:47:57 AM,False,5254,Accepted,
26808848,0568000,LOUISVILLE METRO POLICE DEPT,Accepted,JEFFERSON,KY1931,,MANSLICK,RD,,,CRUMS,,,,,38.189238394,-85.801302769,7.929,6/9/2020 12:00:00 AM,1159,2,2,0,0,CLOUDY,DRY,False,SIDESWIPE-SAME DIRECTION,SIDESWIPE-SAME DIRECTION,STRAIGHT & LEVEL,DAYLIGHT,,,6/15/2020 9:49:51 AM,False,5123,Accepted,
26845749,0568000,LOUISVILLE METRO POLICE DEPT,Accepted,JEFFERSON,KY1865,,TAYLOR,BLVD,,,BLUEGRASS,,,,,38.179629219,-85.783270522,5.028,6/9/2020 12:00:00 AM,1931,3,3,0,4,CLOUDY,DRY,False,ANGLE COLLISION - ONE VEHICLE TURNING LEFT,ANGLE,STRAIGHT & LEVEL,DAYLIGHT,,,6/22/2020 10:31:21 AM,False,5163,Accepted,
26915963,0568000,LOUISVILLE METRO POLICE DEPT,Accepted,JEFFERSON,KY0155,4106,TAYLORSVILLE,RD,,,,,,,,38.219349223,-85.617042692,12.853,6/9/2020 12:00:00 AM,1709,5,5,0,2,CLEAR,DRY,False,REAR END IN TRAFFIC LANES BOTH VEHICLES MOVING,REAR END,STRAIGHT & LEVEL,DAYLIGHT,,,7/10/2020 8:30:52 AM,False,5028,Accepted,
26794979,0568000,LOUISVILLE METRO POLICE DEPT,Accepted,JEFFERSON,KY1065,,OUTER,LOOP,,,BRIARCLIFF,,,,,38.136134800,-85.697048985,5.473,6/9/2020 12:00:00 AM,1709,3,3,0,3,CLEAR,DRY,False,ANGLE COLLISION - OTHER,ANGLE,STRAIGHT & LEVEL,DAYLIGHT,,,6/11/2020 8:27:45 AM,False,2308,Accepted,
26790483,0568000,LOUISVILLE METRO POLICE DEPT,Accepted,JEFFERSON,,,CENTRAL,AVE,,,UTAH,,,,,38.209630792,-85.778768789,1.295,6/9/2020 12:00:00 AM,2134,2,2,0,0,CLEAR,DRY,False,ANGLE COLLISION - OTHER,ANGLE,STRAIGHT & LEVEL,DUSK,,,6/10/2020 8:10:41 AM,False,7435,Accepted,
26808752,0568000,LOUISVILLE METRO POLICE DEPT,Accepted,JEFFERSON,US0150,,BROADWAY,,W,,1ST,,,,,38.245695306,-85.753413762,2.654,6/9/2020 12:00:00 AM,1430,2,1,0,1,CLEAR,DRY,False,COLLISION WITH PEDESTRIAN IN INTERSECTION,SINGLE VEHICLE,STRAIGHT & LEVEL,DAYLIGHT,,,6/15/2020 9:44:13 AM,False,7879,Accepted,
26794996,0568000,LOUISVILLE METRO POLICE DEPT,Accepted,JEFFERSON,KY1747,,HURSTBOURNE,PKWY,S,,,,,,,38.194005862,-85.604395455,9.257,6/9/2020 12:00:00 AM,1630,2,2,0,1,CLEAR,DRY,False,REAR END IN TRAFFIC LANES BOTH VEHICLES MOVING,REAR END,STRAIGHT & LEVEL,DAYLIGHT,,,6/11/2020 8:28:39 AM,False,7864,Accepted,
26785923,0568000,LOUISVILLE METRO POLICE DEPT,Accepted,JEFFERSON,,,ASHLAND,AVE,W,KY1865,TAYLOR,,,,,38.186612416,-85.783831095,0.990,6/9/2020 12:00:00 AM,0127,1,1,0,1,CLEAR,DRY,False,NON-COLLISION OBJECT COLLISION,SINGLE VEHICLE,STRAIGHT & LEVEL,DARK-HWY LIGHTED/ON,,,6/9/2020 8:34:11 AM,False,7040,Accepted,
26790476,0568000,LOUISVILLE METRO POLICE DEPT,Accepted,JEFFERSON,KY1747,,HURSTBOURNE,PKWY,,,HAMES,,,,,38.166756112,-85.606582871,7.315,6/9/2020 12:00:00 AM,2153,2,2,0,0,CLEAR,DRY,False,ANGLE COLLISION - OTHER,ANGLE,STRAIGHT & LEVEL,DARK-HWY LIGHTED/ON,,,6/10/2020 8:10:14 AM,False,5011,Accepted,
26790477,0568000,LOUISVILLE METRO POLICE DEPT,Accepted,JEFFERSON,I 0065,,I65 S,,,,,,,,,38.188371205,-85.727775002,130.569,6/9/2020 12:00:00 AM,1938,2,2,0,0,CLEAR,DRY,False,REAR END IN TRAFFIC LANES BOTH VEHICLES MOVING,REAR END,STRAIGHT & LEVEL,DAYLIGHT,,,6/10/2020 8:10:19 AM,False,5182,Accepted,
26822807,0568000,LOUISVILLE METRO POLICE DEPT,Accepted,JEFFERSON,,,1ST,ST,N,,WITHERSPOON,,,,,38.257727090,-85.751267098,0.115,6/9/2020 12:00:00 AM,2040,2,2,0,0,CLEAR,DRY,True,SIDESWIPE-SAME DIRECTION,SIDESWIPE-SAME DIRECTION,STRAIGHT & LEVEL,DAYLIGHT,,,6/16/2020 8:33:03 AM,False,2128,Accepted,
26794975,0568000,LOUISVILLE METRO POLICE DEPT,Accepted,JEFFERSON,,400,BECKLEY STATION,RD,S,,,,GLENDOWER,,BECKLEY HILLS,38.224816470,-85.487471809,1.012,6/9/2020 12:00:00 AM,1700,1,1,0,0,CLOUDY,DRY,False,COLLISION WITH FIXED OBJECT NON - INTERSECTION - FIRST EVENT COLLISION 09 - 32 EXCLUDING 16,SINGLE VEHICLE,STRAIGHT & LEVEL,DAYLIGHT,,,6/11/2020 8:27:31 AM,False,2030,Accepted,
26794998,0568000,LOUISVILLE METRO POLICE DEPT,Accepted,JEFFERSON,US0150,,22ND,ST,N,,ST XAVIER,,,,,38.265487544,-85.784357233,0.337,6/9/2020 12:00:00 AM,0921,1,1,0,2,CLOUDY,DRY,False,COLLISION WITH FIXED OBJECT IN INTERSECTION - FIRST EVENT COLLISION 09 - 32,SINGLE VEHICLE,CURVE & GRADE,DAYLIGHT,,,6/11/2020 8:28:43 AM,False,2854,Accepted,
26794984,0568000,LOUISVILLE METRO POLICE DEPT,Accepted,JEFFERSON,,1349,4TH,ST,S,,,,,,,38.231053147,-85.761049439,1.781,6/9/2020 12:00:00 AM,2236,3,3,0,0,CLEAR,DRY,True,1 VEHICLE PARKED POSITION (NOT PARKING LOT/DRIVEWAY),REAR END,STRAIGHT & LEVEL,DARK-HWY LIGHTED/ON,,,6/11/2020 8:28:00 AM,False,7422,Accepted,
26790480,0568000,LOUISVILLE METRO POLICE DEPT,Accepted,JEFFERSON,,,CECIL,AVE,,,BROADWAY,,,,,38.250370020,-85.821302776,0.669,6/9/2020 12:00:00 AM,2222,1,1,0,3,CLEAR,DRY,False,COLLISION WITH FIXED OBJECT IN INTERSECTION - FIRST EVENT COLLISION 09 - 32,SINGLE VEHICLE,STRAIGHT & LEVEL,DARK-HWY LIGHTED/ON,,,6/10/2020 8:10:29 AM,False,7489,Accepted,
26790456,0568000,LOUISVILLE METRO POLICE DEPT,Accepted,JEFFERSON,,,VIRGINIA,AVE,,,,,,,,38.238152830,-85.800530803,0.212,6/9/2020 12:00:00 AM,1458,2,2,0,0,CLOUDY,DRY,False,REAR END IN TRAFFIC LANES BOTH VEHICLES MOVING,REAR END,STRAIGHT & LEVEL,DAYLIGHT,,,6/10/2020 8:09:23 AM,False,7326,Accepted,
26790462,0568000,LOUISVILLE METRO POLICE DEPT,Accepted,JEFFERSON,US0031E,,BARDSTOWN,RD,,,CAPTAIN,,,,,38.128125446,-85.575857461,3.899,6/9/2020 12:00:00 AM,1739,2,2,0,0,CLEAR,DRY,False,OPPOSING LEFT TURN,OPPOSING LEFT TURN,STRAIGHT & LEVEL,DAYLIGHT,,,6/10/2020 8:09:49 AM,False,6878,Accepted,
26790469,0568000,LOUISVILLE METRO POLICE DEPT,Accepted,JEFFERSON,US0150T,,MARKET,ST,W,US0150,DR W J HODGE,,,,,38.258423912,-85.784958235,0.084,6/9/2020 12:00:00 AM,1902,2,2,0,1,CLOUDY,DRY,True,ANGLE COLLISION - OTHER,ANGLE,STRAIGHT & LEVEL,DAYLIGHT,,,6/10/2020 8:09:57 AM,False,7311,Accepted,
26790478,0568000,LOUISVILLE METRO POLICE DEPT,Accepted,JEFFERSON,,4920,3RD,ST,S,,,,TENNY,,AMHERST,38.175923201,-85.767223528,1.580,6/9/2020 12:00:00 AM,2210,1,1,0,0,CLOUDY,DRY,False,COLLISION WITH FIXED OBJECT NON - INTERSECTION - FIRST EVENT COLLISION 09 - 32 EXCLUDING 16,SINGLE VEHICLE,STRAIGHT & LEVEL,DARK-HWY LIGHTED/ON,,,6/10/2020 8:10:24 AM,False,5245,Accepted,
26785917,0568000,LOUISVILLE METRO POLICE DEPT,Accepted,JEFFERSON,US0031E,,BARDSTOWN,RD,,,,,ALTA,,BONNYCASTLE,38.231136159,-85.705991023,14.446,6/9/2020 12:00:00 AM,0030,2,2,0,1,CLEAR,DRY,True,SIDESWIPE COLLISION - SAME DIRECTION,SIDESWIPE-SAME DIRECTION,STRAIGHT & LEVEL,DARK-HWY LIGHTED/ON,,,6/9/2020 8:33:46 AM,False,5274,Accepted,
26785918,0568000,LOUISVILLE METRO POLICE DEPT,Accepted,JEFFERSON,US0150,,BROADWAY,,W,KY1020,3RD,,,,,38.246095300,-85.757149371,2.449,6/9/2020 12:00:00 AM,0220,2,2,0,0,CLEAR,DRY,True,SIDESWIPE-SAME DIRECTION,SIDESWIPE-SAME DIRECTION,STRAIGHT & LEVEL,DARK-HWY LIGHTED/ON,,,6/9/2020 8:33:50 AM,False,7111,Accepted,
26790454,0568000,LOUISVILLE METRO POLICE DEPT,Accepted,JEFFERSON,,,38TH,ST,S,,MARKET,,,,,38.261496280,-85.811818129,0.126,6/9/2020 12:00:00 AM,1505,2,2,0,0,CLEAR,DRY,True,OTHER INTERSECTION COLLISIONS,REAR END,STRAIGHT & LEVEL,DAYLIGHT,,,6/10/2020 8:09:11 AM,False,5000,Accepted,
26799271,0568000,LOUISVILLE METRO POLICE DEPT,Accepted,JEFFERSON,KY0061,,PRESTON,HWY,,,BOERSTE,,,,,38.113984279,-85.676024014,2.124,6/9/2020 12:00:00 AM,2209,2,2,0,4,CLEAR,DRY,False,ANGLE COLLISION - ONE VEHICLE TURNING LEFT,ANGLE,STRAIGHT & LEVEL,DARK-HWY LIGHTED/ON,,,6/12/2020 8:30:33 AM,False,7735,Accepted,
26790453,0568000,LOUISVILLE METRO POLICE DEPT,Accepted,JEFFERSON,,,26TH,ST,S,,JEFFERSON,,,,,38.257946572,-85.793933546,0.193,6/9/2020 12:00:00 AM,1041,2,2,0,0,CLEAR,DRY,False,ANGLE COLLISION - OTHER,ANGLE,STRAIGHT & LEVEL,DAYLIGHT,,,6/10/2020 8:09:04 AM,False,7947,Accepted,
26790461,0568000,LOUISVILLE METRO POLICE DEPT,Accepted,JEFFERSON,KY1932,,BRECKENRIDGE,LN,,,SUDBURY,,,,,38.208679818,-85.626562785,1.991,6/9/2020 12:00:00 AM,1433,2,2,0,1,CLOUDY,DRY,False,ANGLE COLLISION - OTHER,ANGLE,STRAIGHT & LEVEL,DAYLIGHT,,,6/10/2020 8:09:46 AM,False,7864,Accepted,
26790481,0568000,LOUISVILLE METRO POLICE DEPT,Accepted,JEFFERSON,,1600B,RUSSELL LEE,DR,,,,,,,,38.228253461,-85.818090307,0.171,6/9/2020 12:00:00 AM,2333,1,1,0,0,CLEAR,DRY,False,COLLISION WITH FIXED OBJECT NON - INTERSECTION - FIRST EVENT COLLISION 09 - 32 EXCLUDING 16,SINGLE VEHICLE,CURVE & LEVEL,DARK-HWY LIGHTED/ON,,,6/10/2020 8:10:33 AM,False,5292,Accepted,
26791266,0561500,UNIV. OF LOUISVILLE POLICE,Accepted,JEFFERSON,,,FLOYD,ST,S,,DENNY CRUM OVERPASS,,,,,38.203120282,-85.757113907,3.629,6/9/2020 12:00:00 AM,,1,1,0,0,CLEAR,DRY,True,COLLISION IN PARKING LOT,SINGLE VEHICLE,STRAIGHT & LEVEL,DAYLIGHT,,,6/10/2020 11:53:07 AM,False,5674,Accepted,
26785919,0568000,LOUISVILLE METRO POLICE DEPT,Accepted,JEFFERSON,,,MADISON,ST,W,,,,26TH,,24TH,38.253841277,-85.791986737,1.064,6/9/2020 12:00:00 AM,0324,5,5,0,0,CLEAR,DRY,True,1 VEHICLE PARKED POSITION (NOT PARKING LOT/DRIVEWAY),SIDESWIPE-SAME DIRECTION,STRAIGHT & LEVEL,DARK-HWY LIGHTED/ON,,,6/9/2020 8:33:53 AM,False,5021,Accepted,
26785920,0568000,LOUISVILLE METRO POLICE DEPT,Accepted,JEFFERSON,,,BROOK,ST,S,,OAK,,,,,38.234409251,-85.753677044,1.981,6/9/2020 12:00:00 AM,0349,2,2,0,2,CLEAR,DRY,True,ANGLE COLLISION - OTHER,ANGLE,STRAIGHT & LEVEL,DARK (UNKNOWN ROADWAY LIGHTING),,,6/9/2020 8:33:58 AM,False,5213,Accepted,
26790452,0568000,LOUISVILLE METRO POLICE DEPT,Accepted,JEFFERSON,US0031E,,BARDSTOWN,RD,,,,,,,,38.206909423,-85.667587457,11.654,6/9/2020 12:00:00 AM,1304,2,2,0,0,CLOUDY,DRY,False,REAR END IN TRAFFIC LANES BOTH VEHICLES MOVING,REAR END,STRAIGHT & LEVEL,DAYLIGHT,,,6/10/2020 8:08:59 AM,False,4693,Accepted,
26790458,0568000,LOUISVILLE METRO POLICE DEPT,Accepted,JEFFERSON,KY1865,,NEW CUT,RD,,,SOUTHLAND,,,,,38.169826509,-85.781338996,4.338,6/9/2020 12:00:00 AM,1250,1,1,0,0,RAINING,WET,False,COLLISION WITH FIXED OBJECT IN INTERSECTION - FIRST EVENT COLLISION 09 - 32,SINGLE VEHICLE,STRAIGHT & LEVEL,DAYLIGHT,,,6/10/2020 8:09:34 AM,False,7483,Accepted,
26790459,0568000,LOUISVILLE METRO POLICE DEPT,Accepted,JEFFERSON,KY1934,,GREENBELT,HWY,,,INTERMODAL,,,,,38.157203935,-85.884834655,5.173,6/9/2020 12:00:00 AM,1116,2,2,0,2,CLEAR,DRY,False,ANGLE COLLISION - OTHER,ANGLE,STRAIGHT & LEVEL,DAYLIGHT,,,6/10/2020 8:09:38 AM,False,7485,Accepted,
26790460,0568000,LOUISVILLE METRO POLICE DEPT,Accepted,JEFFERSON,,2000,INDUSTRIAL,BLVD,,,,,,,,38.153365962,-85.708228299,0.758,6/9/2020 12:00:00 AM,1411,2,2,0,0,CLOUDY,DRY,False,COLLISION IN PARKING LOT,BACKING,STRAIGHT & LEVEL,DAYLIGHT,,,6/10/2020 8:09:42 AM,False,7397,Accepted,
26785921,0568000,LOUISVILLE METRO POLICE DEPT,Accepted,JEFFERSON,KY1865,5438,NEW CUT,RD,,,,,,,,38.149313930,-85.776061169,2.909,6/8/2020 12:00:00 AM,2251,2,2,0,1,CLEAR,DRY,False,SIDESWIPE COLLISION - OPPOSITE DIRECTION,SIDESWIPE-OPPOSITE DIRECTION,STRAIGHT & LEVEL,DARK-HWY LIGHTED/ON,,,6/9/2020 8:34:03 AM,False,5276,Accepted,
26785922,0568000,LOUISVILLE METRO POLICE DEPT,Accepted,JEFFERSON,,,23RD,ST,S,,GARLAND,,,,,38.244208568,-85.790486036,0.675,6/8/2020 12:00:00 AM,1917,2,2,0,0,CLEAR,DRY,False,VEHICLE BACKING IN INTERSECTION,BACKING,STRAIGHT & LEVEL,DAYLIGHT,,,6/9/2020 8:34:07 AM,False,7973,Accepted,
26785911,0568000,LOUISVILLE METRO POLICE DEPT,Accepted,JEFFERSON,US0031E,,BARDSTOWN,RD,,,CEDAR CREEK,,,,,38.134130545,-85.579603989,4.372,6/8/2020 12:00:00 AM,1752,3,3,0,0,CLEAR,DRY,False,OPPOSING LEFT TURN,OPPOSING LEFT TURN,STRAIGHT & LEVEL,DAYLIGHT,,,6/9/2020 8:33:12 AM,False,7698,Accepted,
26785897,0568000,LOUISVILLE METRO POLICE DEPT,Accepted,JEFFERSON,KY0864,4100,POPLAR LEVEL,RD,,,,,,,,38.200490239,-85.708889757,11.667,6/8/2020 12:00:00 AM,1245,2,2,0,0,CLEAR,DRY,False,1 VEHICLE ENTERING/LEAVING ENTRANCE,ANGLE,STRAIGHT & LEVEL,DAYLIGHT,,,6/9/2020 8:32:03 AM,False,6148,Accepted,
26785903,0568000,LOUISVILLE METRO POLICE DEPT,Accepted,JEFFERSON,,,LOWER HUNTERS,TRCE,,,SKY BLUE,,,,,38.158650541,-85.849391131,0.830,6/8/2020 12:00:00 AM,1023,2,2,0,0,CLEAR,DRY,False,COLLISION WITH FIXED OBJECT IN INTERSECTION - FIRST EVENT COLLISION 09 - 32,OPPOSING LEFT TURN,STRAIGHT & LEVEL,DAYLIGHT,,,6/9/2020 8:32:38 AM,False,7339,Accepted,
26785904,0568000,LOUISVILLE METRO POLICE DEPT,Accepted,JEFFERSON,US0031W,,MARKET,ST,W,,,,,,,38.257297152,-85.775469134,20.802,6/8/2020 12:00:00 AM,1500,2,2,0,1,CLEAR,DRY,False,REAR END IN TRAFFIC LANES BOTH VEHICLES MOVING,REAR END,STRAIGHT & LEVEL,DAYLIGHT,,,6/9/2020 8:32:43 AM,False,7988,Accepted,
26785905,0568000,LOUISVILLE METRO POLICE DEPT,Accepted,JEFFERSON,,,MEDFORD,LN,,,,,BASHFORD MANOR,,MEDFORD,38.204536071,-85.661214286,0.235,6/8/2020 12:00:00 AM,1201,2,2,0,0,CLEAR,DRY,False,1 VEHICLE PARKED POSITION (NOT PARKING LOT/DRIVEWAY),REAR END,STRAIGHT & LEVEL,DAYLIGHT,,,6/9/2020 8:32:48 AM,False,7448,Accepted,
26785906,0568000,LOUISVILLE METRO POLICE DEPT,Accepted,JEFFERSON,,6707,GRADE,LN,,,,,,,,38.152179565,-85.734247742,2.505,6/8/2020 12:00:00 AM,1055,2,2,0,0,CLEAR,DRY,False,COLLISION IN PARKING LOT,ANGLE,STRAIGHT & LEVEL,DAYLIGHT,,,6/9/2020 8:32:52 AM,False,7354,Accepted,
26785912,0568000,LOUISVILLE METRO POLICE DEPT,Accepted,JEFFERSON,KY1142,,PALATKA,RD,,KY1931,MANSLICK,,,,,38.155388101,-85.801919789,0.001,6/8/2020 12:00:00 AM,1714,2,2,0,3,CLOUDY,DRY,False,ANGLE COLLISION - OTHER,ANGLE,STRAIGHT & LEVEL,DAYLIGHT,,,6/9/2020 8:33:16 AM,False,7340,Accepted,
26785914,0568000,LOUISVILLE METRO POLICE DEPT,Accepted,JEFFERSON,,,HANCOCK,ST,S,US0031E,MARKET,,,,,38.253632676,-85.742094404,0.094,6/8/2020 12:00:00 AM,1947,2,2,0,0,CLEAR,DRY,False,SIDESWIPE-SAME DIRECTION,SIDESWIPE-SAME DIRECTION,STRAIGHT & LEVEL,DUSK,,,6/9/2020 8:33:24 AM,False,7386,Accepted,
26786241,0561500,UNIV. OF LOUISVILLE POLICE,Accepted,JEFFERSON,KY1020,2301,3RD,ST,S,,,US0060A,EASTERN,,,38.215075217,-85.760551224,9.975,6/8/2020 12:00:00 AM,1723,2,2,0,0,CLEAR,DRY,False,1 VEHICLE PARKED POSITION (NOT PARKING LOT/DRIVEWAY),SIDESWIPE-SAME DIRECTION,CURVE & LEVEL,DAYLIGHT,,,6/9/2020 9:52:02 AM,False,5686,Accepted,
26799327,0568000,LOUISVILLE METRO POLICE DEPT,Accepted,JEFFERSON,KY0864,,POPLAR LEVEL,RD,,,,,,,,38.195552326,-85.707700911,11.330,6/8/2020 12:00:00 AM,2148,2,2,0,2,CLEAR,DRY,False,SIDESWIPE COLLISION - OPPOSITE DIRECTION,SIDESWIPE-OPPOSITE DIRECTION,STRAIGHT & LEVEL,DARK-HWY LIGHTED/OFF,,,6/12/2020 8:31:38 AM,False,7972,Accepted,
26906895,0568000,LOUISVILLE METRO POLICE DEPT,Accepted,JEFFERSON,,,MUHAMMAD ALI,BLVD,E,,FLOYD,,,,,38.250216735,-85.748835894,0.834,6/8/2020 12:00:00 AM,2030,2,2,0,1,CLEAR,DRY,False,ANGLE COLLISION - OTHER,ANGLE,CURVE & LEVEL,DAYLIGHT,,,7/8/2020 8:50:18 AM,False,5135,Accepted,
26785909,0568000,LOUISVILLE METRO POLICE DEPT,Accepted,JEFFERSON,,,GRADY,AVE,,,MAE STREET KIDD,,,,,38.228284203,-85.819443433,0.082,6/8/2020 12:00:00 AM,1421,2,2,0,1,CLEAR,DRY,False,ANGLE COLLISION - OTHER,ANGLE,STRAIGHT & LEVEL,DAYLIGHT,,,6/9/2020 8:33:05 AM,False,7656,Accepted,
26785910,0568000,LOUISVILLE METRO POLICE DEPT,Accepted,JEFFERSON,US0060A,1155,EASTERN,PKWY,,,,,,,,38.225478093,-85.727547723,5.693,6/8/2020 12:00:00 AM,1716,2,2,0,0,CLEAR,DRY,False,1 VEHICLE ENTERING/LEAVING ENTRANCE,ANGLE,STRAIGHT & LEVEL,DAYLIGHT,,,6/9/2020 8:33:09 AM,False,7418,Accepted,
26785908,0568000,LOUISVILLE METRO POLICE DEPT,Accepted,JEFFERSON,KY1747,2106,HURSTBOURNE,PKWY,S,,,,,,,38.217640893,-85.587011912,11.290,6/8/2020 12:00:00 AM,1644,3,3,0,0,CLEAR,DRY,False,1 VEHICLE ENTERING/LEAVING ENTRANCE,ANGLE,STRAIGHT & LEVEL,DAYLIGHT,,,6/9/2020 8:33:01 AM,False,7448,Accepted,
26785907,0568000,LOUISVILLE METRO POLICE DEPT,Accepted,JEFFERSON,,,3RD,ST,S,KY2801,FLORENCE,,,,,38.191173066,-85.764902975,0.649,6/8/2020 12:00:00 AM,0957,3,3,0,1,CLEAR,DRY,False,ANGLE COLLISION - OTHER,ANGLE,STRAIGHT & LEVEL,DAYLIGHT,,,6/9/2020 8:32:56 AM,False,5111,Accepted,
26785890,0568000,LOUISVILLE METRO POLICE DEPT,Accepted,JEFFERSON,KY0907,,VALLEY STATION,RD,,,AMRONA,,,,,38.105588543,-85.854493401,0.708,6/8/2020 12:00:00 AM,0823,2,2,0,1,CLEAR,DRY,False,ANGLE COLLISION - OTHER,ANGLE,STRAIGHT & LEVEL,DAYLIGHT,,,6/9/2020 8:31:23 AM,False,6318,Accepted,
26781473,0568000,LOUISVILLE METRO POLICE DEPT,Accepted,JEFFERSON,,200B,TENNY,AVE,W,,,,,,,38.176929623,-85.767149677,0.084,6/8/2020 12:00:00 AM,0210,2,1,0,1,CLEAR,DRY,True,OTHER ROADWAY OR MID-BLOCK COLLISION,SINGLE VEHICLE,STRAIGHT & LEVEL,DARK-HWY NOT LIGHTED,,,6/8/2020 8:24:59 AM,False,7963,Accepted,
26783803,0560400,SHIVELY POLICE DEPARTMENT,Accepted,JEFFERSON,I 0264,,I264 W,,,,,,,,,38.200742963,-85.827320423,5.694,6/8/2020 12:00:00 AM,1631,2,2,0,1,CLOUDY,DRY,False,REAR END IN TRAFFIC LANES BOTH VEHICLES MOVING,REAR END,CURVE & LEVEL,DAYLIGHT,,,6/8/2020 7:52:40 PM,False,7128,Accepted,
26808833,0568000,LOUISVILLE METRO POLICE DEPT,Accepted,JEFFERSON,US0150,,BROADWAY,,W,,,,,,,38.246009954,-85.756737602,2.471,6/8/2020 12:00:00 AM,1647,2,2,0,1,CLEAR,DRY,False,1 VEHICLE ENTERING/LEAVING ENTRANCE,ANGLE,STRAIGHT & GRADE,DAYLIGHT,,,6/15/2020 9:49:02 AM,False,2661,Accepted,
26790450,0568000,LOUISVILLE METRO POLICE DEPT,Accepted,JEFFERSON,,,LESTER,AVE,,,LONGFIELD,,,,,38.198707047,-85.786521053,0.409,6/8/2020 12:00:00 AM,1811,2,2,0,1,CLEAR,DRY,False,ANGLE COLLISION - OTHER,ANGLE,STRAIGHT & LEVEL,DAYLIGHT,,,6/10/2020 8:08:51 AM,False,7472,Accepted,
26790448,0568000,LOUISVILLE METRO POLICE DEPT,Accepted,JEFFERSON,,1408,LARCHMONT,AVE,,,,,,,,38.211564753,-85.781657191,0.480,6/8/2020 12:00:00 AM,1442,1,1,0,0,CLEAR,DRY,False,COLLISION WITH FIXED OBJECT NON - INTERSECTION - FIRST EVENT COLLISION 09 - 32 EXCLUDING 16,SINGLE VEHICLE,STRAIGHT & LEVEL,DAYLIGHT,,,6/10/2020 8:08:42 AM,False,7472,Accepted,