IncidentID,AgencyORI,AgencyName,IncidentStatusDesc,County,RdwyNumber,Street,RoadwayName,StreetSfx,StreetDir,IntersectionRdwy,IntersectionRdwyName,BetweenStRdwy1,BetweenStRdwyName1,BetweenStRdwy2,BetweenStRdwyName2,Latitude,Longitude,Milepoint,CollisionDate,CollisionTime,UnitsInvolved,MotorVehiclesInvolved,NumberKilled,NumberInjured,Weather,RdwyConditionCode,HitandRun,DirAnalysisCode,MannerofCollision,RdwyCharacter,LightCondition,RampFromRdwyId,RampToRdwyId,AcceptedDate,IsSecondaryCollision,OwnerBadge,IncidentStatus,
26769105,0568000,LOUISVILLE METRO POLICE DEPT,Accepted,JEFFERSON,,,CHAMBERLAIN,LN,,,,,,,,38.316377801,-85.568890609,4.311,6/3/2020 12:00:00 AM,1002,2,2,0,1,CLEAR,DRY,False,1 VEHICLE ENTERING/LEAVING ENTRANCE,ANGLE,STRAIGHT & LEVEL,DAYLIGHT,,,6/4/2020 8:09:40 AM,False,6830,Accepted,
26769106,0568000,LOUISVILLE METRO POLICE DEPT,Accepted,JEFFERSON,KY1065,,OUTER,LOOP,,,,,LAMBERT,,NOLTEMEYER WYNDE,38.138223758,-85.678442174,6.513,6/3/2020 12:00:00 AM,1542,2,2,0,0,CLEAR,DRY,False,1 VEHICLE ENTERING/LEAVING ENTRANCE,ANGLE,STRAIGHT & LEVEL,DAYLIGHT,,,6/4/2020 8:09:44 AM,False,2017,Accepted,
26769112,0568000,LOUISVILLE METRO POLICE DEPT,Accepted,JEFFERSON,KY1865,,TAYLOR,BLVD,,,BLUEGRASS,,,,,38.179600945,-85.783282518,5.029,6/3/2020 12:00:00 AM,1548,2,2,0,0,CLEAR,DRY,False,OTHER INTERSECTION COLLISIONS,REAR END,STRAIGHT & LEVEL,DAYLIGHT,,,6/4/2020 8:09:58 AM,False,5111,Accepted,
26769113,0568000,LOUISVILLE METRO POLICE DEPT,Accepted,JEFFERSON,,,PENNSYLVANIA RUN,RD,,,CATALPA SPRINGS,,,,,38.124936624,-85.629298689,0.163,6/3/2020 12:00:00 AM,1657,2,2,0,0,CLEAR,DRY,False,OTHER INTERSECTION COLLISIONS,REAR END,STRAIGHT & LEVEL,DAYLIGHT,,,6/4/2020 8:10:01 AM,False,2017,Accepted,
26769114,0568000,LOUISVILLE METRO POLICE DEPT,Accepted,JEFFERSON,KY1931,,ST ANDREWS CHURCH,RD,,KY1142,PALATKA,,,,,38.155298885,-85.802044497,5.477,6/3/2020 12:00:00 AM,1746,2,2,0,0,CLEAR,DRY,False,ANGLE COLLISION - OTHER,ANGLE,STRAIGHT & LEVEL,DAYLIGHT,,,6/4/2020 8:10:05 AM,False,7340,Accepted,
26769119,0568000,LOUISVILLE METRO POLICE DEPT,Accepted,JEFFERSON,US0031E,,BARDSTOWN,RD,,,,,,,,38.236519213,-85.717485710,15.189,6/3/2020 12:00:00 AM,1334,2,2,0,1,CLEAR,DRY,False,1 VEHICLE ENTERING/LEAVING ENTRANCE,ANGLE,STRAIGHT & LEVEL,DAYLIGHT,,,6/4/2020 8:10:21 AM,False,5112,Accepted,
26769121,0568000,LOUISVILLE METRO POLICE DEPT,Accepted,JEFFERSON,I 0065,,I65 S,,,,,,,,,38.252536205,-85.746008935,135.919,6/3/2020 12:00:00 AM,0630,2,2,0,1,CLEAR,DRY,False,1 VEHICLE ENTERING/LEAVING ENTRANCE,ANGLE,STRAIGHT & LEVEL,DAYLIGHT,,,6/4/2020 8:10:28 AM,False,5172,Accepted,
26769128,0568000,LOUISVILLE METRO POLICE DEPT,Accepted,JEFFERSON,KY1020,1465,3RD,ST,S,,HILL,,,,,38.226206686,-85.760234800,10.681,6/3/2020 12:00:00 AM,2316,4,4,0,0,CLEAR,DRY,False,COLLISION WITH PARKED VEHICLE,HEAD ON,STRAIGHT & LEVEL,DARK-HWY LIGHTED/ON,,,6/4/2020 8:10:49 AM,False,7344,Accepted,
26774312,0568000,LOUISVILLE METRO POLICE DEPT,Accepted,JEFFERSON,US0150,,BROADWAY,,W,,13TH,,,,,38.247794409,-85.773228666,1.562,6/3/2020 12:00:00 AM,1600,2,2,0,0,CLEAR,DRY,False,ANGLE COLLISION - OTHER,ANGLE,STRAIGHT & LEVEL,DAYLIGHT,,,6/5/2020 3:53:55 PM,False,2855,Accepted,
26769096,0568000,LOUISVILLE METRO POLICE DEPT,Accepted,JEFFERSON,KY1865,,TAYLOR,BLVD,,,WOODLAWN,,,,,38.181395124,-85.783515915,5.160,6/3/2020 12:00:00 AM,0852,2,2,0,2,CLEAR,DRY,False,ANGLE COLLISION - OTHER,ANGLE,STRAIGHT & LEVEL,DAYLIGHT,,,6/4/2020 8:08:57 AM,False,7978,Accepted,
26769097,0568000,LOUISVILLE METRO POLICE DEPT,Accepted,JEFFERSON,US0060,,SHELBYVILLE,RD,,,CHADWICK,,,,,38.247250469,-85.587415659,7.285,6/3/2020 12:00:00 AM,1030,2,2,0,2,CLEAR,DRY,False,OPPOSING LEFT TURN,OPPOSING LEFT TURN,STRAIGHT & LEVEL,DAYLIGHT,,,6/4/2020 8:09:00 AM,False,6406,Accepted,
26785901,0568000,LOUISVILLE METRO POLICE DEPT,Accepted,JEFFERSON,,,DOERHOEFER,AVE,,,,,38TH,,DEARBORN,38.248153005,-85.814461130,0.281,6/3/2020 12:00:00 AM,1647,2,2,0,1,CLEAR,DRY,False,1 VEHICLE ENTERING/LEAVING ENTRANCE,ANGLE,STRAIGHT & LEVEL,DAYLIGHT,,,6/9/2020 8:32:14 AM,False,7326,Accepted,
26781379,0568000,LOUISVILLE METRO POLICE DEPT,Accepted,JEFFERSON,,4700,CRITTENDEN,DR,,,,,,,,38.183515734,-85.754502880,1.168,6/3/2020 12:00:00 AM,1453,1,1,1,0,CLEAR,DRY,False,RAN OFF ROADWAY (1 VEHICLE WITH/EARTH EMBANKMENT/DITCH),SINGLE VEHICLE,CURVE & GRADE,DAYLIGHT,,,6/8/2020 8:16:55 AM,False,7720,Accepted,
26781369,0568000,LOUISVILLE METRO POLICE DEPT,Accepted,JEFFERSON,,,4TH,ST,S,,CARDINAL,,,,,38.220746285,-85.762816533,2.497,6/3/2020 12:00:00 AM,1234,2,2,0,0,CLEAR,DRY,False,OPPOSITE DIRECTION - BOTH VEHICLES GOING STRAIGHT AHEAD,SIDESWIPE-OPPOSITE DIRECTION,STRAIGHT & LEVEL,DAYLIGHT,,,6/8/2020 8:16:00 AM,False,7296,Accepted,
26790475,0568000,LOUISVILLE METRO POLICE DEPT,Accepted,JEFFERSON,,,OAK,ST,W,,,KY1020,2ND,,ARTHUR KLING,38.234705661,-85.756931589,0.087,6/3/2020 12:00:00 AM,1915,2,2,0,0,CLEAR,DRY,False,1 VEHICLE ENTERING/LEAVING ENTRANCE,ANGLE,STRAIGHT & LEVEL,DAYLIGHT,,,6/10/2020 8:10:06 AM,False,5267,Accepted,
26781377,0568000,LOUISVILLE METRO POLICE DEPT,Accepted,JEFFERSON,,,16TH,ST,S,,MUHAMMAD ALI,,,,,38.253266087,-85.777350973,0.379,6/3/2020 12:00:00 AM,0014,2,2,0,4,CLEAR,DRY,False,ANGLE COLLISION - OTHER,ANGLE,STRAIGHT & LEVEL,DARK-HWY LIGHTED/ON,,,6/8/2020 8:16:46 AM,False,7720,Accepted,
26781342,0568000,LOUISVILLE METRO POLICE DEPT,Accepted,JEFFERSON,,,BRADLEY,AVE,,US0060A,EASTERN,,,,,38.212404768,-85.747084828,0.466,6/3/2020 12:00:00 AM,0623,2,2,0,0,CLEAR,DRY,True,COLLISION WITH PARKED VEHICLE,HEAD ON,STRAIGHT & LEVEL,DAYLIGHT,,,6/8/2020 8:13:46 AM,False,5196,Accepted,
26781359,0568000,LOUISVILLE METRO POLICE DEPT,Accepted,JEFFERSON,I 0071,,I71 S,,,,,,,,,38.320022717,-85.563484379,10.165,6/3/2020 12:00:00 AM,0355,1,1,0,0,CLEAR,DRY,True,OTHER ROADWAY OR MID-BLOCK COLLISION,SINGLE VEHICLE,STRAIGHT & LEVEL,DARK-HWY LIGHTED/ON,,,6/8/2020 8:15:10 AM,False,5056,Accepted,
26765106,0568000,LOUISVILLE METRO POLICE DEPT,Accepted,JEFFERSON,,,VIRGINIA,AVE,,,34TH,,,,,38.238981261,-85.810290753,0.767,6/3/2020 12:00:00 AM,0001,2,2,0,2,CLEAR,FLOODED,False,ANGLE COLLISION - OTHER,ANGLE,STRAIGHT & LEVEL,DARK-HWY LIGHTED/ON,,,6/3/2020 8:14:23 AM,False,7445,Accepted,
26769098,0568000,LOUISVILLE METRO POLICE DEPT,Accepted,JEFFERSON,,,7TH,ST,S,,MAGNOLIA,,,,,38.229642795,-85.767552031,0.871,6/3/2020 12:00:00 AM,1201,2,2,0,1,CLEAR,DRY,False,ANGLE COLLISION - OTHER,ANGLE,STRAIGHT & LEVEL,DAYLIGHT,,,6/4/2020 8:09:06 AM,False,7433,Accepted,
26769100,0568000,LOUISVILLE METRO POLICE DEPT,Accepted,JEFFERSON,KY1065,4537,OUTER,LOOP,,,,,,,,38.138286070,-85.680149371,6.424,6/3/2020 12:00:00 AM,1142,1,1,0,0,CLEAR,DRY,True,COLLISION IN PARKING LOT,SINGLE VEHICLE,STRAIGHT & LEVEL,DAYLIGHT,,,6/4/2020 8:09:24 AM,False,2017,Accepted,
26769118,0568000,LOUISVILLE METRO POLICE DEPT,Accepted,JEFFERSON,KY1934,4416,CANE RUN,RD,,,RICHMONT,,,,,38.197189527,-85.840537840,9.041,6/3/2020 12:00:00 AM,1510,3,3,0,0,CLEAR,DRY,False,OTHER INTERSECTION COLLISIONS,REAR END,STRAIGHT & LEVEL,DAYLIGHT,,,6/4/2020 8:10:17 AM,False,7420,Accepted,
26769124,0568000,LOUISVILLE METRO POLICE DEPT,Accepted,JEFFERSON,US0031E,1000,MAIN,ST,E,,,,,,,38.254040861,-85.732824340,16.750,6/3/2020 12:00:00 AM,2325,1,1,0,1,CLEAR,DRY,False,COLLISION WITH FIXED OBJECT NON - INTERSECTION - FIRST EVENT COLLISION 09 - 32 EXCLUDING 16,SINGLE VEHICLE,CURVE & LEVEL,DARK-HWY LIGHTED/ON,,,6/4/2020 8:10:35 AM,False,5271,Accepted,
26769101,0568000,LOUISVILLE METRO POLICE DEPT,Accepted,JEFFERSON,KY0061,2208,SHELBY,ST,S,,,,,,,38.216036060,-85.743401522,10.196,6/3/2020 12:00:00 AM,1224,1,1,0,0,CLEAR,DRY,False,COLLISION WITH FIXED OBJECT NON - INTERSECTION - FIRST EVENT COLLISION 09 - 32 EXCLUDING 16,SINGLE VEHICLE,STRAIGHT & LEVEL,DAYLIGHT,,,6/4/2020 8:09:29 AM,False,7418,Accepted,
26769110,0568000,LOUISVILLE METRO POLICE DEPT,Accepted,JEFFERSON,KY1932,,BRECKENRIDGE,LN,,,BERKSHIRE,,,,,38.222453133,-85.632687158,3.066,6/3/2020 12:00:00 AM,1514,2,2,0,1,CLEAR,DRY,True,ANGLE COLLISION - ONE VEHICLE TURNING LEFT,ANGLE,STRAIGHT & LEVEL,DAYLIGHT,,,6/4/2020 8:09:54 AM,False,7448,Accepted,
26774341,0568000,LOUISVILLE METRO POLICE DEPT,Accepted,JEFFERSON,,7601,ST ANDREWS CHURCH,RD,,,,,,,,38.153702254,-85.814507621,0.022,6/3/2020 12:00:00 AM,2049,1,1,0,1,CLEAR,DRY,False,COLLISION IN PARKING LOT,SINGLE VEHICLE,STRAIGHT & LEVEL,DAWN,,,6/5/2020 3:55:46 PM,False,5170,Accepted,
26765113,0568000,LOUISVILLE METRO POLICE DEPT,Accepted,JEFFERSON,US0150,,BROADWAY,,W,,1ST,,,,,38.245622161,-85.753441285,2.649,6/2/2020 12:00:00 AM,2030,2,2,0,0,CLEAR,DRY,False,ANGLE COLLISION - OTHER,ANGLE,STRAIGHT & LEVEL,DAYLIGHT,,,6/3/2020 8:14:59 AM,False,5122,Accepted,
26765089,0568000,LOUISVILLE METRO POLICE DEPT,Accepted,JEFFERSON,,,16TH,ST,S,US0031W,MAIN,,,,,38.258837528,-85.776408463,0.002,6/2/2020 12:00:00 AM,1415,2,2,0,1,CLEAR,DRY,False,ANGLE COLLISION - OTHER,ANGLE,STRAIGHT & LEVEL,DAYLIGHT,,,6/3/2020 8:13:17 AM,False,7988,Accepted,
26765090,0568000,LOUISVILLE METRO POLICE DEPT,Accepted,JEFFERSON,,,PORTLAND,AVE,,US0150,22ND,,,,,38.268389739,-85.782535376,0.696,6/2/2020 12:00:00 AM,1439,2,2,0,0,CLEAR,DRY,False,ANGLE COLLISION - OTHER,ANGLE,STRAIGHT & LEVEL,DAYLIGHT,,,6/3/2020 8:13:23 AM,False,7463,Accepted,
26765098,0568000,LOUISVILLE METRO POLICE DEPT,Accepted,JEFFERSON,KY0061,,PRESTON,HWY,,,,,INDIAN,,VINEWOOD,38.168658175,-85.706475255,6.330,6/2/2020 12:00:00 AM,1658,2,2,0,2,CLEAR,DRY,False,1 VEHICLE ENTERING/LEAVING ENTRANCE,ANGLE,STRAIGHT & LEVEL,DAYLIGHT,,,6/3/2020 8:13:53 AM,False,7250,Accepted,
26767714,0560300,ST. MATTHEWS POLICE DEPARTMENT,Accepted,JEFFERSON,US0060,,SHELBYVILLE,RD,,KY1932,BRECKENRIDGE,,,,,38.252826488,-85.655318643,3.543,6/2/2020 12:00:00 AM,1633,2,2,0,0,CLEAR,DRY,False,ANGLE COLLISION - OTHER,ANGLE,STRAIGHT & LEVEL,DAYLIGHT,,,6/3/2020 9:04:25 PM,False,9193,Accepted,
26769115,0568000,LOUISVILLE METRO POLICE DEPT,Accepted,JEFFERSON,,,OAKDALE,AVE,,,,,4TH,KY1020,SOUTHERN,38.203495901,-85.765085400,0.196,6/2/2020 12:00:00 AM,1818,2,2,0,0,CLEAR,DRY,False,1 VEHICLE ENTERING/LEAVING ENTRANCE,ANGLE,STRAIGHT & LEVEL,DAYLIGHT,,,6/4/2020 8:10:09 AM,False,7207,Accepted,
26765097,0568000,LOUISVILLE METRO POLICE DEPT,Accepted,JEFFERSON,KY1020,,SOUTHSIDE,DR,,,,,KENWOOD,,HATCHER,38.154613555,-85.765021772,5.834,6/2/2020 12:00:00 AM,1626,3,3,0,2,CLEAR,DRY,False,REAR END IN TRAFFIC LANES BOTH VEHICLES MOVING,REAR END,STRAIGHT & LEVEL,DAYLIGHT,,,6/3/2020 8:13:49 AM,False,7768,Accepted,
26781327,0568000,LOUISVILLE METRO POLICE DEPT,Accepted,JEFFERSON,I 0264,,I264 E,,,,,I 0065,I264 E EXIT12 ON RAMP,I 0264,I264 E EXIT14 OFF RAMP TO KY864,38.191225494,-85.715878404,12.830,6/2/2020 12:00:00 AM,0856,2,2,0,1,CLEAR,DRY,False,1 VEHICLE PARKED POSITION (NOT PARKING LOT/DRIVEWAY),REAR END,STRAIGHT & GRADE,DAYLIGHT,,,6/8/2020 8:10:32 AM,False,7602,Accepted,
26761238,0568000,LOUISVILLE METRO POLICE DEPT,Accepted,JEFFERSON,KY1747,,HURSTBOURNE,PKWY,S,,,,,,,38.159618030,-85.630986413,5.808,6/2/2020 12:00:00 AM,0319,1,1,0,1,CLEAR,DRY,False,OTHER COLLISIONS ON SHOULDER,SINGLE VEHICLE,CURVE & GRADE,DARK-HWY NOT LIGHTED,,,6/2/2020 8:09:29 AM,False,7106,Accepted,
26765082,0568000,LOUISVILLE METRO POLICE DEPT,Accepted,JEFFERSON,US0060,,SHELBYVILLE,RD,,,,,LAKE FOREST,,FOREST PLACE,38.240443337,-85.493255712,12.596,6/2/2020 12:00:00 AM,1009,2,2,0,0,CLEAR,DRY,False,REAR END IN TRAFFIC LANES BOTH VEHICLES MOVING,REAR END,STRAIGHT & LEVEL,DAYLIGHT,,,6/3/2020 8:12:54 AM,False,2109,Accepted,
26761237,0568000,LOUISVILLE METRO POLICE DEPT,Accepted,JEFFERSON,,1156,26TH,ST,S,,,,,,,38.238268125,-85.796259274,1.557,6/2/2020 12:00:00 AM,0015,1,1,0,1,CLEAR,DRY,True,1 VEHICLE PARKED POSITION (NOT PARKING LOT/DRIVEWAY),SINGLE VEHICLE,STRAIGHT & LEVEL,DARK (UNKNOWN ROADWAY LIGHTING),,,6/2/2020 8:09:24 AM,False,5290,Accepted,
26837887,0568000,LOUISVILLE METRO POLICE DEPT,Accepted,JEFFERSON,,,SHAWNEE PARK ENTRANCE,RD,,,,,,,,38.251111398,-85.829485801,0.009,6/2/2020 12:00:00 AM,2010,3,3,0,2,CLEAR,DRY,True,1 VEHICLE PARKED POSITION (NOT PARKING LOT/DRIVEWAY),ANGLE,CURVE & LEVEL,DAYLIGHT,,,6/19/2020 3:20:13 PM,False,7343,Accepted,
26769131,0568000,LOUISVILLE METRO POLICE DEPT,Accepted,JEFFERSON,,,JACOB,ST,E,,1ST,,,,,38.244392932,-85.753605662,0.749,6/2/2020 12:00:00 AM,1841,2,2,0,0,CLEAR,DRY,False,ANGLE COLLISION - OTHER,ANGLE,STRAIGHT & LEVEL,DAYLIGHT,,,6/4/2020 8:10:58 AM,False,5213,Accepted,
26765085,0568000,LOUISVILLE METRO POLICE DEPT,Accepted,JEFFERSON,KY1020,,3RD,ST,S,,,,CENTRAL STATION,,HARLAN,38.203156406,-85.764228486,9.350,6/2/2020 12:00:00 AM,1129,1,1,0,0,CLEAR,DRY,False,COLLISION WITH FIXED OBJECT NON - INTERSECTION - FIRST EVENT COLLISION 09 - 32 EXCLUDING 16,SINGLE VEHICLE,STRAIGHT & LEVEL,DAYLIGHT,,,6/3/2020 8:13:03 AM,False,2499,Accepted,
26765108,0568000,LOUISVILLE METRO POLICE DEPT,Accepted,JEFFERSON,,1359,4TH,ST,S,,,,,,,38.230478325,-85.761126608,1.821,6/2/2020 12:00:00 AM,2245,3,3,0,0,CLEAR,DRY,False,COLLISION IN PARKING LOT,HEAD ON,STRAIGHT & LEVEL,DARK-HWY LIGHTED/ON,,,6/3/2020 8:14:33 AM,False,5236,Accepted,
26765109,0568000,LOUISVILLE METRO POLICE DEPT,Accepted,JEFFERSON,KY1934,,GREENBELT,HWY,,,TRADE PORT,,,,,38.125447021,-85.893149795,2.881,6/2/2020 12:00:00 AM,0545,2,2,0,3,CLEAR,DRY,False,HEAD-ON COLLISION,HEAD ON,STRAIGHT & GRADE,DAWN,,,6/3/2020 8:14:38 AM,False,5043,Accepted,
26765110,0568000,LOUISVILLE METRO POLICE DEPT,Accepted,JEFFERSON,I 0265,,I265 S,,,I 0265,I265 S EXIT29 ON RAMP FROM KY3084,,,,,38.265304410,-85.501923043,28.381,6/2/2020 12:00:00 AM,2107,2,2,0,0,CLEAR,DRY,False,SIDESWIPE-SAME DIRECTION,SIDESWIPE-SAME DIRECTION,STRAIGHT & LEVEL,DUSK,,,6/3/2020 8:14:44 AM,False,7440,Accepted,
26769095,0568000,LOUISVILLE METRO POLICE DEPT,Accepted,JEFFERSON,I 0264,,,,,,,,,,,38.194663801,-85.707876690,0.284,6/2/2020 12:00:00 AM,1538,2,2,0,2,CLEAR,DRY,False,OTHER RAMP RELATED COLLISIONS NOT LISTED ABOVE,REAR END,CURVE & LEVEL,DAYLIGHT,I 0264,KY0864,6/4/2020 8:08:51 AM,False,5233,Accepted,
26765100,0568000,LOUISVILLE METRO POLICE DEPT,Accepted,JEFFERSON,,,CARLISLE,AVE,,,,,,,,38.193922596,-85.787157209,0.261,6/2/2020 12:00:00 AM,1230,1,1,0,1,CLEAR,DRY,False,COLLISION WITH FIXED OBJECT NON - INTERSECTION - FIRST EVENT COLLISION 09 - 32 EXCLUDING 16,SINGLE VEHICLE,STRAIGHT & LEVEL,DAYLIGHT,,,6/3/2020 8:14:00 AM,False,7360,Accepted,
26765101,0568000,LOUISVILLE METRO POLICE DEPT,Accepted,JEFFERSON,KY0155,,TAYLORSVILLE,RD,,,FURMAN,,,,,38.221085809,-85.646251716,14.442,6/2/2020 12:00:00 AM,1822,2,2,0,0,CLEAR,DRY,False,ANGLE COLLISION - ONE VEHICLE TURNING LEFT,ANGLE,STRAIGHT & LEVEL,DAYLIGHT,,,6/3/2020 8:14:03 AM,False,5191,Accepted,
26765095,0568000,LOUISVILLE METRO POLICE DEPT,Accepted,JEFFERSON,KY1865,,TAYLOR,BLVD,,,,,,,,38.190224394,-85.783379852,5.782,6/2/2020 12:00:00 AM,1638,3,3,0,1,CLEAR,DRY,False,OTHER ROADWAY OR MID-BLOCK COLLISION,REAR END,STRAIGHT & LEVEL,DAYLIGHT,,,6/3/2020 8:13:42 AM,False,7402,Accepted,
26761239,0568000,LOUISVILLE METRO POLICE DEPT,Accepted,JEFFERSON,KY1931,,MANSLICK,RD,,,,,HOLLY PARK,,MELODY,38.160214693,-85.797951347,5.890,6/2/2020 12:00:00 AM,0325,1,1,0,1,CLEAR,DRY,False,COLLISION WITH FIXED OBJECT NON - INTERSECTION - FIRST EVENT COLLISION 09 - 32 EXCLUDING 16,SINGLE VEHICLE,STRAIGHT & LEVEL,DARK-HWY LIGHTED/OFF,,,6/2/2020 8:09:32 AM,False,7992,Accepted,
26791393,0568000,LOUISVILLE METRO POLICE DEPT,Accepted,JEFFERSON,,,9TH,ST,S,US0150,BROADWAY,,,,,38.246908177,-85.766706616,0.005,6/2/2020 12:00:00 AM,0107,2,2,0,0,CLEAR,DRY,True,ANGLE COLLISION - OTHER,ANGLE,STRAIGHT & LEVEL,DARK-HWY LIGHTED/ON,,,6/10/2020 12:08:33 PM,False,2479,Accepted,
26837917,0568000,LOUISVILLE METRO POLICE DEPT,Accepted,JEFFERSON,I 0264,,I264 W,,,I 0065,I264 W EXIT12 OFF RAMP TO,,,,,38.190869119,-85.722727608,12.465,6/2/2020 12:00:00 AM,1626,2,2,0,0,CLEAR,DRY,False,SIDESWIPE-SAME DIRECTION,SIDESWIPE-SAME DIRECTION,STRAIGHT & LEVEL,DAYLIGHT,,,6/19/2020 3:25:21 PM,False,7303,Accepted,
26827488,0568000,LOUISVILLE METRO POLICE DEPT,Accepted,JEFFERSON,KY1447,,WESTPORT,RD,,I 0265,I265 S EXIT33 ON RAMP FROM KY1447,,,,,38.296879212,-85.550660357,6.540,6/1/2020 12:00:00 AM,2034,2,2,0,1,CLEAR,DRY,False,ANGLE COLLISION - ONE VEHICLE TURNING LEFT,ANGLE,STRAIGHT & LEVEL,DUSK,,,6/17/2020 8:33:37 AM,False,7159,Accepted,
26761222,0568000,LOUISVILLE METRO POLICE DEPT,Accepted,JEFFERSON,,3111,VIRGINIA,AVE,,,,,,,,38.238668213,-85.805496990,0.509,6/1/2020 12:00:00 AM,0908,2,2,0,0,CLEAR,DRY,True,1 VEHICLE PARKED POSITION (NOT PARKING LOT/DRIVEWAY),REAR END,STRAIGHT & LEVEL,DAYLIGHT,,,6/2/2020 8:08:39 AM,False,5151,Accepted,
26758565,0568000,LOUISVILLE METRO POLICE DEPT,Accepted,JEFFERSON,KY1747,,FERN VALLEY,RD,,,,,,,,38.158020752,-85.721785351,0.576,6/1/2020 12:00:00 AM,0420,2,2,0,2,CLEAR,DRY,False,1 VEHICLE ENTERING/LEAVING ENTRANCE,ANGLE,CURVE & LEVEL,DARK-HWY LIGHTED/ON,,,6/1/2020 12:58:01 PM,False,5040,Accepted,
26761223,0568000,LOUISVILLE METRO POLICE DEPT,Accepted,JEFFERSON,,,BROADWAY,,W,,24TH,,,,,38.249333550,-85.791564793,0.183,6/1/2020 12:00:00 AM,1059,2,2,0,0,CLEAR,DRY,False,ANGLE COLLISION - OTHER,ANGLE,STRAIGHT & LEVEL,DAYLIGHT,,,6/2/2020 8:08:43 AM,False,2854,Accepted,
26761224,0568000,LOUISVILLE METRO POLICE DEPT,Accepted,JEFFERSON,KY1065,,OUTER,LOOP,,,,,,,,38.127178102,-85.748446812,2.546,6/1/2020 12:00:00 AM,1824,2,2,0,1,CLEAR,DRY,False,OTHER ROADWAY OR MID-BLOCK COLLISION,REAR END,STRAIGHT & LEVEL,DAYLIGHT,,,6/2/2020 8:08:46 AM,False,7252,Accepted,
26765077,0568000,LOUISVILLE METRO POLICE DEPT,Accepted,JEFFERSON,US0031W,8596,DIXIE,HWY,,,,,,,,38.128568576,-85.849178581,10.368,6/1/2020 12:00:00 AM,1624,2,2,0,2,CLEAR,DRY,False,1 VEHICLE ENTERING/LEAVING ENTRANCE,ANGLE,STRAIGHT & LEVEL,DAYLIGHT,,,6/3/2020 8:12:38 AM,False,7336,Accepted,
26800002,0568000,LOUISVILLE METRO POLICE DEPT,Accepted,JEFFERSON,,633,JEFFERSON,ST,W,,,,,,,38.253383481,-85.752878827,0.046,6/1/2020 12:00:00 AM,1810,2,2,0,0,CLEAR,DRY,False,1 VEHICLE PARKED POSITION (NOT PARKING LOT/DRIVEWAY),SIDESWIPE-SAME DIRECTION,STRAIGHT & LEVEL,DAYLIGHT,,,6/12/2020 11:20:19 AM,False,2244,Accepted,
26761234,0568000,LOUISVILLE METRO POLICE DEPT,Accepted,JEFFERSON,US0031W,,DIXIE,HWY,,,EUCLID,,,,,38.119206108,-85.857391183,9.583,6/1/2020 12:00:00 AM,2240,2,2,0,0,CLEAR,DRY,False,OPPOSITE DIRECTION - BOTH VEHICLES GOING STRAIGHT AHEAD,SIDESWIPE-OPPOSITE DIRECTION,STRAIGHT & LEVEL,DARK-HWY LIGHTED/ON,,,6/2/2020 8:09:10 AM,False,5033,Accepted,
26765094,0568000,LOUISVILLE METRO POLICE DEPT,Accepted,JEFFERSON,KY1703,,NEWBURG,RD,,,BISHOP,,,,,38.200942973,-85.685912261,2.139,6/1/2020 12:00:00 AM,1749,2,2,0,0,CLEAR,DRY,False,ANGLE COLLISION - OTHER,ANGLE,STRAIGHT & LEVEL,DAYLIGHT,,,6/3/2020 8:13:39 AM,False,7879,Accepted,
26758567,0568000,LOUISVILLE METRO POLICE DEPT,Accepted,JEFFERSON,I 0265,,I265 N,,,,,,,,,38.221739516,-85.505602557,25.411,6/1/2020 12:00:00 AM,0658,1,1,0,0,CLEAR,DRY,False,OTHER COLLISIONS ON SHOULDER,SINGLE VEHICLE,STRAIGHT & LEVEL,DAYLIGHT,,,6/1/2020 12:58:09 PM,False,4903,Accepted,
26790449,0568000,LOUISVILLE METRO POLICE DEPT,Accepted,JEFFERSON,,,26TH,ST,S,,,CS1021F,BROADWAY,CS1027A,ELLIOTT,38.250001831,-85.794805363,0.744,6/1/2020 12:00:00 AM,0015,2,2,0,0,CLEAR,DRY,False,REAR END IN TRAFFIC LANES BOTH VEHICLES MOVING,REAR END,STRAIGHT & LEVEL,OTHER,,,6/10/2020 8:08:46 AM,False,7742,Accepted,
26794989,0568000,LOUISVILLE METRO POLICE DEPT,Accepted,JEFFERSON,KY1447,,WESTPORT,RD,,,INDIAN LAKE,,,,,38.296174854,-85.553274999,6.386,6/1/2020 12:00:00 AM,1838,2,2,0,1,CLEAR,DRY,False,OPPOSING LEFT TURN,OPPOSING LEFT TURN,STRAIGHT & LEVEL,DAYLIGHT,,,6/11/2020 8:28:15 AM,False,7408,Accepted,
26758558,0568000,LOUISVILLE METRO POLICE DEPT,Accepted,JEFFERSON,,419,38TH,ST,S,,,,,,,38.258375404,-85.812124361,0.337,6/1/2020 12:00:00 AM,0400,1,1,0,0,CLEAR,DRY,False,COLLISION WITH FIXED OBJECT NON - INTERSECTION - FIRST EVENT COLLISION 09 - 32 EXCLUDING 16,SINGLE VEHICLE,STRAIGHT & LEVEL,DARK-HWY LIGHTED/ON,,,6/1/2020 12:57:23 PM,False,5057,Accepted,
26765103,0568000,LOUISVILLE METRO POLICE DEPT,Accepted,JEFFERSON,,1332,BLUEGRASS,AVE,,,,,,,,38.179600827,-85.784111449,0.807,6/1/2020 12:00:00 AM,2337,1,1,0,0,CLEAR,DRY,False,COLLISION WITH FIXED OBJECT NON - INTERSECTION - FIRST EVENT COLLISION 09 - 32 EXCLUDING 16,SINGLE VEHICLE,STRAIGHT & LEVEL,DARK-HWY LIGHTED/ON,,,6/3/2020 8:14:10 AM,False,7040,Accepted,