IncidentID,AgencyORI,AgencyName,IncidentStatusDesc,County,RdwyNumber,Street,RoadwayName,StreetSfx,StreetDir,IntersectionRdwy,IntersectionRdwyName,BetweenStRdwy1,BetweenStRdwyName1,BetweenStRdwy2,BetweenStRdwyName2,Latitude,Longitude,Milepoint,CollisionDate,CollisionTime,UnitsInvolved,MotorVehiclesInvolved,NumberKilled,NumberInjured,Weather,RdwyConditionCode,HitandRun,DirAnalysisCode,MannerofCollision,RdwyCharacter,LightCondition,RampFromRdwyId,RampToRdwyId,AcceptedDate,IsSecondaryCollision,OwnerBadge,IncidentStatus,
26803288,0560400,SHIVELY POLICE DEPARTMENT,Accepted,JEFFERSON,US0031W,,DIXIE,HWY,,,FUST,,,,,38.215853554,-85.795481923,17.100,6/1/2020 12:00:00 AM,1156,2,2,0,0,CLEAR,DRY,False,ANGLE COLLISION - OTHER,ANGLE,STRAIGHT & LEVEL,DAYLIGHT,,,6/13/2020 11:55:33 AM,False,7106,Accepted,
26795001,0568000,LOUISVILLE METRO POLICE DEPT,Accepted,JEFFERSON,KY2801,,SOUTHERN HEIGHTS,AVE,W,KY1020,SOUTHERN,,,,,38.189216830,-85.766176453,0.025,6/1/2020 12:00:00 AM,1726,2,2,0,0,CLEAR,DRY,False,OTHER INTERSECTION COLLISIONS,REAR END,STRAIGHT & LEVEL,DAYLIGHT,,,6/11/2020 8:28:55 AM,False,5052,Accepted,
26765079,0568000,LOUISVILLE METRO POLICE DEPT,Accepted,JEFFERSON,KY1065,,OUTER,LOOP,,,MINOR,,,,,38.136254090,-85.697097091,5.469,6/1/2020 12:00:00 AM,1800,2,2,0,4,CLEAR,DRY,False,ANGLE COLLISION - OTHER,ANGLE,STRAIGHT & LEVEL,DAYLIGHT,,,6/3/2020 8:12:45 AM,False,2017,Accepted,
26765080,0568000,LOUISVILLE METRO POLICE DEPT,Accepted,JEFFERSON,KY0061,,PRESTON,HWY,,,COOPER,,,,,38.119922428,-85.677807070,2.558,6/1/2020 12:00:00 AM,1713,3,3,0,0,CLEAR,DRY,False,OTHER INTERSECTION COLLISIONS,REAR END,STRAIGHT & LEVEL,DAYLIGHT,,,6/3/2020 8:12:50 AM,False,2017,Accepted,
26761219,0568000,LOUISVILLE METRO POLICE DEPT,Accepted,JEFFERSON,,,34TH,ST,S,,VIRGINIA,,,,,38.238999232,-85.810270265,1.633,6/1/2020 12:00:00 AM,0737,2,2,0,1,CLEAR,DRY,False,ANGLE COLLISION - OTHER,ANGLE,STRAIGHT & LEVEL,DAYLIGHT,,,6/2/2020 8:08:27 AM,False,5161,Accepted,
26761230,0568000,LOUISVILLE METRO POLICE DEPT,Accepted,JEFFERSON,KY1934,,CANE RUN,RD,,KY2049,CRUMS,,,,,38.199405557,-85.837431282,9.193,6/1/2020 12:00:00 AM,0558,3,3,0,2,CLEAR,DRY,True,OTHER INTERSECTION COLLISIONS,REAR END,STRAIGHT & LEVEL,DAWN,,,6/2/2020 8:09:01 AM,False,5262,Accepted,
26758561,0568000,LOUISVILLE METRO POLICE DEPT,Accepted,JEFFERSON,US0150,,BROADWAY,,E,,CLAY,,,,,38.244885897,-85.741494224,3.300,6/1/2020 12:00:00 AM,0350,1,1,0,0,CLEAR,DRY,True,COLLISION WITH FIXED OBJECT IN INTERSECTION - FIRST EVENT COLLISION 09 - 32,SINGLE VEHICLE,,DARK-HWY LIGHTED/ON,,,6/1/2020 12:57:42 PM,False,5122,Accepted,
26781443,0568000,LOUISVILLE METRO POLICE DEPT,Accepted,JEFFERSON,,1273,WOODLAWN,AVE,W,,,,,,,38.181550118,-85.782130530,0.076,6/1/2020 12:00:00 AM,0936,2,2,0,0,CLEAR,DRY,False,1 VEHICLE PARKED POSITION (NOT PARKING LOT/DRIVEWAY),REAR END,STRAIGHT & LEVEL,DAYLIGHT,,,6/8/2020 8:20:34 AM,False,7471,Accepted,
26781467,0568000,LOUISVILLE METRO POLICE DEPT,Accepted,JEFFERSON,KY0841,,,,,,,,,,,38.100447877,-85.825358676,0.412,6/1/2020 12:00:00 AM,0020,2,2,0,0,CLEAR,DRY,False,OTHER RAMP RELATED COLLISIONS NOT LISTED ABOVE,REAR END,STRAIGHT & LEVEL,DARK-HWY LIGHTED/ON,KY0841,STONESTREET RD,6/8/2020 8:23:48 AM,False,2905,Accepted,
26769107,0568000,LOUISVILLE METRO POLICE DEPT,Accepted,JEFFERSON,I 0064,,I64 W,,,,,,,,,38.259021509,-85.752702118,4.512,6/1/2020 12:00:00 AM,0601,1,1,0,1,CLEAR,DRY,False,OTHER ROADWAY OR MID-BLOCK COLLISION,SINGLE VEHICLE,STRAIGHT & LEVEL,DAWN,,,6/4/2020 8:09:48 AM,False,7969,Accepted,
26769125,0568000,LOUISVILLE METRO POLICE DEPT,Accepted,JEFFERSON,,,29TH,ST,S,,CHESTNUT,,,,,38.253545441,-85.799258601,0.333,6/1/2020 12:00:00 AM,1857,2,2,0,2,CLEAR,DRY,False,ANGLE COLLISION - OTHER,ANGLE,STRAIGHT & LEVEL,DAYLIGHT,,,6/4/2020 8:10:38 AM,False,7417,Accepted,
26765096,0568000,LOUISVILLE METRO POLICE DEPT,Accepted,JEFFERSON,KY0907,,SOUTHSIDE,DR,,,,KY1865,NEW CUT,,LILLIAN,38.146577319,-85.774661118,6.374,6/1/2020 12:00:00 AM,1645,2,2,0,0,CLEAR,DRY,False,1 VEHICLE ENTERING/LEAVING ENTRANCE,ANGLE,STRAIGHT & LEVEL,DAYLIGHT,,,6/3/2020 8:13:45 AM,False,7768,Accepted,
26761228,0568000,LOUISVILLE METRO POLICE DEPT,Accepted,JEFFERSON,KY1065,,OUTER,LOOP,,,CAROL,,,,,38.138487445,-85.684757569,6.153,6/1/2020 12:00:00 AM,2119,2,2,0,1,CLEAR,DRY,False,ANGLE COLLISION - OTHER,ANGLE,STRAIGHT & LEVEL,DARK-HWY NOT LIGHTED,,,6/2/2020 8:08:56 AM,False,5101,Accepted,
26774348,0568000,LOUISVILLE METRO POLICE DEPT,Accepted,JEFFERSON,I 0265,,,,,,,,,,,38.284666638,-85.511874042,0.210,6/1/2020 12:00:00 AM,1402,1,1,0,1,CLEAR,DRY,False,RAN OFF ROADWAY (1 VEHICLE WITH/EARTH EMBANKMENT/DITCH),SINGLE VEHICLE,CURVE & HILLCREST,DAYLIGHT,,,6/5/2020 3:56:07 PM,False,7751,Accepted,
26758569,0568000,LOUISVILLE METRO POLICE DEPT,Accepted,JEFFERSON,KY0061,,PRESTON,HWY,,,FOREST,,,,,38.162397540,-85.700204407,5.780,5/31/2020 12:00:00 AM,1511,2,2,0,4,CLEAR,DRY,False,ANGLE COLLISION - OTHER,ANGLE,STRAIGHT & LEVEL,DAYLIGHT,,,6/1/2020 12:58:16 PM,False,7830,Accepted,
26761221,0568000,LOUISVILLE METRO POLICE DEPT,Accepted,JEFFERSON,US0031E,,BARDSTOWN,RD,,,WINSTON,,,,,38.219200906,-85.679219929,12.730,5/31/2020 12:00:00 AM,2050,2,2,0,1,CLEAR,DRY,False,ANGLE COLLISION - OTHER,ANGLE,STRAIGHT & LEVEL,DUSK,,,6/2/2020 8:08:36 AM,False,7916,Accepted,
26758564,0568000,LOUISVILLE METRO POLICE DEPT,Accepted,JEFFERSON,,,RIVER PARK,DR,,,,,,,,38.254086387,-85.804253002,1.206,5/31/2020 12:00:00 AM,2134,3,3,0,2,CLEAR,DRY,False,1 VEHICLE PARKED POSITION (NOT PARKING LOT/DRIVEWAY),SIDESWIPE-SAME DIRECTION,STRAIGHT & LEVEL,DARK-HWY LIGHTED/ON,,,6/1/2020 12:57:54 PM,False,7217,Accepted,
26758554,0568000,LOUISVILLE METRO POLICE DEPT,Accepted,JEFFERSON,US0031W,,DIXIE,HWY,,,JOHNSONTOWN,,,,,38.121191729,-85.855672150,9.748,5/31/2020 12:00:00 AM,1411,2,2,0,2,CLEAR,DRY,False,ANGLE COLLISION - OTHER,ANGLE,STRAIGHT & LEVEL,DAYLIGHT,,,6/1/2020 12:57:03 PM,False,7483,Accepted,
26758555,0568000,LOUISVILLE METRO POLICE DEPT,Accepted,JEFFERSON,,,WILSON,AVE,,,,,,,,38.230000520,-85.804015440,1.669,5/31/2020 12:00:00 AM,1434,2,2,0,1,CLEAR,DRY,False,REAR END IN TRAFFIC LANES BOTH VEHICLES MOVING,REAR END,STRAIGHT & LEVEL,DAYLIGHT,,,6/1/2020 12:57:08 PM,False,7326,Accepted,
26758556,0568000,LOUISVILLE METRO POLICE DEPT,Accepted,JEFFERSON,KY1447,,WESTPORT,RD,,KY1747,HURSTBOURNE,,,,,38.287545909,-85.572496865,5.237,5/31/2020 12:00:00 AM,1930,2,2,0,0,CLEAR,DRY,False,OTHER INTERSECTION COLLISIONS,REAR END,STRAIGHT & LEVEL,DAYLIGHT,,,6/1/2020 12:57:12 PM,False,7355,Accepted,
26758562,0568000,LOUISVILLE METRO POLICE DEPT,Accepted,JEFFERSON,,,OAK,ST,W,,15TH,,,,,38.236714060,-85.778380595,1.256,5/31/2020 12:00:00 AM,0815,2,2,0,0,CLEAR,DRY,False,SIDESWIPE-SAME DIRECTION,SIDESWIPE-SAME DIRECTION,STRAIGHT & HILLCREST,DAYLIGHT,,,6/1/2020 12:57:46 PM,False,5256,Accepted,
26758553,0568000,LOUISVILLE METRO POLICE DEPT,Accepted,JEFFERSON,,,GLEN HOLLOW,DR,,KY1865,NEW CUT,,,,,38.149558762,-85.776070861,0.005,5/31/2020 12:00:00 AM,1140,2,2,0,0,CLEAR,DRY,False,ANGLE COLLISION - OTHER,ANGLE,STRAIGHT & LEVEL,DAYLIGHT,,,6/1/2020 12:56:59 PM,False,7483,Accepted,
26758538,0568000,LOUISVILLE METRO POLICE DEPT,Accepted,JEFFERSON,,,BLUEGRASS,AVE,,,,KY1865,TAYLOR,,LONSDALE,38.179718005,-85.785392091,0.738,5/31/2020 12:00:00 AM,0113,2,2,0,3,CLEAR,DRY,False,1 VEHICLE ENTERING/LEAVING ENTRANCE,ANGLE,STRAIGHT & LEVEL,DARK-HWY LIGHTED/ON,,,6/1/2020 12:55:55 PM,False,5237,Accepted,
26758546,0568000,LOUISVILLE METRO POLICE DEPT,Accepted,JEFFERSON,,3809,BLEVINS GAP,RD,,,,,,,,38.083165819,-85.828552846,3.766,5/31/2020 12:00:00 AM,0116,2,2,0,0,CLOUDY,DRY,True,1 VEHICLE PARKED POSITION (NOT PARKING LOT/DRIVEWAY),HEAD ON,CURVE & LEVEL,DARK-HWY NOT LIGHTED,,,6/1/2020 12:56:31 PM,False,2098,Accepted,
26758547,0568000,LOUISVILLE METRO POLICE DEPT,Accepted,JEFFERSON,,,CHESTNUT,ST,W,,19TH,,,,,38.251740001,-85.782768930,0.995,5/31/2020 12:00:00 AM,0957,2,2,0,0,CLEAR,DRY,True,ANGLE COLLISION - OTHER,ANGLE,STRAIGHT & LEVEL,,,,6/1/2020 12:56:35 PM,False,7361,Accepted,
26758548,0568000,LOUISVILLE METRO POLICE DEPT,Accepted,JEFFERSON,,,MUHAMMAD ALI,BLVD,W,,26TH,,,,,38.255237030,-85.794300825,2.289,5/31/2020 12:00:00 AM,1042,2,2,0,1,CLEAR,DRY,False,ANGLE COLLISION - OTHER,ANGLE,STRAIGHT & LEVEL,DAYLIGHT,,,6/1/2020 12:56:39 PM,False,7361,Accepted,
26758559,0568000,LOUISVILLE METRO POLICE DEPT,Accepted,JEFFERSON,,,LOGAN,ST,,,FINZER,,,,,38.243280073,-85.738433333,0.002,5/31/2020 12:00:00 AM,0230,4,4,0,1,CLEAR,DRY,True,ANGLE COLLISION - OTHER,ANGLE,STRAIGHT & LEVEL,DARK-HWY LIGHTED/ON,,,6/1/2020 12:57:27 PM,False,5204,Accepted,
26758560,0568000,LOUISVILLE METRO POLICE DEPT,Accepted,JEFFERSON,,,31ST,ST,N,,,KY3082,BANK,KY3064,PORTLAND,38.272538276,-85.798761524,0.026,5/31/2020 12:00:00 AM,2348,2,1,0,1,CLEAR,DRY,True,OTHER ROADWAY OR MID-BLOCK COLLISION,SINGLE VEHICLE,STRAIGHT & LEVEL,DARK-HWY LIGHTED/ON,,,6/1/2020 12:57:36 PM,False,7311,Accepted,
26758550,0568000,LOUISVILLE METRO POLICE DEPT,Accepted,JEFFERSON,KY1865,,NEW CUT,RD,,,BAKERS,,,,,38.140947012,-85.774244266,2.328,5/31/2020 12:00:00 AM,1501,2,2,0,0,CLEAR,DRY,False,ANGLE COLLISION - OTHER,ANGLE,STRAIGHT & GRADE,DAYLIGHT,,,6/1/2020 12:56:46 PM,False,7139,Accepted,
26758534,0568000,LOUISVILLE METRO POLICE DEPT,Accepted,JEFFERSON,US0031W,,DIXIE,HWY,,,,,,,,38.121195398,-85.855567816,9.743,5/31/2020 12:00:00 AM,0014,2,2,0,0,CLEAR,DRY,False,OTHER ROADWAY OR MID-BLOCK COLLISION,REAR END,STRAIGHT & LEVEL,DARK-HWY LIGHTED/ON,,,6/1/2020 12:55:40 PM,False,5259,Accepted,
26758568,0568000,LOUISVILLE METRO POLICE DEPT,Accepted,JEFFERSON,I 0065,,,,,,,,,,,38.236856704,-85.753914707,0.014,5/31/2020 12:00:00 AM,1440,2,2,0,0,CLEAR,DRY,True,OTHER RAMP RELATED COLLISIONS NOT LISTED ABOVE,BACKING,STRAIGHT & LEVEL,DAYLIGHT,I 0065,E SAINT CATHERINE ST,6/1/2020 12:58:12 PM,False,7667,Accepted,
26765086,0568000,LOUISVILLE METRO POLICE DEPT,Accepted,JEFFERSON,KY1865,,TAYLOR,BLVD,,,BLUEGRASS,,,,,38.179600904,-85.783261499,5.030,5/31/2020 12:00:00 AM,1543,3,3,0,3,CLEAR,DRY,False,OTHER INTERSECTION COLLISIONS,REAR END,STRAIGHT & LEVEL,DAYLIGHT,,,6/3/2020 8:13:06 AM,False,2745,Accepted,
26795011,0568000,LOUISVILLE METRO POLICE DEPT,Accepted,JEFFERSON,KY1932,,BRECKENRIDGE,LN,,KY0155,TAYLORSVILLE,,,,,38.220188951,-85.630480536,2.868,5/31/2020 12:00:00 AM,0535,2,2,2,1,CLEAR,DRY,False,ANGLE COLLISION - OTHER,ANGLE,STRAIGHT & LEVEL,DAYLIGHT,,,6/11/2020 8:29:43 AM,False,2217,Accepted,
26758549,0568000,LOUISVILLE METRO POLICE DEPT,Accepted,JEFFERSON,US0031W,,DIXIE,HWY,,,SPEEDWAY,,,,,38.117695927,-85.858900447,9.365,5/31/2020 12:00:00 AM,1424,2,2,0,0,CLEAR,DRY,False,OPPOSITE DIRECTION - BOTH VEHICLES GOING STRAIGHT AHEAD,SIDESWIPE-OPPOSITE DIRECTION,STRAIGHT & LEVEL,DAYLIGHT,,,6/1/2020 12:56:42 PM,False,6318,Accepted,
26845751,0568000,LOUISVILLE METRO POLICE DEPT,Accepted,JEFFERSON,,,MOROCCO,DR,,,,,,,,38.164745110,-85.796611860,0.136,5/31/2020 12:00:00 AM,0238,2,2,0,0,CLEAR,DRY,False,1 VEHICLE PARKED POSITION (NOT PARKING LOT/DRIVEWAY),REAR END,STRAIGHT & LEVEL,DARK (UNKNOWN ROADWAY LIGHTING),,,6/22/2020 10:31:36 AM,False,7444,Accepted,
26774318,0568000,LOUISVILLE METRO POLICE DEPT,Accepted,JEFFERSON,,,PAGES,LN,W,,VIRGINIA,,,,,38.130534247,-85.857647722,0.443,5/30/2020 12:00:00 AM,1651,2,2,0,0,CLEAR,DRY,False,ANGLE COLLISION - OTHER,ANGLE,STRAIGHT & LEVEL,DAYLIGHT,,,6/5/2020 3:54:32 PM,False,7073,Accepted,
26765078,0568000,LOUISVILLE METRO POLICE DEPT,Accepted,JEFFERSON,,,13TH,ST,S,,MUHAMMAD ALI,,,,,38.253071861,-85.772414663,0.324,5/30/2020 12:00:00 AM,0629,1,1,0,1,CLEAR,DRY,False,COLLISION WITH FIXED OBJECT IN INTERSECTION - FIRST EVENT COLLISION 09 - 32,SINGLE VEHICLE,STRAIGHT & LEVEL,DAYLIGHT,,,6/3/2020 8:12:42 AM,False,5168,Accepted,
26799265,0568000,LOUISVILLE METRO POLICE DEPT,Accepted,JEFFERSON,KY1065,,BEULAH CHURCH,RD,,,,,STONE BROOK,,KIMBERLY,38.137763208,-85.608976099,10.220,5/30/2020 12:00:00 AM,0840,1,1,1,0,CLEAR,DRY,False,OTHER COLLISIONS ON SHOULDER,SINGLE VEHICLE,CURVE & LEVEL,DAYLIGHT,,,6/12/2020 8:29:58 AM,False,7578,Accepted,
26758540,0568000,LOUISVILLE METRO POLICE DEPT,Accepted,JEFFERSON,,,JOHNSONTOWN,RD,,,OMAR KHAYYAM,,,,,38.121568735,-85.869894110,0.774,5/30/2020 12:00:00 AM,1935,2,2,0,0,CLEAR,DRY,False,REAR END - ONE VEHICLE TURNING RIGHT,REAR END,STRAIGHT & LEVEL,DAYLIGHT,,,6/1/2020 12:56:06 PM,False,7160,Accepted,
26758533,0568000,LOUISVILLE METRO POLICE DEPT,Accepted,JEFFERSON,KY1934,,GREENBELT,HWY,,,,,,,,38.157254586,-85.884661845,5.179,5/30/2020 12:00:00 AM,2242,1,1,0,1,CLEAR,DRY,False,OTHER COLLISIONS ON SHOULDER,SINGLE VEHICLE,STRAIGHT & LEVEL,DARK-HWY LIGHTED/ON,,,6/1/2020 12:55:36 PM,False,5224,Accepted,
26758543,0568000,LOUISVILLE METRO POLICE DEPT,Accepted,JEFFERSON,,,CEDAR BROOK,DR,,,GINEV,,,,,38.133801600,-85.666893495,0.274,5/30/2020 12:00:00 AM,0818,2,2,0,0,CLEAR,DRY,False,ANGLE COLLISION - OTHER,ANGLE,CURVE & LEVEL,DAYLIGHT,,,6/1/2020 12:56:20 PM,False,7669,Accepted,
26758552,0568000,LOUISVILLE METRO POLICE DEPT,Accepted,JEFFERSON,I 0264,,,,,,,,,,,38.189758085,-85.783369989,0.229,5/30/2020 12:00:00 AM,1308,2,2,0,1,CLEAR,DRY,False,OTHER RAMP RELATED COLLISIONS NOT LISTED ABOVE,REAR END,STRAIGHT & LEVEL,DAYLIGHT,I 0264,KY1865,6/1/2020 12:56:55 PM,False,5123,Accepted,
26765091,0568000,LOUISVILLE METRO POLICE DEPT,Accepted,JEFFERSON,,,ST CATHERINE,ST,W,,1ST,,,,,38.236906068,-85.755103330,0.010,5/30/2020 12:00:00 AM,1631,2,1,0,0,CLEAR,DRY,True,COLLISION WITH PEDESTRIAN IN INTERSECTION,SINGLE VEHICLE,STRAIGHT & LEVEL,DAYLIGHT,,,6/3/2020 8:13:28 AM,False,5186,Accepted,
26870827,0568000,LOUISVILLE METRO POLICE DEPT,Accepted,JEFFERSON,KY1020,,NATIONAL,TPKE,,,,,,,,38.121796067,-85.748340477,3.334,5/30/2020 12:00:00 AM,1935,2,2,0,1,CLEAR,DRY,False,1 VEHICLE ENTERING/LEAVING ENTRANCE,ANGLE,STRAIGHT & LEVEL,DAYLIGHT,,,6/29/2020 9:37:47 AM,False,7221,Accepted,
26758539,0568000,LOUISVILLE METRO POLICE DEPT,Accepted,JEFFERSON,KY2845,,MANSLICK,RD,E,,CINDERELLA,,,,,38.118927362,-85.658482209,1.213,5/30/2020 12:00:00 AM,1901,1,1,0,0,CLEAR,DRY,False,COLLISION WITH FIXED OBJECT IN INTERSECTION - FIRST EVENT COLLISION 09 - 32,SINGLE VEHICLE,STRAIGHT & LEVEL,DAYLIGHT,,,6/1/2020 12:56:01 PM,False,5138,Accepted,
26758545,0568000,LOUISVILLE METRO POLICE DEPT,Accepted,JEFFERSON,,,26TH,ST,S,,ELLIOTT,,,,,38.250646483,-85.794733701,0.699,5/30/2020 12:00:00 AM,1814,2,2,0,0,CLEAR,DRY,False,ANGLE COLLISION - OTHER,ANGLE,STRAIGHT & LEVEL,DAYLIGHT,,,6/1/2020 12:56:27 PM,False,7805,Accepted,
26758530,0568000,LOUISVILLE METRO POLICE DEPT,Accepted,JEFFERSON,KY2801,,SOUTHERN HEIGHTS,AVE,W,,3RD,,,,,38.189162711,-85.764876348,0.087,5/30/2020 12:00:00 AM,1425,2,2,0,0,CLEAR,DRY,False,NON-COLLISION OBJECT COLLISION,ANGLE,STRAIGHT & LEVEL,DAYLIGHT,,,6/1/2020 12:55:24 PM,False,7301,Accepted,
26758531,0568000,LOUISVILLE METRO POLICE DEPT,Accepted,JEFFERSON,,,OAK,ST,E,KY0061,PRESTON,,,,,38.234160101,-85.750581503,0.260,5/30/2020 12:00:00 AM,2027,2,2,0,0,CLEAR,DRY,False,ANGLE COLLISION - OTHER,ANGLE,STRAIGHT & LEVEL,DUSK,,,6/1/2020 12:55:28 PM,False,5249,Accepted,
26758537,0568000,LOUISVILLE METRO POLICE DEPT,Accepted,JEFFERSON,,,EASTLAWN,AVE,,,,,,,,38.251296965,-85.805370350,0.075,5/30/2020 12:00:00 AM,2001,2,2,0,0,CLEAR,DRY,True,1 VEHICLE PARKED POSITION (NOT PARKING LOT/DRIVEWAY),SIDESWIPE-SAME DIRECTION,CURVE & LEVEL,DAYLIGHT,,,6/1/2020 12:55:51 PM,False,7217,Accepted,
26758528,0568000,LOUISVILLE METRO POLICE DEPT,Accepted,JEFFERSON,,,DIXIE,HWY,,,BERNHEIM,,,,,38.221479681,-85.793269781,1.991,5/30/2020 12:00:00 AM,1430,2,2,0,0,CLEAR,DRY,False,ANGLE COLLISION - OTHER,ANGLE,STRAIGHT & LEVEL,DAYLIGHT,,,6/1/2020 12:55:16 PM,False,7420,Accepted,
26758536,0568000,LOUISVILLE METRO POLICE DEPT,Accepted,JEFFERSON,,,7TH,ST,S,KY2054,ALGONQUIN,,,,,38.220098917,-85.777328134,0.004,5/30/2020 12:00:00 AM,2040,1,1,0,0,CLEAR,DRY,False,OTHER INTERSECTION COLLISIONS,SINGLE VEHICLE,STRAIGHT & LEVEL,DAYLIGHT,,,6/1/2020 12:55:48 PM,False,5261,Accepted,
26758544,0568000,LOUISVILLE METRO POLICE DEPT,Accepted,JEFFERSON,KY0061,,PRESTON,HWY,,,GILLS,,,,,38.120559381,-85.677975008,2.633,5/30/2020 12:00:00 AM,1345,2,2,0,0,CLEAR,DRY,False,OTHER INTERSECTION COLLISIONS,REAR END,STRAIGHT & LEVEL,DAYLIGHT,,,6/1/2020 12:56:24 PM,False,7669,Accepted,
26758520,0568000,LOUISVILLE METRO POLICE DEPT,Accepted,JEFFERSON,KY1065,,OUTER,LOOP,,KY0061,PRESTON,,,,,38.138410972,-85.686660419,6.062,5/30/2020 12:00:00 AM,0130,2,2,0,1,CLEAR,DRY,True,ANGLE COLLISION - ONE VEHICLE TURNING LEFT,ANGLE,STRAIGHT & LEVEL,DARK (UNKNOWN ROADWAY LIGHTING),,,6/1/2020 12:54:53 PM,False,5248,Accepted,
26758521,0568000,LOUISVILLE METRO POLICE DEPT,Accepted,JEFFERSON,I 0064,,I64 E,,,I 0264,I264 E,,,,,38.275065208,-85.812707037,0.823,5/30/2020 12:00:00 AM,0403,1,1,0,0,CLEAR,DRY,False,COLLISION WITH FIXED OBJECT IN INTERSECTION - FIRST EVENT COLLISION 09 - 32,SINGLE VEHICLE,CURVE & GRADE,DARK-HWY LIGHTED/ON,,,6/1/2020 12:54:57 PM,False,7481,Accepted,
26758522,0568000,LOUISVILLE METRO POLICE DEPT,Accepted,JEFFERSON,,,PHEASANT,AVE,,,SPOONBILL,,,,,38.112375431,-85.764036921,0.208,5/30/2020 12:00:00 AM,0606,1,1,0,1,CLEAR,DRY,False,COLLISION IN PARKING LOT,SINGLE VEHICLE,CURVE & GRADE,DAYLIGHT,,,6/1/2020 12:55:00 PM,False,5220,Accepted,
26765087,0568000,LOUISVILLE METRO POLICE DEPT,Accepted,JEFFERSON,US0031,,CLARK MEMORIAL,BRG,,,,,,,,38.264765407,-85.751446825,0.597,5/30/2020 12:00:00 AM,1601,2,2,0,0,CLEAR,DRY,False,SIDESWIPE COLLISION - OPPOSITE DIRECTION,SIDESWIPE-OPPOSITE DIRECTION,STRAIGHT & LEVEL,DAYLIGHT,,,6/3/2020 8:13:10 AM,False,5173,Accepted,
26765088,0568000,LOUISVILLE METRO POLICE DEPT,Accepted,JEFFERSON,KY0155,,TAYLORSVILLE,RD,,,DEIBEL,,,,,38.220417968,-85.637302214,13.957,5/30/2020 12:00:00 AM,1453,2,2,1,0,CLEAR,DRY,False,ANGLE COLLISION - OTHER,ANGLE,STRAIGHT & LEVEL,DAYLIGHT,,,6/3/2020 8:13:13 AM,False,6886,Accepted,
26758563,0568000,LOUISVILLE METRO POLICE DEPT,Accepted,JEFFERSON,US0031W,,22ND,ST,S,,HALE,,,,,38.238440449,-85.790138339,18.806,5/30/2020 12:00:00 AM,0126,4,4,0,0,CLEAR,DRY,False,ANGLE COLLISION - OTHER,ANGLE,STRAIGHT & LEVEL,DARK-HWY LIGHTED/ON,,,6/1/2020 12:57:50 PM,False,5256,Accepted,
26761218,0568000,LOUISVILLE METRO POLICE DEPT,Accepted,JEFFERSON,,,LIBERTY,ST,E,KY0864,CHESTNUT,,,,,38.249886081,-85.733172313,1.058,5/30/2020 12:00:00 AM,1845,2,1,0,1,CLEAR,DRY,False,COLLISION WITH BICYCLE IN INTERSECTION,SINGLE VEHICLE,STRAIGHT & LEVEL,DAYLIGHT,,,6/2/2020 8:08:21 AM,False,7406,Accepted,
26785913,0568000,LOUISVILLE METRO POLICE DEPT,Accepted,JEFFERSON,KY0061,320,PRESTON,ST,S,,,,,,,38.230250211,-85.750112871,11.171,5/30/2020 12:00:00 AM,1900,1,1,0,0,CLEAR,DRY,False,COLLISION WITH FIXED OBJECT NON - INTERSECTION - FIRST EVENT COLLISION 09 - 32 EXCLUDING 16,SINGLE VEHICLE,STRAIGHT & LEVEL,DAYLIGHT,,,6/9/2020 8:33:20 AM,False,5050,Accepted,
26758523,0568000,LOUISVILLE METRO POLICE DEPT,Accepted,JEFFERSON,,,26TH,ST,N,,DUNCAN,,,,,38.263460000,-85.793276234,0.181,5/30/2020 12:00:00 AM,1015,3,3,0,0,CLEAR,DRY,False,ANGLE COLLISION - OTHER,ANGLE,STRAIGHT & LEVEL,DAYLIGHT,,,6/1/2020 12:55:03 PM,False,7988,Accepted,
26758526,0568000,LOUISVILLE METRO POLICE DEPT,Accepted,JEFFERSON,,,DIXIE,HWY,,,BERNHEIM,,,,,38.221479681,-85.793269781,1.991,5/30/2020 12:00:00 AM,1244,2,2,0,3,CLEAR,DRY,False,ANGLE COLLISION - OTHER,ANGLE,STRAIGHT & LEVEL,DAYLIGHT,,,6/1/2020 12:55:12 PM,False,7420,Accepted,
26777625,0568000,LOUISVILLE METRO POLICE DEPT,Accepted,JEFFERSON,KY0061,,PRESTON,HWY,,,COOPER VILLAGE,,,,,38.124206122,-85.679183746,2.900,5/30/2020 12:00:00 AM,0116,1,1,0,0,CLEAR,DRY,False,COLLISION WITH FIXED OBJECT IN INTERSECTION - FIRST EVENT COLLISION 09 - 32,SINGLE VEHICLE,STRAIGHT & LEVEL,DARK-HWY LIGHTED/OFF,,,6/6/2020 11:54:24 PM,False,5040,Accepted,
26758509,0568000,LOUISVILLE METRO POLICE DEPT,Accepted,JEFFERSON,I 0065,,,,,,,,,,,38.153474994,-85.716266560,0.262,5/29/2020 12:00:00 AM,1212,1,1,0,1,CLOUDY,DRY,False,COLLISION WITH FIXED OBJECT NOT IN GORE ,SINGLE VEHICLE,STRAIGHT & LEVEL,DAYLIGHT,I 0065,KY1065,6/1/2020 12:54:11 PM,False,7397,Accepted,