IncidentID,AgencyORI,AgencyName,IncidentStatusDesc,County,RdwyNumber,Street,RoadwayName,StreetSfx,StreetDir,IntersectionRdwy,IntersectionRdwyName,BetweenStRdwy1,BetweenStRdwyName1,BetweenStRdwy2,BetweenStRdwyName2,Latitude,Longitude,Milepoint,CollisionDate,CollisionTime,UnitsInvolved,MotorVehiclesInvolved,NumberKilled,NumberInjured,Weather,RdwyConditionCode,HitandRun,DirAnalysisCode,MannerofCollision,RdwyCharacter,LightCondition,RampFromRdwyId,RampToRdwyId,AcceptedDate,IsSecondaryCollision,OwnerBadge,IncidentStatus,
26749967,0568000,LOUISVILLE METRO POLICE DEPT,Accepted,JEFFERSON,KY1065,,OUTER,LOOP,,,,KY0061,PRESTON,,CAROL,38.138329567,-85.686202965,6.078,5/29/2020 12:00:00 AM,0504,1,1,0,2,CLEAR,DRY,False,OTHER ROADWAY OR MID-BLOCK COLLISION,SINGLE VEHICLE,STRAIGHT & LEVEL,DARK-HWY LIGHTED/ON,,,5/29/2020 8:18:23 AM,False,5270,Accepted,
26758507,0568000,LOUISVILLE METRO POLICE DEPT,Accepted,JEFFERSON,,,BROOK,ST,S,,MUHAMMAD ALI,,,,,38.250465777,-85.751579833,3.197,5/29/2020 12:00:00 AM,1310,2,2,0,1,CLEAR,DRY,False,ANGLE COLLISION - OTHER,ANGLE,STRAIGHT & LEVEL,DAYLIGHT,,,6/1/2020 12:54:02 PM,False,5105,Accepted,
26758515,0568000,LOUISVILLE METRO POLICE DEPT,Accepted,JEFFERSON,I 0265,,I265 E,,,,,,,,,38.112187832,-85.691397740,10.826,5/29/2020 12:00:00 AM,0615,1,1,0,1,CLEAR,DRY,True,OTHER ROADWAY OR MID-BLOCK COLLISION,SINGLE VEHICLE,STRAIGHT & LEVEL,DAYLIGHT,,,6/1/2020 12:54:38 PM,False,7474,Accepted,
26758516,0568000,LOUISVILLE METRO POLICE DEPT,Accepted,JEFFERSON,,,NOLTEMEYER WYNDE,,,,BATES,,,,,38.140552827,-85.680329575,0.167,5/29/2020 12:00:00 AM,1951,2,2,0,1,CLEAR,DRY,False,ANGLE COLLISION - OTHER,ANGLE,STRAIGHT & LEVEL,DAYLIGHT,,,6/1/2020 12:54:41 PM,False,5042,Accepted,
26758517,0568000,LOUISVILLE METRO POLICE DEPT,Accepted,JEFFERSON,US0031W,9080,DIXIE,HWY,,,,,,,,38.122445181,-85.854639408,9.852,5/29/2020 12:00:00 AM,2132,2,2,0,0,CLOUDY,DRY,False,COLLISION IN PARKING LOT,REAR END,STRAIGHT & GRADE,OTHER,,,6/1/2020 12:54:45 PM,False,5043,Accepted,
26761235,0568000,LOUISVILLE METRO POLICE DEPT,Accepted,JEFFERSON,,,MUHAMMAD ALI,BLVD,W,,20TH,,,,,38.254156375,-85.784707444,1.769,5/29/2020 12:00:00 AM,2334,2,2,0,1,CLEAR,DRY,True,ANGLE COLLISION - OTHER,ANGLE,STRAIGHT & LEVEL,DARK-HWY LIGHTED/ON,,,6/2/2020 8:09:15 AM,False,7445,Accepted,
26761220,0568000,LOUISVILLE METRO POLICE DEPT,Accepted,JEFFERSON,,,LIBERTY,ST,W,KY1020,3RD,,,,,38.252905702,-85.755505792,0.697,5/29/2020 12:00:00 AM,1056,2,2,0,6,CLEAR,DRY,False,ANGLE COLLISION - OTHER,ANGLE,STRAIGHT & LEVEL,DAYLIGHT,,,6/2/2020 8:08:31 AM,False,7239,Accepted,
26759799,0560400,SHIVELY POLICE DEPARTMENT,Accepted,JEFFERSON,I 0264,,,,,,,,,,,38.185902525,-85.806868656,0.105,5/29/2020 12:00:00 AM,1540,2,2,0,0,CLEAR,DRY,False,OTHER RAMP RELATED COLLISIONS NOT LISTED ABOVE,REAR END,CURVE & LEVEL,DAYLIGHT,I 0264,US31W N,6/1/2020 7:17:43 PM,False,7106,Accepted,
26758529,0568000,LOUISVILLE METRO POLICE DEPT,Accepted,JEFFERSON,,,DUMESNIL,ST,,,BEECH,,,,,38.237109174,-85.804395898,0.864,5/29/2020 12:00:00 AM,1603,2,2,0,2,CLEAR,DRY,False,ANGLE COLLISION - OTHER,ANGLE,STRAIGHT & LEVEL,DAYLIGHT,,,6/1/2020 12:55:19 PM,False,5179,Accepted,
26758513,0568000,LOUISVILLE METRO POLICE DEPT,Accepted,JEFFERSON,,,GARLAND,AVE,,,DIXIE,,,,,38.243688909,-85.784391805,0.917,5/29/2020 12:00:00 AM,1122,1,1,0,1,CLEAR,DRY,False,COLLISION WITH FIXED OBJECT IN INTERSECTION - FIRST EVENT COLLISION 09 - 32,SINGLE VEHICLE,STRAIGHT & LEVEL,DAYLIGHT,,,6/1/2020 12:54:31 PM,False,5151,Accepted,
26758504,0568000,LOUISVILLE METRO POLICE DEPT,Accepted,JEFFERSON,I 0265,,I265 S,,,,,I 0265,I265 S EXIT30 OFF RAMP KY146 TO,I 0265,I265 S EXIT33 ON RAMP FROM KY1447,38.289146680,-85.535148789,31.551,5/29/2020 12:00:00 AM,0759,1,1,0,1,CLEAR,DRY,False,COLLISION WITH FIXED OBJECT NON - INTERSECTION - FIRST EVENT COLLISION 09 - 32 EXCLUDING 16,SINGLE VEHICLE,CURVE & LEVEL,DAYLIGHT,,,6/1/2020 12:53:45 PM,False,6929,Accepted,
26749965,0568000,LOUISVILLE METRO POLICE DEPT,Accepted,JEFFERSON,I 0064,,,,,,,,,,,38.241601107,-85.621588527,0.711,5/29/2020 12:00:00 AM,0548,1,1,0,1,CLOUDY,WET,False,OTHER RAMP RELATED COLLISIONS NOT LISTED ABOVE,SINGLE VEHICLE,CURVE & LEVEL,DAWN,I 0064,I 0264,5/29/2020 8:18:20 AM,False,7096,Accepted,
26758506,0568000,LOUISVILLE METRO POLICE DEPT,Accepted,JEFFERSON,,1607,SHELBY,ST,S,,,,,,,38.222004276,-85.743378168,0.623,5/29/2020 12:00:00 AM,1405,2,2,0,0,CLEAR,DRY,False,1 VEHICLE PARKED POSITION (NOT PARKING LOT/DRIVEWAY),REAR END,STRAIGHT & LEVEL,DAYLIGHT,,,6/1/2020 12:53:56 PM,False,7418,Accepted,
26758511,0568000,LOUISVILLE METRO POLICE DEPT,Accepted,JEFFERSON,KY1020,,SOUTHERN,PKWY,,,,,,,,38.198159296,-85.766889600,8.955,5/29/2020 12:00:00 AM,0932,2,2,0,1,CLEAR,DRY,False,1 VEHICLE ENTERING/LEAVING ENTRANCE,ANGLE,STRAIGHT & LEVEL,DAYLIGHT,,,6/1/2020 12:54:23 PM,False,7398,Accepted,
26758512,0568000,LOUISVILLE METRO POLICE DEPT,Accepted,JEFFERSON,,1200BLK,26TH,ST,S,,,,,,,38.237049747,-85.796462121,1.639,5/29/2020 12:00:00 AM,1700,2,2,0,0,CLOUDY,WET,False,VEHICLE BACKING NON INTERSECTION,BACKING,STRAIGHT & LEVEL,DAYLIGHT,,,6/1/2020 12:54:28 PM,False,7923,Accepted,
26781397,0568000,LOUISVILLE METRO POLICE DEPT,Accepted,JEFFERSON,,701,ORMSBY,AVE,W,,7TH,,,,,38.233316481,-85.765781633,0.550,5/29/2020 12:00:00 AM,1611,2,2,0,0,CLEAR,DRY,False,COLLISION IN PARKING LOT,BACKING,STRAIGHT & LEVEL,DAYLIGHT,,,6/8/2020 8:18:08 AM,False,7334,Accepted,
26765084,0568000,LOUISVILLE METRO POLICE DEPT,Accepted,JEFFERSON,KY0061,,PRESTON,HWY,,,,,,,,38.177288290,-85.715517048,7.111,5/29/2020 12:00:00 AM,1051,2,1,0,1,CLOUDY,DRY,False,COLLISION WITH PEDESTRIAN NON - INTERSECTION,SINGLE VEHICLE,STRAIGHT & LEVEL,DAYLIGHT,,,6/3/2020 8:13:00 AM,False,6886,Accepted,
26758551,0568000,LOUISVILLE METRO POLICE DEPT,Accepted,JEFFERSON,,,7TH,ST,S,,HILL,,,,,38.226737769,-85.768973808,0.656,5/29/2020 12:00:00 AM,1712,3,3,0,0,CLEAR,DRY,False,ANGLE COLLISION - OTHER,ANGLE,STRAIGHT & LEVEL,DAYLIGHT,,,6/1/2020 12:56:50 PM,False,7472,Accepted,
26758566,0568000,LOUISVILLE METRO POLICE DEPT,Accepted,JEFFERSON,,,HEMLOCK,ST,,,SOUTHERN,,,,,38.232517650,-85.803524605,0.098,5/29/2020 12:00:00 AM,2002,2,2,0,1,CLEAR,DRY,False,COLLISION WITH PARKED VEHICLE,SIDESWIPE-OPPOSITE DIRECTION,STRAIGHT & LEVEL,DAYLIGHT,,,6/1/2020 12:58:05 PM,False,7393,Accepted,
26761216,0568000,LOUISVILLE METRO POLICE DEPT,Accepted,JEFFERSON,,1315,CLARA,AVE,,,,,,,,38.199770617,-85.783749025,0.060,5/29/2020 12:00:00 AM,1005,2,2,0,0,CLEAR,DRY,True,1 VEHICLE PARKED POSITION (NOT PARKING LOT/DRIVEWAY),HEAD ON,STRAIGHT & LEVEL,DAYLIGHT,,,6/2/2020 8:08:12 AM,False,7360,Accepted,
26761217,0568000,LOUISVILLE METRO POLICE DEPT,Accepted,JEFFERSON,,,7TH,ST,S,,HILL,,,,,38.226551108,-85.769127053,0.600,5/29/2020 12:00:00 AM,1605,2,2,0,2,RAINING,WET,False,OTHER INTERSECTION COLLISIONS,REAR END,STRAIGHT & LEVEL,DAYLIGHT,,,6/2/2020 8:08:17 AM,False,7360,Accepted,
26759805,0560400,SHIVELY POLICE DEPARTMENT,Accepted,JEFFERSON,,,HOLIDAY,DR,,,,,GATEVIEW,,BRIDGEGATE,38.118031611,-85.829577120,0.252,5/29/2020 12:00:00 AM,0142,2,2,0,0,CLEAR,DRY,False,1 VEHICLE PARKED POSITION (NOT PARKING LOT/DRIVEWAY),REAR END,STRAIGHT & LEVEL,DARK-HWY LIGHTED/ON,,,6/1/2020 7:17:55 PM,False,7129,Accepted,
26759928,0561000,JEFFERSONTOWN POLICE DEPT,Accepted,JEFFERSON,KY1747,,HURSTBOURNE,PKWY,S,,HURSTBOURNE,,,,,38.217453572,-85.586901808,11.292,5/29/2020 12:00:00 AM,1006,2,2,0,0,CLEAR,DRY,True,ANGLE COLLISION - OTHER,ANGLE,STRAIGHT & LEVEL,DAYLIGHT,,,6/1/2020 8:16:57 PM,False,8278,Accepted,
26865368,0560400,SHIVELY POLICE DEPARTMENT,Accepted,JEFFERSON,,,6TH,ST,S,,BRECKINRIDGE,,,,,38.242351565,-85.762428866,1.020,5/29/2020 12:00:00 AM,2310,3,3,0,3,CLEAR,DRY,False,ANGLE COLLISION - OTHER,ANGLE,STRAIGHT & LEVEL,DARK-HWY LIGHTED/ON,,,6/27/2020 7:42:50 AM,False,7129,Accepted,
27378710,0560600,WEST BUECHEL POLICE DEPT.,Accepted,JEFFERSON,KY2251,,BARDSTOWN,RD,,,HIKES,,,,,38.198354537,-85.658718786,0.959,5/29/2020 12:00:00 AM,0700,2,2,0,0,CLEAR,DRY,False,ANGLE COLLISION - OTHER,ANGLE,STRAIGHT & GRADE,DAYLIGHT,,,10/26/2020 2:50:45 PM,False,1299,Accepted,
26794974,0568000,LOUISVILLE METRO POLICE DEPT,Accepted,JEFFERSON,KY0155,4000BLOCK,TAYLORSVILLE,RD,,,,,,,,38.219711088,-85.624997389,13.270,5/28/2020 12:00:00 AM,2011,2,2,0,2,CLEAR,DRY,False,REAR END IN TRAFFIC LANES BOTH VEHICLES MOVING,REAR END,STRAIGHT & LEVEL,DAYLIGHT,,,6/11/2020 8:27:23 AM,False,7200,Accepted,
26749954,0568000,LOUISVILLE METRO POLICE DEPT,Accepted,JEFFERSON,US0031W,,DIXIE,HWY,,,,,,,,38.094269619,-85.874790855,7.632,5/28/2020 12:00:00 AM,1832,3,3,0,0,CLOUDY,WET,True,OTHER ROADWAY OR MID-BLOCK COLLISION,REAR END,STRAIGHT & LEVEL,DAYLIGHT,,,5/29/2020 8:17:57 AM,False,7264,Accepted,
26749955,0568000,LOUISVILLE METRO POLICE DEPT,Accepted,JEFFERSON,,,MERIWETHER,AVE,,,BURNETT,,,,,38.225991615,-85.748795707,0.416,5/28/2020 12:00:00 AM,0310,1,1,0,0,CLOUDY,WET,True,COLLISION WITH FIXED OBJECT IN INTERSECTION - FIRST EVENT COLLISION 09 - 32,SINGLE VEHICLE,STRAIGHT & HILLCREST,DARK-HWY LIGHTED/ON,,,5/29/2020 8:18:00 AM,False,5037,Accepted,
26749963,0568000,LOUISVILLE METRO POLICE DEPT,Accepted,JEFFERSON,US0060A,1638,BERRY,BLVD,,,,,,,,38.196440292,-85.793116085,0.913,5/28/2020 12:00:00 AM,2253,2,1,0,1,CLEAR,DRY,True,COLLISION IN PARKING LOT,SINGLE VEHICLE,,DARK (UNKNOWN ROADWAY LIGHTING),,,5/29/2020 8:18:17 AM,False,5237,Accepted,
26749923,0568000,LOUISVILLE METRO POLICE DEPT,Accepted,JEFFERSON,,,BROADWAY,,W,,,,27TH,,26TH,38.249504601,-85.796283059,0.440,5/28/2020 12:00:00 AM,1200,2,2,0,0,CLEAR,DRY,False,1 VEHICLE ENTERING/LEAVING ENTRANCE,ANGLE,STRAIGHT & LEVEL,DAYLIGHT,,,5/29/2020 8:16:37 AM,False,7538,Accepted,
26749948,0568000,LOUISVILLE METRO POLICE DEPT,Accepted,JEFFERSON,,1451,CYPRESS,ST,,,BOLLING,,,,,38.231858962,-85.798386889,0.417,5/28/2020 12:00:00 AM,1749,4,4,0,0,CLOUDY,WET,False,COLLISION WITH PARKED VEHICLE,REAR END,STRAIGHT & LEVEL,DAYLIGHT,,,5/29/2020 8:17:38 AM,False,5280,Accepted,
26749949,0568000,LOUISVILLE METRO POLICE DEPT,Accepted,JEFFERSON,,,MUHAMMAD ALI,BLVD,W,,,,,,,38.252688733,-85.771623540,1.049,5/28/2020 12:00:00 AM,1440,2,2,0,0,CLEAR,DRY,True,REAR END IN TRAFFIC LANES BOTH VEHICLES MOVING,REAR END,STRAIGHT & LEVEL,DAYLIGHT,,,5/29/2020 8:17:42 AM,False,2854,Accepted,
26749957,0568000,LOUISVILLE METRO POLICE DEPT,Accepted,JEFFERSON,KY1747,,FERN VALLEY,RD,,KY2052,SHEPHERDSVILLE,,,,,38.156101387,-85.659780831,3.975,5/28/2020 12:00:00 AM,1957,2,2,0,1,CLEAR,DRY,False,ANGLE COLLISION - OTHER,ANGLE,STRAIGHT & GRADE,DAYLIGHT,,,5/29/2020 8:18:07 AM,False,7419,Accepted,
26749921,0568000,LOUISVILLE METRO POLICE DEPT,Accepted,JEFFERSON,,,FLOYD,ST,S,,WOODBINE,,,,,38.229184369,-85.752590498,1.833,5/28/2020 12:00:00 AM,0821,1,1,0,0,CLEAR,WET,False,COLLISION WITH FIXED OBJECT IN INTERSECTION - FIRST EVENT COLLISION 09 - 32,SINGLE VEHICLE,STRAIGHT & LEVEL,DAYLIGHT,,,5/29/2020 8:16:29 AM,False,2927,Accepted,
26749937,0568000,LOUISVILLE METRO POLICE DEPT,Accepted,JEFFERSON,KY0022,,BALLARDSVILLE,RD,,,,,NETHERWOOD RIDGE,,MURPHY,38.317402868,-85.542773561,5.865,5/28/2020 12:00:00 AM,1725,1,1,0,0,CLOUDY,DRY,False,COLLISION WITH FIXED OBJECT NON - INTERSECTION - FIRST EVENT COLLISION 09 - 32 EXCLUDING 16,SINGLE VEHICLE,STRAIGHT & HILLCREST,DAYLIGHT,,,5/29/2020 8:17:18 AM,False,7751,Accepted,
26745425,0568000,LOUISVILLE METRO POLICE DEPT,Accepted,JEFFERSON,US0060A,,EASTERN,PKWY,,KY0061,SHELBY,,,,,38.214843009,-85.742650927,4.582,5/28/2020 12:00:00 AM,0402,2,2,0,0,CLEAR,WET,False,ANGLE COLLISION - OTHER,ANGLE,STRAIGHT & LEVEL,DARK-HWY LIGHTED/ON,,,5/28/2020 9:14:58 AM,False,5249,Accepted,
26745426,0568000,LOUISVILLE METRO POLICE DEPT,Accepted,JEFFERSON,KY0061,,PRESTON,HWY,,,OAKLAWN,,,,,38.148926912,-85.692435242,4.627,5/28/2020 12:00:00 AM,0411,2,2,0,1,RAINING,WET,False,OTHER INTERSECTION COLLISIONS,REAR END,STRAIGHT & LEVEL,DARK-HWY NOT LIGHTED,,,5/28/2020 9:15:05 AM,False,5107,Accepted,
26758514,0568000,LOUISVILLE METRO POLICE DEPT,Accepted,JEFFERSON,,,THEILER,LN,,,,,,,,38.114637920,-85.644048294,0.001,5/28/2020 12:00:00 AM,1833,1,1,0,0,CLEAR,DRY,True,OTHER ROADWAY OR MID-BLOCK COLLISION,SINGLE VEHICLE,STRAIGHT & LEVEL,DAYLIGHT,,,6/1/2020 12:54:35 PM,False,7474,Accepted,
26752001,0561000,JEFFERSONTOWN POLICE DEPT,Accepted,JEFFERSON,KY1447,9493,WESTPORT,RD,,,,,,,,38.287536772,-85.572586279,5.238,5/28/2020 12:00:00 AM,2320,2,2,0,0,RAINING,WET,True,COLLISION IN PARKING LOT,ANGLE,,DARK-HWY LIGHTED/ON,,,5/29/2020 8:32:55 PM,False,8289,Accepted,
26769117,0568000,LOUISVILLE METRO POLICE DEPT,Accepted,JEFFERSON,I 0065,,I65 S,,,I 0065,I65 S EXIT136C OFF RAMP TO  E JEFFERSON ST,,,,,38.252599916,-85.745752250,135.933,5/28/2020 12:00:00 AM,0715,2,2,0,2,CLEAR,DRY,False,OTHER INTERSECTION COLLISIONS,REAR END,CURVE & LEVEL,DAYLIGHT,,,6/4/2020 8:10:13 AM,False,7173,Accepted,
26765112,0568000,LOUISVILLE METRO POLICE DEPT,Accepted,JEFFERSON,,6709,SIX MILE,LN,,,,,,,,38.197832424,-85.631900062,1.217,5/28/2020 12:00:00 AM,2353,2,2,0,3,RAINING,WET,False,HEAD-ON COLLISION,HEAD ON,STRAIGHT & GRADE,DARK-HWY LIGHTED/ON,,,6/3/2020 8:14:55 AM,False,7419,Accepted,
26774331,0568000,LOUISVILLE METRO POLICE DEPT,Accepted,JEFFERSON,I 0264,,I264 E,,,,,,,,,38.232882137,-85.627738055,18.477,5/28/2020 12:00:00 AM,1329,2,2,0,0,CLEAR,DRY,False,SIDESWIPE COLLISION - SAME DIRECTION,SIDESWIPE-SAME DIRECTION,STRAIGHT & LEVEL,DAYLIGHT,,,6/5/2020 3:55:15 PM,False,8278,Accepted,
26745430,0568000,LOUISVILLE METRO POLICE DEPT,Accepted,JEFFERSON,I 0265,,I265 E,,,,,I 0265,I265 E EXIT23 ON RAMP FROM KY155,I 0064,I64 N EXIT25A RAMP TO I64 E,38.209336268,-85.506764012,24.552,5/28/2020 12:00:00 AM,0515,1,1,0,0,RAINING,WET,False,OTHER ROADWAY OR MID-BLOCK COLLISION,SINGLE VEHICLE,STRAIGHT & LEVEL,DARK-HWY NOT LIGHTED,,,5/28/2020 9:15:35 AM,False,7012,Accepted,
26749928,0568000,LOUISVILLE METRO POLICE DEPT,Accepted,JEFFERSON,,,IVY SPRINGS,CT,,,,,,,,38.232382438,-85.430675461,0.028,5/28/2020 12:00:00 AM,1405,2,2,0,0,CLOUDY,DRY,False,1 VEHICLE PARKED POSITION (NOT PARKING LOT/DRIVEWAY),REAR TO REAR,STRAIGHT & HILLCREST,DAYLIGHT,,,5/29/2020 8:16:55 AM,False,7944,Accepted,
26749925,0568000,LOUISVILLE METRO POLICE DEPT,Accepted,JEFFERSON,,,CHESTNUT,ST,W,,PLACE JAUNE,,,,,38.249991429,-85.767228342,1.850,5/28/2020 12:00:00 AM,0946,2,2,0,0,CLEAR,DRY,False,SIDESWIPE-SAME DIRECTION,SIDESWIPE-SAME DIRECTION,STRAIGHT & LEVEL,DAYLIGHT,,,5/29/2020 8:16:44 AM,False,7969,Accepted,
26749926,0568000,LOUISVILLE METRO POLICE DEPT,Accepted,JEFFERSON,,,GRAY,ST,E,KY0864,SHELBY,,,,,38.245600229,-85.739353425,0.644,5/28/2020 12:00:00 AM,1157,2,2,0,0,CLEAR,DRY,True,COLLISION WITH PARKED VEHICLE,REAR END,STRAIGHT & LEVEL,DAYLIGHT,,,5/29/2020 8:16:47 AM,False,7266,Accepted,
26774332,0568000,LOUISVILLE METRO POLICE DEPT,Accepted,JEFFERSON,I 0264,,I264 W,,,,,,,,,38.185925389,-85.805113898,8.013,5/28/2020 12:00:00 AM,1453,4,4,0,1,CLEAR,DRY,False,OTHER ROADWAY OR MID-BLOCK COLLISION,REAR END,STRAIGHT & GRADE,DAYLIGHT,,,6/5/2020 3:55:18 PM,False,8278,Accepted,
26745421,0568000,LOUISVILLE METRO POLICE DEPT,Accepted,JEFFERSON,KY1747,,FERN VALLEY,RD,,,FERN GRADE,,,,,38.157771399,-85.725737028,0.339,5/28/2020 12:00:00 AM,0332,2,2,0,1,RAINING,WET,False,OPPOSING LEFT TURN,OPPOSING LEFT TURN,STRAIGHT & LEVEL,DARK-HWY LIGHTED/ON,,,5/28/2020 9:14:49 AM,False,7074,Accepted,
26758532,0568000,LOUISVILLE METRO POLICE DEPT,Accepted,JEFFERSON,US0060,,SHELBYVILLE,RD,,,,I 0264,I264 E EXIT20 ON RAMP FROM US60,KY0146,NEW LA GRANGE,38.249688058,-85.615569202,5.782,5/28/2020 12:00:00 AM,2015,2,2,0,0,CLEAR,DRY,False,SIDESWIPE COLLISION - SAME DIRECTION,SIDESWIPE-SAME DIRECTION,STRAIGHT & LEVEL,DAYLIGHT,,,6/1/2020 12:55:32 PM,False,7633,Accepted,
26749959,0568000,LOUISVILLE METRO POLICE DEPT,Accepted,JEFFERSON,,,HILL,ST,E,,,,FLOYD,,BROOK,38.225285215,-85.755271284,0.458,5/28/2020 12:00:00 AM,1947,2,2,0,0,CLEAR,DRY,False,1 VEHICLE ENTERING/LEAVING ENTRANCE,ANGLE,STRAIGHT & LEVEL,DAYLIGHT,,,5/29/2020 8:18:10 AM,False,5267,Accepted,
26749936,0568000,LOUISVILLE METRO POLICE DEPT,Accepted,JEFFERSON,KY0146,,LA GRANGE,RD,,I 0265,I265 S EXIT30 ON RAMP FROM KY146,,,,,38.286323811,-85.514213890,7.330,5/28/2020 12:00:00 AM,1019,2,2,0,2,CLEAR,DRY,False,OPPOSING LEFT TURN,OPPOSING LEFT TURN,STRAIGHT & LEVEL,DAYLIGHT,,,5/29/2020 8:17:14 AM,False,7751,Accepted,
26749952,0568000,LOUISVILLE METRO POLICE DEPT,Accepted,JEFFERSON,,,MAPLE,WAY,,,HAVENTREE,,,,,38.096980076,-85.661319603,0.354,5/28/2020 12:00:00 AM,1846,2,2,0,1,CLEAR,DRY,False,HEAD-ON COLLISION,HEAD ON,CURVE & GRADE,DAYLIGHT,,,5/29/2020 8:17:54 AM,False,6937,Accepted,
26753033,0560400,SHIVELY POLICE DEPARTMENT,Accepted,JEFFERSON,KY1865,,NEW CUT,RD,,,KENWOOD,,,,,38.161635194,-85.779172072,3.774,5/28/2020 12:00:00 AM,2353,2,2,0,3,RAINING,WET,False,ANGLE COLLISION - OTHER,ANGLE,STRAIGHT & LEVEL,DARK (UNKNOWN ROADWAY LIGHTING),,,5/30/2020 7:33:40 AM,False,7124,Accepted,
26749934,0568000,LOUISVILLE METRO POLICE DEPT,Accepted,JEFFERSON,KY1703,,NEWBURG,RD,,,BASHFORD MANOR,,,,,38.195558782,-85.679354962,1.566,5/28/2020 12:00:00 AM,1408,2,2,0,4,CLEAR,DRY,False,ANGLE COLLISION - ONE VEHICLE TURNING LEFT,ANGLE,STRAIGHT & LEVEL,DAYLIGHT,,,5/29/2020 8:17:07 AM,False,7879,Accepted,
26749935,0568000,LOUISVILLE METRO POLICE DEPT,Accepted,JEFFERSON,US0042,,MELLWOOD,AVE,,,SPRING,,,,,38.255507638,-85.722259637,0.585,5/28/2020 12:00:00 AM,1648,1,1,0,0,CLOUDY,DRY,True,COLLISION WITH FIXED OBJECT IN INTERSECTION - FIRST EVENT COLLISION 09 - 32,SINGLE VEHICLE,STRAIGHT & LEVEL,DAYLIGHT,,,5/29/2020 8:17:11 AM,False,5251,Accepted,
26749942,0568000,LOUISVILLE METRO POLICE DEPT,Accepted,JEFFERSON,KY1934,,CANE RUN,RD,,,BRIDWELL,,,,,38.179697388,-85.859691602,7.347,5/28/2020 12:00:00 AM,1833,2,2,0,0,RAINING,WET,False,COLLISION IN PARKING LOT,REAR END,STRAIGHT & LEVEL,DAYLIGHT,,,5/29/2020 8:17:32 AM,False,7485,Accepted,
26749950,0568000,LOUISVILLE METRO POLICE DEPT,Accepted,JEFFERSON,,2616,GRAND,AVE,,,,,,,,38.240873370,-85.799075395,0.729,5/27/2020 12:00:00 AM,1634,3,3,0,0,CLOUDY,WET,False,1 VEHICLE PARKED POSITION (NOT PARKING LOT/DRIVEWAY),SIDESWIPE-SAME DIRECTION,STRAIGHT & LEVEL,DAYLIGHT,,,5/29/2020 8:17:45 AM,False,5151,Accepted,
26758508,0568000,LOUISVILLE METRO POLICE DEPT,Accepted,JEFFERSON,KY0864,,POPLAR LEVEL,RD,,,DAHL,,,,,38.181561424,-85.696267215,10.159,5/27/2020 12:00:00 AM,1531,2,2,0,0,RAINING,WET,False,OTHER INTERSECTION COLLISIONS,REAR END,STRAIGHT & LEVEL,DAYLIGHT,,,6/1/2020 12:54:07 PM,False,7879,Accepted,
26745429,0568000,LOUISVILLE METRO POLICE DEPT,Accepted,JEFFERSON,KY2251,,BARDSTOWN,RD,,,HIKES,,,,,38.199050616,-85.660010638,1.041,5/27/2020 12:00:00 AM,2138,2,2,0,0,CLEAR,DRY,False,ANGLE COLLISION - OTHER,ANGLE,STRAIGHT & LEVEL,DAYLIGHT,,,5/28/2020 9:15:27 AM,True,5269,Accepted,
26745413,0568000,LOUISVILLE METRO POLICE DEPT,Accepted,JEFFERSON,,3100,GREENWOOD,AVE,,,,,,,,38.242752435,-85.804664935,1.058,5/27/2020 12:00:00 AM,1118,2,2,0,0,RAINING,WET,False,1 VEHICLE PARKED POSITION (NOT PARKING LOT/DRIVEWAY),REAR END,STRAIGHT & LEVEL,DAYLIGHT,,,5/28/2020 9:14:20 AM,False,7387,Accepted,
26745414,0568000,LOUISVILLE METRO POLICE DEPT,Accepted,JEFFERSON,US0031W,,DIXIE,HWY,,,,,,,,38.131324622,-85.847157458,10.602,5/27/2020 12:00:00 AM,1703,3,3,0,0,CLOUDY,WET,False,OTHER ROADWAY OR MID-BLOCK COLLISION,REAR END,STRAIGHT & LEVEL,DAYLIGHT,,,5/28/2020 9:14:25 AM,False,7264,Accepted,
26745415,0568000,LOUISVILLE METRO POLICE DEPT,Accepted,JEFFERSON,,,CECIL,AVE,,,GREENWOOD,,,,,38.244431295,-85.821160928,1.080,5/27/2020 12:00:00 AM,1950,3,3,0,1,CLOUDY,DRY,True,OTHER INTERSECTION COLLISIONS,REAR END,STRAIGHT & LEVEL,DAYLIGHT,,,5/28/2020 9:14:28 AM,False,7439,Accepted,
26749927,0568000,LOUISVILLE METRO POLICE DEPT,Accepted,JEFFERSON,I 0071,,I71 N,,,,,,,,,38.290348498,-85.642472114,5.336,5/27/2020 12:00:00 AM,1635,2,2,0,0,RAINING,WET,False,1 VEHICLE ENTERING/LEAVING ENTRANCE,ANGLE,CURVE & GRADE,DAWN,,,5/29/2020 8:16:51 AM,False,7944,Accepted,
26749933,0568000,LOUISVILLE METRO POLICE DEPT,Accepted,JEFFERSON,KY1747,,FERN VALLEY,RD,,KY0061,PRESTON,,,,,38.157253421,-85.696068203,1.993,5/27/2020 12:00:00 AM,1543,3,3,0,1,CLEAR,DRY,False,OPPOSING LEFT TURN,OPPOSING LEFT TURN,STRAIGHT & LEVEL,DAYLIGHT,,,5/29/2020 8:17:03 AM,False,7303,Accepted,