IncidentID,AgencyORI,AgencyName,IncidentStatusDesc,County,RdwyNumber,Street,RoadwayName,StreetSfx,StreetDir,IntersectionRdwy,IntersectionRdwyName,BetweenStRdwy1,BetweenStRdwyName1,BetweenStRdwy2,BetweenStRdwyName2,Latitude,Longitude,Milepoint,CollisionDate,CollisionTime,UnitsInvolved,MotorVehiclesInvolved,NumberKilled,NumberInjured,Weather,RdwyConditionCode,HitandRun,DirAnalysisCode,MannerofCollision,RdwyCharacter,LightCondition,RampFromRdwyId,RampToRdwyId,AcceptedDate,IsSecondaryCollision,OwnerBadge,IncidentStatus,
26749919,0568000,LOUISVILLE METRO POLICE DEPT,Accepted,JEFFERSON,KY0864,,FEGENBUSH,LN,,,FENWICK,,,,,38.155195882,-85.636364456,6.087,5/27/2020 12:00:00 AM,1804,2,2,0,0,RAINING,WET,False,HEAD-ON COLLISION,HEAD ON,CURVE & LEVEL,DAYLIGHT,,,5/29/2020 8:16:22 AM,False,7812,Accepted,
26745397,0568000,LOUISVILLE METRO POLICE DEPT,Accepted,JEFFERSON,US0031E,,BARDSTOWN,RD,,I 0265,I265 E EXIT17 OFF RAMP TO US31E,,,,,38.139307720,-85.582034336,4.748,5/27/2020 12:00:00 AM,1502,3,3,0,1,CLOUDY,DRY,False,OTHER INTERSECTION COLLISIONS,REAR END,STRAIGHT & LEVEL,DAYLIGHT,,,5/28/2020 9:13:27 AM,False,2308,Accepted,
26745424,0568000,LOUISVILLE METRO POLICE DEPT,Accepted,JEFFERSON,KY0061,,JACKSON,ST,S,,CAMP,,,,,38.231762256,-85.747906914,11.354,5/27/2020 12:00:00 AM,2000,2,1,0,1,CLOUDY,DRY,False,COLLISION WITH PEDESTRIAN IN INTERSECTION,SINGLE VEHICLE,STRAIGHT & LEVEL,DAYLIGHT,,,5/28/2020 9:14:54 AM,False,5122,Accepted,
26769132,0568000,LOUISVILLE METRO POLICE DEPT,Accepted,JEFFERSON,,,HIKES,LN,,KY2251,BARDSTOWN,,,,,38.199071951,-85.659936734,0.868,5/27/2020 12:00:00 AM,2138,2,2,0,0,CLOUDY,DRY,True,OTHER INTERSECTION COLLISIONS,REAR END,STRAIGHT & LEVEL,DARK-HWY LIGHTED/ON,,,6/4/2020 8:11:07 AM,False,7200,Accepted,
26745398,0568000,LOUISVILLE METRO POLICE DEPT,Accepted,JEFFERSON,KY0155,,TAYLORSVILLE,RD,,,,,,,,38.187360964,-85.520247964,6.682,5/27/2020 12:00:00 AM,1627,2,2,0,1,CLOUDY,DRY,False,1 VEHICLE ENTERING/LEAVING ENTRANCE,ANGLE,STRAIGHT & LEVEL,DAYLIGHT,,,5/28/2020 9:13:31 AM,False,2308,Accepted,
26745399,0568000,LOUISVILLE METRO POLICE DEPT,Accepted,JEFFERSON,,,KENTUCKY,ST,E,KY0061,JACKSON,,,,,38.237565699,-85.746899115,0.426,5/27/2020 12:00:00 AM,1604,1,1,0,1,RAINING,WET,False,COLLISION WITH FIXED OBJECT IN INTERSECTION - FIRST EVENT COLLISION 09 - 32,SINGLE VEHICLE,STRAIGHT & LEVEL,DAYLIGHT,,,5/28/2020 9:13:35 AM,False,5221,Accepted,
26740770,0568000,LOUISVILLE METRO POLICE DEPT,Accepted,JEFFERSON,,2601,BROADWAY,,W,,,,,,,38.249454922,-85.794905231,0.361,5/27/2020 12:00:00 AM,0342,2,1,0,1,CLEAR,WET,False,COLLISION WITH PEDESTRIAN NON - INTERSECTION,SINGLE VEHICLE,STRAIGHT & LEVEL,DARK-HWY LIGHTED/OFF,,,5/27/2020 8:42:44 AM,False,5021,Accepted,
26745390,0568000,LOUISVILLE METRO POLICE DEPT,Accepted,JEFFERSON,I 0264,,I264 E,,,,,,,,,38.201006891,-85.693818173,14.229,5/27/2020 12:00:00 AM,0530,2,2,0,2,OTHER,WET,False,OTHER COLLISIONS ON SHOULDER,ANGLE,STRAIGHT & LEVEL,DARK-HWY LIGHTED/ON,,,5/28/2020 9:13:00 AM,False,7916,Accepted,
26765099,0568000,LOUISVILLE METRO POLICE DEPT,Accepted,JEFFERSON,KY0841,,GENE SNYDER,FWY,,,,,,,,38.119008291,-85.768186760,6.539,5/27/2020 12:00:00 AM,1538,2,2,0,0,CLOUDY,WET,False,1 VEHICLE PARKED POSITION (NOT PARKING LOT/DRIVEWAY),SIDESWIPE-SAME DIRECTION,STRAIGHT & LEVEL,DAYLIGHT,,,6/3/2020 8:13:56 AM,False,7840,Accepted,
26758505,0568000,LOUISVILLE METRO POLICE DEPT,Accepted,JEFFERSON,,,EASTERN,PKWY,,,,,,,,38.232945581,-85.707889222,0.001,5/27/2020 12:00:00 AM,1717,3,3,0,0,CLOUDY,WET,False,1 VEHICLE PARKED POSITION (NOT PARKING LOT/DRIVEWAY),SIDESWIPE-SAME DIRECTION,CURVE & GRADE,DAYLIGHT,,,6/1/2020 12:53:52 PM,False,7280,Accepted,
26745427,0568000,LOUISVILLE METRO POLICE DEPT,Accepted,JEFFERSON,KY1450,10709,BLUE LICK,RD,,,,,,,,38.091149044,-85.698832399,0.352,5/27/2020 12:00:00 AM,1835,1,1,0,0,CLEAR,DRY,False,COLLISION WITH FIXED OBJECT NON - INTERSECTION - FIRST EVENT COLLISION 09 - 32 EXCLUDING 16,SINGLE VEHICLE,STRAIGHT & LEVEL,DAYLIGHT,,,5/28/2020 9:15:14 AM,False,7474,Accepted,
26745411,0568000,LOUISVILLE METRO POLICE DEPT,Accepted,JEFFERSON,,,LARCHMONT,AVE,,,COLORADO,,,,,38.210298914,-85.780634713,0.370,5/27/2020 12:00:00 AM,1505,2,2,0,0,RAINING,WET,False,ANGLE COLLISION - OTHER,ANGLE,STRAIGHT & LEVEL,DAYLIGHT,,,5/28/2020 9:14:09 AM,False,7360,Accepted,
26745412,0568000,LOUISVILLE METRO POLICE DEPT,Accepted,JEFFERSON,US0031W,14000,DIXIE,HWY,,,LEWIS,,,,,38.053916631,-85.892422529,4.627,5/27/2020 12:00:00 AM,1655,4,4,0,2,RAINING,WET,False,ANGLE COLLISION - OTHER,ANGLE,STRAIGHT & LEVEL,DAYLIGHT,,,5/28/2020 9:14:13 AM,False,2936,Accepted,
26745418,0568000,LOUISVILLE METRO POLICE DEPT,Accepted,JEFFERSON,,,HIKES,LN,,,NOBLITT,,,,,38.202996102,-85.653643292,,5/27/2020 12:00:00 AM,1905,2,2,0,0,CLOUDY,WET,False,OPPOSING LEFT TURN,OPPOSING LEFT TURN,STRAIGHT & LEVEL,DAYLIGHT,,,5/28/2020 9:14:41 AM,False,2737,Accepted,
26745419,0568000,LOUISVILLE METRO POLICE DEPT,Accepted,JEFFERSON,,4400,BUECHEL BANK,RD,,,PROGRESS,,,,,38.178016252,-85.649525192,1.030,5/27/2020 12:00:00 AM,2058,1,1,0,1,CLOUDY,DRY,False,COLLISION WITH FIXED OBJECT IN INTERSECTION - FIRST EVENT COLLISION 09 - 32,SINGLE VEHICLE,STRAIGHT & LEVEL,DAYLIGHT,,,5/28/2020 9:14:45 AM,False,7851,Accepted,
26745393,0568000,LOUISVILLE METRO POLICE DEPT,Accepted,JEFFERSON,I 0264,,,,,,,,,,,38.238100469,-85.815736410,0.207,5/27/2020 12:00:00 AM,1413,2,2,0,0,RAINING,WET,False,OTHER RAMP RELATED COLLISIONS NOT LISTED ABOVE,REAR END,CURVE & GRADE,DAYLIGHT,I 0264,DUMESNIL ST,5/28/2020 9:13:13 AM,False,7923,Accepted,
26745394,0568000,LOUISVILLE METRO POLICE DEPT,Accepted,JEFFERSON,,,GRADE,LN,,,FERN GRADE,,,,,38.158842181,-85.725150622,1.671,5/27/2020 12:00:00 AM,1520,2,2,0,0,RAINING,WET,False,ANGLE COLLISION - OTHER,ANGLE,STRAIGHT & LEVEL,DAYLIGHT,,,5/28/2020 9:13:16 AM,False,5124,Accepted,
26745395,0568000,LOUISVILLE METRO POLICE DEPT,Accepted,JEFFERSON,,,DIANN MARIE,RD,,,,,,,,38.300480770,-85.544101764,,5/27/2020 12:00:00 AM,1550,1,1,0,1,CLEAR,DRY,False,COLLISION IN PARKING LOT,SINGLE VEHICLE,STRAIGHT & GRADE,DAYLIGHT,,,5/28/2020 9:13:19 AM,False,7615,Accepted,
26745401,0568000,LOUISVILLE METRO POLICE DEPT,Accepted,JEFFERSON,US0031W,,DIXIE,HWY,,,KERRICK,,,,,38.153394387,-85.835902526,12.274,5/27/2020 12:00:00 AM,1102,2,2,0,0,RAINING,WET,False,ANGLE COLLISION - OTHER,ANGLE,STRAIGHT & LEVEL,DAYLIGHT,,,5/28/2020 9:13:45 AM,False,7485,Accepted,
26745428,0568000,LOUISVILLE METRO POLICE DEPT,Accepted,JEFFERSON,,,TRADE PORT,DR,,,FREEPORT,,,,,38.122581638,-85.884084732,0.815,5/27/2020 12:00:00 AM,2152,2,2,0,1,CLEAR,WET,False,OPPOSING LEFT TURN,OPPOSING LEFT TURN,STRAIGHT & LEVEL,DARK-HWY LIGHTED/ON,,,5/28/2020 9:15:21 AM,False,7166,Accepted,
26749924,0568000,LOUISVILLE METRO POLICE DEPT,Accepted,JEFFERSON,I 0264,,I264 W,,,,,,,,,38.189178981,-85.782970920,9.257,5/27/2020 12:00:00 AM,1830,4,4,0,1,RAINING,WET,False,REAR END IN TRAFFIC LANES BOTH VEHICLES MOVING,REAR END,STRAIGHT & LEVEL,DAYLIGHT,,,5/29/2020 8:16:40 AM,False,7298,Accepted,
26740773,0568000,LOUISVILLE METRO POLICE DEPT,Accepted,JEFFERSON,I 0064,,I64 W,,,,,,,,,38.259905180,-85.742116172,5.108,5/27/2020 12:00:00 AM,0643,1,1,0,1,CLEAR,WET,False,OTHER COLLISIONS ON SHOULDER,SINGLE VEHICLE,CURVE & LEVEL,DAWN,,,5/27/2020 8:42:56 AM,False,7325,Accepted,
26740780,0568000,LOUISVILLE METRO POLICE DEPT,Accepted,JEFFERSON,I 0065,,I65 S,,,I 0064,I64 S EXIT137 OFF RAMP,,,,,38.261444552,-85.742056996,136.653,5/27/2020 12:00:00 AM,0648,1,1,0,0,CLEAR,DRY,False,COLLISION WITH FIXED OBJECT IN INTERSECTION - FIRST EVENT COLLISION 09 - 32,SINGLE VEHICLE,CURVE & GRADE,DAYLIGHT,,,5/27/2020 8:43:46 AM,False,7720,Accepted,
26743671,0564500,PROSPECT POLICE DEPARTMENT,Accepted,JEFFERSON,US0042,,US42,,,,ELMCROFT,,,,,38.315689583,-85.624649756,8.388,5/27/2020 12:00:00 AM,1555,3,3,0,2,CLOUDY,DRY,False,REAR END - ONE VEHICLE TURNING LEFT,REAR END,STRAIGHT & LEVEL,DAYLIGHT,,,5/27/2020 7:33:50 PM,False,1141,Accepted,
26745392,0568000,LOUISVILLE METRO POLICE DEPT,Accepted,JEFFERSON,,6006,LOWER HUNTERS,TRCE,,,,,,,,38.170605474,-85.876868768,2.582,5/27/2020 12:00:00 AM,1126,2,2,0,0,RAINING,WET,False,OTHER ROADWAY OR MID-BLOCK COLLISION,REAR END,STRAIGHT & LEVEL,DAYLIGHT,,,5/28/2020 9:13:09 AM,False,7841,Accepted,
26745400,0568000,LOUISVILLE METRO POLICE DEPT,Accepted,JEFFERSON,US0031W,,DIXIE,HWY,,KY1931,GREENWOOD,,,,,38.143795714,-85.839628288,11.708,5/27/2020 12:00:00 AM,1724,2,2,0,0,RAINING,WET,False,SIDESWIPE-SAME DIRECTION,SIDESWIPE-SAME DIRECTION,STRAIGHT & LEVEL,DAYLIGHT,,,5/28/2020 9:13:39 AM,False,7424,Accepted,
26765083,0568000,LOUISVILLE METRO POLICE DEPT,Accepted,JEFFERSON,,,1ST,ST,S,,HILL,,,,,38.225468995,-85.756912289,2.104,5/27/2020 12:00:00 AM,0724,2,2,0,0,CLOUDY,DRY,False,ANGLE COLLISION - OTHER,ANGLE,STRAIGHT & LEVEL,DAYLIGHT,,,6/3/2020 8:12:57 AM,False,7619,Accepted,
26781329,0568000,LOUISVILLE METRO POLICE DEPT,Accepted,JEFFERSON,,,MITCHELL HILL,RD,,,,,,,,38.093206672,-85.765181356,0.984,5/27/2020 12:00:00 AM,1731,1,1,0,2,RAINING,WET,False,COLLISION WITH FIXED OBJECT NON - INTERSECTION - FIRST EVENT COLLISION 09 - 32 EXCLUDING 16,SINGLE VEHICLE,CURVE & LEVEL,DAYLIGHT,,,6/8/2020 8:10:57 AM,False,7373,Accepted,
26761225,0568000,LOUISVILLE METRO POLICE DEPT,Accepted,JEFFERSON,KY0841,,GENE SNYDER,FWY,,,,US0031W,US31W N RAMP TO KY841 E,KY0841,KY841 RAMP FROM  STONESTREET RD,38.089029424,-85.860646355,0.854,5/26/2020 12:00:00 AM,1143,2,2,0,3,CLOUDY,DRY,False,SIDESWIPE COLLISION - SAME DIRECTION,SIDESWIPE-SAME DIRECTION,CURVE & GRADE,DAYLIGHT,,,6/2/2020 8:08:51 AM,False,7840,Accepted,
26758541,0568000,LOUISVILLE METRO POLICE DEPT,Accepted,JEFFERSON,,2047,SHELBY,ST,S,,,,,,,38.219036512,-85.743896195,0.830,5/26/2020 12:00:00 AM,2349,3,3,0,0,CLEAR,DRY,False,1 VEHICLE PARKED POSITION (NOT PARKING LOT/DRIVEWAY),SIDESWIPE-SAME DIRECTION,STRAIGHT & LEVEL,DARK (UNKNOWN ROADWAY LIGHTING),,,6/1/2020 12:56:11 PM,False,5050,Accepted,
26790457,0568000,LOUISVILLE METRO POLICE DEPT,Accepted,JEFFERSON,,,DIXIE,HWY,,,HILL,,,,,38.228331419,-85.790457621,1.494,5/26/2020 12:00:00 AM,1651,8,8,0,0,CLOUDY,DRY,True,COLLISION WITH PARKED VEHICLE,SIDESWIPE-SAME DIRECTION,STRAIGHT & LEVEL,DAYLIGHT,,,6/10/2020 8:09:28 AM,False,7091,Accepted,
26808797,0568000,LOUISVILLE METRO POLICE DEPT,Accepted,JEFFERSON,I 0264,,I264 W,,,,,,,,,38.190118700,-85.734213745,11.838,5/26/2020 12:00:00 AM,0146,1,1,0,1,CLOUDY,WET,False,OTHER COLLISIONS ON SHOULDER,SINGLE VEHICLE,STRAIGHT & LEVEL,DUSK,,,6/15/2020 9:47:27 AM,False,7291,Accepted,
26740738,0568000,LOUISVILLE METRO POLICE DEPT,Accepted,JEFFERSON,KY0155,,TAYLORSVILLE,RD,,,,,,,,38.220162365,-85.629864527,13.551,5/26/2020 12:00:00 AM,1246,2,2,0,2,CLOUDY,DRY,True,REAR END IN TRAFFIC LANES BOTH VEHICLES MOVING,REAR END,STRAIGHT & LEVEL,DAYLIGHT,,,5/27/2020 8:40:16 AM,False,4693,Accepted,
26740739,0568000,LOUISVILLE METRO POLICE DEPT,Accepted,JEFFERSON,KY0864,,POPLAR LEVEL,RD,,,,,TAYLOR,,MERCER,38.200379558,-85.708733908,11.656,5/26/2020 12:00:00 AM,1342,3,3,0,0,CLOUDY,DRY,False,1 VEHICLE ENTERING/LEAVING ENTRANCE,ANGLE,STRAIGHT & LEVEL,DAYLIGHT,,,5/27/2020 8:40:19 AM,False,2532,Accepted,
26740740,0568000,LOUISVILLE METRO POLICE DEPT,Accepted,JEFFERSON,KY3084,,OLD HENRY,RD,,,,,,,,38.270531275,-85.499377662,1.251,5/26/2020 12:00:00 AM,0959,2,2,0,2,CLEAR,DRY,False,1 VEHICLE ENTERING/LEAVING ENTRANCE,ANGLE,STRAIGHT & LEVEL,DAYLIGHT,,,5/27/2020 8:40:24 AM,False,2218,Accepted,
26740746,0568000,LOUISVILLE METRO POLICE DEPT,Accepted,JEFFERSON,,,BROOK,ST,S,,,I 0065,I65 N EXIT136A OFF RAMP TO  S BROOK ST,US0150,BROADWAY,38.245023605,-85.751830700,2.811,5/26/2020 12:00:00 AM,1500,2,2,0,1,CLOUDY,DRY,False,REAR END IN TRAFFIC LANES BOTH VEHICLES MOVING,REAR END,STRAIGHT & LEVEL,DAYLIGHT,,,5/27/2020 8:41:11 AM,False,2403,Accepted,
26740754,0568000,LOUISVILLE METRO POLICE DEPT,Accepted,JEFFERSON,,,38TH,ST,S,,LARKWOOD,,,,,38.258330689,-85.812120143,0.340,5/26/2020 12:00:00 AM,1013,3,3,0,0,CLEAR,DRY,False,ANGLE COLLISION - OTHER,ANGLE,STRAIGHT & LEVEL,DAYLIGHT,,,5/27/2020 8:41:40 AM,False,5003,Accepted,
26740749,0568000,LOUISVILLE METRO POLICE DEPT,Accepted,JEFFERSON,,535,BRENTWOOD,AVE,,,,,,,,38.194815645,-85.771321774,0.160,5/26/2020 12:00:00 AM,1730,2,2,0,0,CLEAR,DRY,True,1 VEHICLE PARKED POSITION (NOT PARKING LOT/DRIVEWAY),SIDESWIPE-SAME DIRECTION,STRAIGHT & LEVEL,DAYLIGHT,,,5/27/2020 8:41:20 AM,False,7433,Accepted,
26740755,0568000,LOUISVILLE METRO POLICE DEPT,Accepted,JEFFERSON,KY1865,,TAYLOR,BLVD,,,ASHLAND,,,,,38.186655646,-85.783808687,5.531,5/26/2020 12:00:00 AM,1443,2,2,0,0,CLEAR,DRY,False,HEAD-ON COLLISION,HEAD ON,STRAIGHT & LEVEL,DAYLIGHT,,,5/27/2020 8:41:44 AM,False,5123,Accepted,
26740756,0568000,LOUISVILLE METRO POLICE DEPT,Accepted,JEFFERSON,US0031E,1574,BARDSTOWN,RD,,,,,ALTA,,BONNYCASTLE,38.231077174,-85.705725605,14.432,5/26/2020 12:00:00 AM,1510,3,3,0,2,CLOUDY,DRY,False,OTHER ROADWAY OR MID-BLOCK COLLISION,REAR END,STRAIGHT & LEVEL,DAYLIGHT,,,5/27/2020 8:41:47 AM,False,7960,Accepted,
26740763,0568000,LOUISVILLE METRO POLICE DEPT,Accepted,JEFFERSON,,,CLARKS,LN,,,DELOR,,,,,38.215332256,-85.737172767,0.285,5/26/2020 12:00:00 AM,1630,2,2,0,0,CLOUDY,DRY,True,ANGLE COLLISION - OTHER,ANGLE,STRAIGHT & LEVEL,DAYLIGHT,,,5/27/2020 8:42:10 AM,False,6148,Accepted,
26740764,0568000,LOUISVILLE METRO POLICE DEPT,Accepted,JEFFERSON,KY1020,,2ND,ST,S,,HILL,,,,,38.225736650,-85.758596293,10.688,5/26/2020 12:00:00 AM,1918,6,6,0,2,CLOUDY,DRY,False,ANGLE COLLISION - OTHER,ANGLE,STRAIGHT & LEVEL,DAYLIGHT,,,5/27/2020 8:42:14 AM,False,7344,Accepted,
26758503,0568000,LOUISVILLE METRO POLICE DEPT,Accepted,JEFFERSON,KY1065,,OUTER,LOOP,,,,,,,,38.130770695,-85.733999577,3.373,5/26/2020 12:00:00 AM,1624,2,2,0,1,CLOUDY,DRY,False,REAR END IN TRAFFIC LANES BOTH VEHICLES MOVING,REAR END,STRAIGHT & LEVEL,DAYLIGHT,,,6/1/2020 12:53:40 PM,False,6933,Accepted,
26745402,0568000,LOUISVILLE METRO POLICE DEPT,Accepted,JEFFERSON,US0060,,SHELBYVILLE,RD,,KY0913,BLANKENBAKER,,,,,38.244074620,-85.547169228,9.473,5/26/2020 12:00:00 AM,1420,2,2,0,0,CLOUDY,DRY,False,OTHER INTERSECTION COLLISIONS,REAR END,STRAIGHT & LEVEL,DAYLIGHT,,,5/28/2020 9:13:50 AM,False,7207,Accepted,
26740731,0568000,LOUISVILLE METRO POLICE DEPT,Accepted,JEFFERSON,US0060,,SHELBYVILLE,RD,,,,,WOOD,,LYNDON,38.248220723,-85.598739143,6.654,5/26/2020 12:00:00 AM,1100,2,2,0,0,CLOUDY,DRY,False,OTHER ROADWAY OR MID-BLOCK COLLISION,REAR END,STRAIGHT & LEVEL,DAYLIGHT,,,5/27/2020 8:39:57 AM,False,6406,Accepted,
26740771,0568000,LOUISVILLE METRO POLICE DEPT,Accepted,JEFFERSON,KY0061,,PRESTON,HWY,,,ANTLE,,,,,38.087484376,-85.667809504,0.259,5/26/2020 12:00:00 AM,2142,2,2,0,1,CLEAR,DRY,True,OTHER INTERSECTION COLLISIONS,REAR END,STRAIGHT & LEVEL,DARK-HWY LIGHTED/ON,,,5/27/2020 8:42:48 AM,False,5138,Accepted,
26740744,0568000,LOUISVILLE METRO POLICE DEPT,Accepted,JEFFERSON,KY1932,,BRECKENRIDGE,LN,,,MANNER GATE,,,,,38.204755232,-85.623117498,1.655,5/26/2020 12:00:00 AM,1138,2,2,0,1,CLEAR,DRY,False,ANGLE COLLISION - ONE VEHICLE TURNING RIGHT,ANGLE,STRAIGHT & LEVEL,DAYLIGHT,,,5/27/2020 8:40:51 AM,False,7482,Accepted,
26740753,0568000,LOUISVILLE METRO POLICE DEPT,Accepted,JEFFERSON,,,BASEBALL,ALY,,,,,4TH,,5TH,38.239654667,-85.760121160,0.033,5/26/2020 12:00:00 AM,1443,1,1,0,0,CLEAR,DRY,False,COLLISION WITH FIXED OBJECT NON - INTERSECTION - FIRST EVENT COLLISION 09 - 32 EXCLUDING 16,SINGLE VEHICLE,STRAIGHT & LEVEL,DAYLIGHT,,,5/27/2020 8:41:37 AM,False,7418,Accepted,
26740758,0568000,LOUISVILLE METRO POLICE DEPT,Accepted,JEFFERSON,US0031E,,BARDSTOWN,RD,,US0031E,BUECHEL,,,,,38.200188241,-85.662288074,11.151,5/26/2020 12:00:00 AM,1604,2,2,0,7,RAINING,WET,False,ANGLE COLLISION - OTHER,ANGLE,STRAIGHT & LEVEL,DAYLIGHT,,,5/27/2020 8:41:51 AM,False,5247,Accepted,
26740760,0568000,LOUISVILLE METRO POLICE DEPT,Accepted,JEFFERSON,KY1865,,TAYLOR,BLVD,,,,,LEHIGH,,WOODLAWN,38.180762401,-85.783408996,5.085,5/26/2020 12:00:00 AM,1855,2,2,0,2,CLOUDY,DRY,False,1 VEHICLE ENTERING/LEAVING ENTRANCE,ANGLE,STRAIGHT & LEVEL,DAYLIGHT,,,5/27/2020 8:42:00 AM,False,7204,Accepted,
26740767,0568000,LOUISVILLE METRO POLICE DEPT,Accepted,JEFFERSON,,,GOLDSMITH,LN,,,HIKES,,,,,38.205265584,-85.650079036,0.001,5/26/2020 12:00:00 AM,1944,2,2,0,1,CLEAR,DRY,False,OTHER INTERSECTION COLLISIONS,REAR END,STRAIGHT & LEVEL,DAYLIGHT,,,5/27/2020 8:42:36 AM,False,5288,Accepted,
26740768,0568000,LOUISVILLE METRO POLICE DEPT,Accepted,JEFFERSON,US0031W,,DIXIE,HWY,,KY0044,STITES STATION RD CONN,,,,,38.021602721,-85.917854191,1.917,5/26/2020 12:00:00 AM,1910,2,2,0,4,RAINING,WET,False,ANGLE COLLISION - OTHER,ANGLE,STRAIGHT & LEVEL,DAYLIGHT,,,5/27/2020 8:42:40 AM,False,5279,Accepted,
26735937,0568000,LOUISVILLE METRO POLICE DEPT,Accepted,JEFFERSON,KY1934,,GREENBELT,HWY,,,,,,,,38.093731521,-85.883339803,0.449,5/26/2020 12:00:00 AM,0343,1,1,0,0,CLEAR,DRY,False,COLLISION WITH FIXED OBJECT NON - INTERSECTION - FIRST EVENT COLLISION 09 - 32 EXCLUDING 16,SINGLE VEHICLE,CURVE & LEVEL,DARK-HWY LIGHTED/ON,,,5/26/2020 9:10:29 AM,False,5136,Accepted,
26740742,0568000,LOUISVILLE METRO POLICE DEPT,Accepted,JEFFERSON,US0060,,SHELBYVILLE,RD,,,,,,,,38.246391671,-85.576451099,7.877,5/26/2020 12:00:00 AM,1148,2,2,0,0,CLOUDY,DRY,False,1 VEHICLE ENTERING/LEAVING ENTRANCE,ANGLE,STRAIGHT & LEVEL,DAYLIGHT,,,5/27/2020 8:40:28 AM,False,2218,Accepted,
26740743,0568000,LOUISVILLE METRO POLICE DEPT,Accepted,JEFFERSON,US0150,,DR W J HODGE,ST,,US0150T,MARKET,,,,,38.258371913,-85.784901881,0.840,5/26/2020 12:00:00 AM,1500,4,4,0,0,CLOUDY,DRY,False,ANGLE COLLISION - OTHER,ANGLE,STRAIGHT & LEVEL,DAYLIGHT,,,5/27/2020 8:40:33 AM,False,7988,Accepted,
26761236,0568000,LOUISVILLE METRO POLICE DEPT,Accepted,JEFFERSON,,,BURNETT,AVE,E,,MERIWETHER,,,,,38.225941164,-85.748883246,0.434,5/26/2020 12:00:00 AM,0507,1,1,0,0,CLEAR,DRY,True,COLLISION WITH FIXED OBJECT IN INTERSECTION - FIRST EVENT COLLISION 09 - 32,SINGLE VEHICLE,STRAIGHT & LEVEL,DAWN,,,6/2/2020 8:09:21 AM,False,5196,Accepted,
26740750,0568000,LOUISVILLE METRO POLICE DEPT,Accepted,JEFFERSON,,,MAGAZINE,ST,,US0031W,22ND,,,,,38.250891925,-85.787878008,1.136,5/26/2020 12:00:00 AM,1452,2,2,0,0,CLEAR,DRY,False,ANGLE COLLISION - OTHER,ANGLE,STRAIGHT & LEVEL,DAYLIGHT,,,5/27/2020 8:41:25 AM,False,7805,Accepted,
26740775,0568000,LOUISVILLE METRO POLICE DEPT,Accepted,JEFFERSON,,1516,ARLING,AVE,,,,,,,,38.173713639,-85.785246989,0.170,5/26/2020 12:00:00 AM,2030,3,3,0,5,CLEAR,DRY,False,VEHICLE BACKING NON INTERSECTION,BACKING,STRAIGHT & HILLCREST,DAYLIGHT,,,5/27/2020 8:43:01 AM,False,7040,Accepted,
26774307,0568000,LOUISVILLE METRO POLICE DEPT,Accepted,JEFFERSON,KY1727,,TERRY,RD,,,MANSE,,,,,38.128701561,-85.874387339,0.478,5/26/2020 12:00:00 AM,1653,3,3,0,0,RAINING,SNOW/SLUSH,False,OTHER INTERSECTION COLLISIONS,REAR END,STRAIGHT & LEVEL,DAYLIGHT,,,6/5/2020 3:53:36 PM,False,2311,Accepted,
26745416,0568000,LOUISVILLE METRO POLICE DEPT,Accepted,JEFFERSON,,,JEFFERSON,ST,E,,BROOK,,,,,38.253150105,-85.750375474,0.957,5/26/2020 12:00:00 AM,2227,2,2,0,0,CLEAR,DRY,False,ANGLE COLLISION - OTHER,ANGLE,STRAIGHT & LEVEL,DARK-HWY LIGHTED/ON,,,5/28/2020 9:14:32 AM,False,2404,Accepted,
27349562,0568000,LOUISVILLE METRO POLICE DEPT,Accepted,JEFFERSON,KY1865,,NEW CUT,RD,,,,,,,,38.149447721,-85.776110337,2.918,5/26/2020 12:00:00 AM,1710,2,2,0,2,CLEAR,WET,False,1 VEHICLE ENTERING/LEAVING ENTRANCE,ANGLE,STRAIGHT & LEVEL,DAYLIGHT,,,10/19/2020 9:03:57 AM,False,7053,Accepted,
26934483,0568000,LOUISVILLE METRO POLICE DEPT,Accepted,JEFFERSON,KY1631,,CRITTENDEN,DR,,,,,,,,38.205261000,-85.750808403,1.195,5/26/2020 12:00:00 AM,2039,2,2,0,1,CLEAR,DRY,False,1 VEHICLE ENTERING/LEAVING ENTRANCE,ANGLE,STRAIGHT & LEVEL,DUSK,,,7/15/2020 8:55:20 AM,False,5252,Accepted,
26870789,0568000,LOUISVILLE METRO POLICE DEPT,Accepted,JEFFERSON,,,ARNOLDTOWN,RD,,KY1931,ST ANDREWS CHURCH,,,,,38.149538251,-85.824084133,,5/26/2020 12:00:00 AM,1643,2,2,0,0,RAINING,WET,False,OTHER INTERSECTION COLLISIONS,REAR END,STRAIGHT & LEVEL,DAYLIGHT,,,6/29/2020 9:35:34 AM,False,7817,Accepted,