IncidentID,AgencyORI,AgencyName,IncidentStatusDesc,County,RdwyNumber,Street,RoadwayName,StreetSfx,StreetDir,IntersectionRdwy,IntersectionRdwyName,BetweenStRdwy1,BetweenStRdwyName1,BetweenStRdwy2,BetweenStRdwyName2,Latitude,Longitude,Milepoint,CollisionDate,CollisionTime,UnitsInvolved,MotorVehiclesInvolved,NumberKilled,NumberInjured,Weather,RdwyConditionCode,HitandRun,DirAnalysisCode,MannerofCollision,RdwyCharacter,LightCondition,RampFromRdwyId,RampToRdwyId,AcceptedDate,IsSecondaryCollision,OwnerBadge,IncidentStatus,
26861951,0568000,LOUISVILLE METRO POLICE DEPT,Accepted,JEFFERSON,,,FARNSLEY,RD,,KY1934,CANE RUN,,,,,38.202315733,-85.833501605,1.625,5/25/2020 12:00:00 AM,1447,2,2,0,1,CLEAR,DRY,False,ANGLE COLLISION - OTHER,ANGLE,STRAIGHT & LEVEL,DAYLIGHT,,,6/26/2020 8:24:59 AM,False,5208,Accepted,
27036898,0568000,LOUISVILLE METRO POLICE DEPT,Accepted,JEFFERSON,,1055,GRADE,LN,,,,,,,,38.171755440,-85.721125208,0.626,5/25/2020 12:00:00 AM,2301,2,2,0,0,CLEAR,WET,False,OTHER ROADWAY OR MID-BLOCK COLLISION,REAR END,STRAIGHT & LEVEL,DARK-HWY LIGHTED/ON,,,8/4/2020 10:30:11 AM,False,5189,Accepted,
26749951,0568000,LOUISVILLE METRO POLICE DEPT,Accepted,JEFFERSON,,,SHELBY,ST,S,,MADISON,,,,,38.247983294,-85.738901162,0.384,5/25/2020 12:00:00 AM,0218,1,1,0,0,CLEAR,DRY,False,OTHER INTERSECTION COLLISIONS,SINGLE VEHICLE,CURVE & LEVEL,DARK-HWY LIGHTED/ON,,,5/29/2020 8:17:48 AM,False,5122,Accepted,
26735930,0568000,LOUISVILLE METRO POLICE DEPT,Accepted,JEFFERSON,,,OLD OUTER,LOOP,,,BRIARCLIFF,,,,,38.135589000,-85.697322240,0.260,5/25/2020 12:00:00 AM,2057,2,2,0,0,CLOUDY,DRY,False,ANGLE COLLISION - OTHER,ANGLE,STRAIGHT & LEVEL,DAYLIGHT,,,5/26/2020 9:10:06 AM,False,7735,Accepted,
26735938,0568000,LOUISVILLE METRO POLICE DEPT,Accepted,JEFFERSON,I 0065,,I65 N,,,,,,,,,38.161996256,-85.720532467,128.612,5/25/2020 12:00:00 AM,1754,2,2,0,1,RAINING,WET,False,SIDESWIPE COLLISION - SAME DIRECTION,SIDESWIPE-SAME DIRECTION,CURVE & LEVEL,DAYLIGHT,,,5/26/2020 9:10:33 AM,False,7830,Accepted,
26740736,0568000,LOUISVILLE METRO POLICE DEPT,Accepted,JEFFERSON,,,7TH,ST,S,,OAK,,,,,38.235461435,-85.765135085,1.255,5/25/2020 12:00:00 AM,1325,2,2,0,0,CLEAR,DRY,False,ANGLE COLLISION - OTHER,ANGLE,STRAIGHT & LEVEL,DAYLIGHT,,,5/27/2020 8:40:09 AM,False,7132,Accepted,
26740733,0568000,LOUISVILLE METRO POLICE DEPT,Accepted,JEFFERSON,I 0065,,I65 S,,,,,,,,,38.165820287,-85.720990813,128.874,5/25/2020 12:00:00 AM,1726,1,1,0,0,RAINING,WET,False,OTHER ROADWAY OR MID-BLOCK COLLISION,SINGLE VEHICLE,CURVE & LEVEL,DAYLIGHT,,,5/27/2020 8:40:01 AM,False,8278,Accepted,
26735921,0568000,LOUISVILLE METRO POLICE DEPT,Accepted,JEFFERSON,,4551,2ND,ST,S,,,,,,,38.186352762,-85.763679295,1.234,5/25/2020 12:00:00 AM,1257,2,2,0,0,CLEAR,DRY,False,1 VEHICLE PARKED POSITION (NOT PARKING LOT/DRIVEWAY),REAR END,STRAIGHT & LEVEL,DAYLIGHT,,,5/26/2020 9:09:28 AM,False,7301,Accepted,
26735928,0568000,LOUISVILLE METRO POLICE DEPT,Accepted,JEFFERSON,I 0264,,I264 W,,,I 0264,I264 W EXIT4 OFF RAMP TO KY2056,,,,,38.212506947,-85.823863858,4.747,5/25/2020 12:00:00 AM,1745,2,2,0,0,RAINING,WATER (STANDING OR MOVING),False,OTHER INTERSECTION COLLISIONS,REAR END,CURVE & LEVEL,DAYLIGHT,,,5/26/2020 9:09:58 AM,False,7381,Accepted,
26740737,0568000,LOUISVILLE METRO POLICE DEPT,Accepted,JEFFERSON,I 0065,,I65 S,,,,,,,,,38.164941612,-85.720930444,128.813,5/25/2020 12:00:00 AM,1726,2,2,0,1,RAINING,WET,False,1 VEHICLE PARKED POSITION (NOT PARKING LOT/DRIVEWAY),ANGLE,CURVE & LEVEL,DAYLIGHT,,,5/27/2020 8:40:12 AM,False,8278,Accepted,
26749922,0568000,LOUISVILLE METRO POLICE DEPT,Accepted,JEFFERSON,I 0265,,I265 W,,,,,,,,,38.112111800,-85.670575827,12.000,5/25/2020 12:00:00 AM,1751,1,1,0,1,RAINING,WET,False,OTHER COLLISIONS ON SHOULDER,SINGLE VEHICLE,STRAIGHT & LEVEL,DAYLIGHT,,,5/29/2020 8:16:33 AM,False,2142,Accepted,
26735936,0568000,LOUISVILLE METRO POLICE DEPT,Accepted,JEFFERSON,,,26TH,ST,S,,GREENWOOD,,,,,38.241809772,-85.795757782,1.311,5/25/2020 12:00:00 AM,1942,2,2,0,2,CLEAR,DRY,True,ANGLE COLLISION - ONE VEHICLE TURNING RIGHT,ANGLE,STRAIGHT & GRADE,DAYLIGHT,,,5/26/2020 9:10:26 AM,False,5261,Accepted,
26736258,0560600,WEST BUECHEL POLICE DEPT.,Accepted,JEFFERSON,,2020,BASHFORD MANOR,LN,,,,,,,,38.200394098,-85.669453371,0.322,5/25/2020 12:00:00 AM,1230,2,2,0,0,CLEAR,DRY,False,1 VEHICLE PARKED POSITION (NOT PARKING LOT/DRIVEWAY),ANGLE,STRAIGHT & LEVEL,DAYLIGHT,,,5/26/2020 10:02:57 AM,False,1272,Accepted,
26740762,0568000,LOUISVILLE METRO POLICE DEPT,Accepted,JEFFERSON,US0060A,,EASTERN,PKWY,,KY1703,BAXTER,,,,,38.228926727,-85.715174079,6.436,5/25/2020 12:00:00 AM,1920,1,1,0,0,OTHER,WET,False,COLLISION WITH FIXED OBJECT IN INTERSECTION - FIRST EVENT COLLISION 09 - 32,SINGLE VEHICLE,CURVE & GRADE,DUSK,,,5/27/2020 8:42:03 AM,False,7916,Accepted,
26735924,0568000,LOUISVILLE METRO POLICE DEPT,Accepted,JEFFERSON,US0150,,BROADWAY,,W,,18TH,,,,,38.249056037,-85.782236557,1.077,5/25/2020 12:00:00 AM,1457,2,2,0,1,CLOUDY,DRY,False,REAR END - ONE VEHICLE TURNING RIGHT,REAR END,STRAIGHT & LEVEL,DAYLIGHT,,,5/26/2020 9:09:42 AM,False,7805,Accepted,
26740772,0568000,LOUISVILLE METRO POLICE DEPT,Accepted,JEFFERSON,,,23RD,ST,S,,HALE,,,,,38.238628831,-85.792500236,1.069,5/25/2020 12:00:00 AM,2006,2,2,0,1,CLEAR,DRY,False,ANGLE COLLISION - OTHER,ANGLE,STRAIGHT & LEVEL,DAYLIGHT,,,5/27/2020 8:42:52 AM,False,5256,Accepted,
26735919,0568000,LOUISVILLE METRO POLICE DEPT,Accepted,JEFFERSON,KY0061,,PRESTON,HWY,,,,,,,,38.105125585,-85.673262988,1.528,5/25/2020 12:00:00 AM,1500,2,2,0,0,CLEAR,DRY,False,REAR END IN TRAFFIC LANES BOTH VEHICLES MOVING,REAR END,STRAIGHT & LEVEL,DAYLIGHT,,,5/26/2020 9:09:23 AM,False,7955,Accepted,
26735925,0568000,LOUISVILLE METRO POLICE DEPT,Accepted,JEFFERSON,,,BLOOM,ST,W,,4TH,,,,,38.222027186,-85.762617380,0.179,5/25/2020 12:00:00 AM,1255,2,2,0,0,CLEAR,DRY,False,ANGLE COLLISION - OTHER,ANGLE,STRAIGHT & LEVEL,DAYLIGHT,,,5/26/2020 9:09:46 AM,False,7407,Accepted,
26735926,0568000,LOUISVILLE METRO POLICE DEPT,Accepted,JEFFERSON,I 0264,.2,I264 E,,,,,,,,,38.273111259,-85.808959038,0.267,5/25/2020 12:00:00 AM,1656,1,1,0,0,RAINING,WET,False,OTHER COLLISIONS ON SHOULDER,SINGLE VEHICLE,CURVE & GRADE,DAYLIGHT,,,5/26/2020 9:09:50 AM,False,5000,Accepted,
26735927,0568000,LOUISVILLE METRO POLICE DEPT,Accepted,JEFFERSON,I 0264,,I264 W,,,,,,,,,38.218529917,-85.822320670,4.314,5/25/2020 12:00:00 AM,1709,4,4,0,3,RAINING,WET,False,REAR END IN TRAFFIC LANES BOTH VEHICLES MOVING,REAR END,STRAIGHT & LEVEL,DAYLIGHT,,,5/26/2020 9:09:53 AM,False,7346,Accepted,
26732038,0568000,LOUISVILLE METRO POLICE DEPT,Accepted,JEFFERSON,,,27TH,ST,S,,BROADWAY,,,,,38.249594066,-85.796484434,0.456,5/24/2020 12:00:00 AM,1920,2,2,0,1,CLEAR,DRY,False,ANGLE COLLISION - OTHER,ANGLE,STRAIGHT & LEVEL,DAYLIGHT,,,5/25/2020 9:01:18 AM,False,5162,Accepted,
26732039,0568000,LOUISVILLE METRO POLICE DEPT,Accepted,JEFFERSON,,,26TH,ST,S,,BROADWAY,,,,,38.249572184,-85.794880465,0.773,5/24/2020 12:00:00 AM,2339,2,2,0,0,CLEAR,DRY,False,ANGLE COLLISION - OTHER,ANGLE,STRAIGHT & LEVEL,DARK-HWY LIGHTED/ON,,,5/25/2020 9:01:22 AM,False,5162,Accepted,
26732041,0568000,LOUISVILLE METRO POLICE DEPT,Accepted,JEFFERSON,I 0264,,I264 E,,,,,,,,,38.216643737,-85.660525528,16.367,5/24/2020 12:00:00 AM,0601,1,1,0,1,CLEAR,DRY,False,COLLISION WITH FIXED OBJECT NON - INTERSECTION - FIRST EVENT COLLISION 09 - 32 EXCLUDING 16,SINGLE VEHICLE,STRAIGHT & LEVEL,DAWN,,,5/25/2020 9:01:32 AM,False,5152,Accepted,
26732024,0568000,LOUISVILLE METRO POLICE DEPT,Accepted,JEFFERSON,KY1020,,SOUTHERN,PKWY,,,KENTON,,,,,38.198146762,-85.766881160,8.954,5/24/2020 12:00:00 AM,1400,3,3,0,0,CLEAR,DRY,False,ANGLE COLLISION - OTHER,ANGLE,STRAIGHT & LEVEL,DAYLIGHT,,,5/25/2020 8:59:51 AM,False,7207,Accepted,
26732025,0568000,LOUISVILLE METRO POLICE DEPT,Accepted,JEFFERSON,US0031E,,BARDSTOWN,RD,,,,,GOLDSMITH,,BELMONT,38.207241988,-85.668164571,11.690,5/24/2020 12:00:00 AM,1442,2,2,0,0,CLEAR,DRY,False,1 VEHICLE ENTERING/LEAVING ENTRANCE,ANGLE,STRAIGHT & LEVEL,DAWN,,,5/25/2020 8:59:55 AM,False,7250,Accepted,
26732022,0568000,LOUISVILLE METRO POLICE DEPT,Accepted,JEFFERSON,US0060,,SHELBYVILLE,RD,,,,,SHELBY STATION,,BECKLEY STATION,38.239024823,-85.489138309,12.848,5/24/2020 12:00:00 AM,1232,3,3,0,0,CLOUDY,DRY,False,OTHER ROADWAY OR MID-BLOCK COLLISION,REAR END,STRAIGHT & LEVEL,DAYLIGHT,,,5/25/2020 8:59:44 AM,False,7751,Accepted,
26732023,0568000,LOUISVILLE METRO POLICE DEPT,Accepted,JEFFERSON,KY1931,,MANSLICK,RD,,KY1142,PALATKA,,,,,38.155399300,-85.801942178,5.486,5/24/2020 12:00:00 AM,1527,2,2,0,0,CLEAR,DRY,False,ANGLE COLLISION - OTHER,ANGLE,STRAIGHT & LEVEL,DAYLIGHT,,,5/25/2020 8:59:48 AM,False,7177,Accepted,
26732030,0568000,LOUISVILLE METRO POLICE DEPT,Accepted,JEFFERSON,KY1865,,TAYLOR,BLVD,,,BEECHER,,,,,38.191642085,-85.783286065,5.876,5/24/2020 12:00:00 AM,1734,2,2,0,1,CLEAR,DRY,True,REAR END - ONE VEHICLE TURNING RIGHT,REAR END,STRAIGHT & LEVEL,DAYLIGHT,,,5/25/2020 9:00:12 AM,False,7468,Accepted,
26732033,0568000,LOUISVILLE METRO POLICE DEPT,Accepted,JEFFERSON,,,26TH,ST,S,,BROADWAY,,,,,38.249495851,-85.795084861,0.772,5/24/2020 12:00:00 AM,1330,2,2,0,1,CLEAR,DRY,False,ANGLE COLLISION - OTHER,ANGLE,STRAIGHT & LEVEL,DAYLIGHT,,,5/25/2020 9:00:23 AM,False,7387,Accepted,
26732016,0568000,LOUISVILLE METRO POLICE DEPT,Accepted,JEFFERSON,,,JEANINE,DR,,,GLEN VALLEY,,,,,38.160661882,-85.688337928,0.207,5/24/2020 12:00:00 AM,1504,2,2,0,0,CLEAR,DRY,False,ANGLE COLLISION - OTHER,ANGLE,STRAIGHT & LEVEL,DAYLIGHT,,,5/25/2020 8:59:26 AM,False,2796,Accepted,
26732003,0568000,LOUISVILLE METRO POLICE DEPT,Accepted,JEFFERSON,,,FOREMAN,LN,,,,,,,,38.128743078,-85.685888170,0.869,5/24/2020 12:00:00 AM,0150,2,2,0,0,CLOUDY,WET,False,SIDESWIPE COLLISION - OPPOSITE DIRECTION,SIDESWIPE-OPPOSITE DIRECTION,CURVE & LEVEL,DARK-HWY LIGHTED/ON,,,5/25/2020 8:58:43 AM,False,7074,Accepted,
26732017,0568000,LOUISVILLE METRO POLICE DEPT,Accepted,JEFFERSON,,,EMERY,AVE,,,KENWOOD,,,,,38.161621551,-85.778010603,0.002,5/24/2020 12:00:00 AM,1351,2,2,0,0,CLEAR,DRY,False,ANGLE COLLISION - OTHER,ANGLE,STRAIGHT & LEVEL,DAYLIGHT,,,5/25/2020 8:59:31 AM,False,7768,Accepted,
26732020,0568000,LOUISVILLE METRO POLICE DEPT,Accepted,JEFFERSON,KY0061,,PRESTON,HWY,,,PIGEON PASS,,,,,38.175941390,-85.714082202,6.988,5/24/2020 12:00:00 AM,1537,2,2,0,1,CLEAR,DRY,False,ANGLE COLLISION - OTHER,ANGLE,STRAIGHT & GRADE,DAYLIGHT,,,5/25/2020 8:59:38 AM,False,5130,Accepted,
26732021,0568000,LOUISVILLE METRO POLICE DEPT,Accepted,JEFFERSON,,,BRADLEY,AVE,,US0060A,EASTERN,,,,,38.212568133,-85.746996654,0.462,5/24/2020 12:00:00 AM,0105,1,1,0,2,CLEAR,DRY,False,OTHER INTERSECTION COLLISIONS,SINGLE VEHICLE,CURVE & LEVEL,DARK-HWY LIGHTED/ON,,,5/25/2020 8:59:41 AM,False,5249,Accepted,
26732028,0568000,LOUISVILLE METRO POLICE DEPT,Accepted,JEFFERSON,,,PARK,RD,S,,,,OLD SOUTH PARK,,LAMPTON,38.117607483,-85.697931130,1.176,5/24/2020 12:00:00 AM,1738,2,2,0,0,CLEAR,DRY,False,REAR END IN TRAFFIC LANES BOTH VEHICLES MOVING,REAR END,CURVE & LEVEL,DAYLIGHT,,,5/25/2020 9:00:05 AM,False,2324,Accepted,
26732029,0568000,LOUISVILLE METRO POLICE DEPT,Accepted,JEFFERSON,KY1931,,GREENWOOD,RD,,,,,,,,38.147067064,-85.886751221,0.515,5/24/2020 12:00:00 AM,1616,2,2,0,0,CLEAR,DRY,False,1 VEHICLE ENTERING/LEAVING ENTRANCE,ANGLE,STRAIGHT & LEVEL,DAYLIGHT,,,5/25/2020 9:00:08 AM,False,7841,Accepted,
26758519,0568000,LOUISVILLE METRO POLICE DEPT,Accepted,JEFFERSON,,,GRANADA,DR,,,SEVILLE,,,,,38.113169004,-85.852635034,0.304,5/24/2020 12:00:00 AM,0451,2,2,0,2,FOG,DRY,False,ANGLE COLLISION - OTHER,ANGLE,STRAIGHT & LEVEL,DAYLIGHT,,,6/1/2020 12:54:49 PM,False,7628,Accepted,
26732026,0568000,LOUISVILLE METRO POLICE DEPT,Accepted,JEFFERSON,,,NORRIS,PL,,,DEERWOOD,,,,,38.226942513,-85.708401463,0.391,5/24/2020 12:00:00 AM,1810,2,2,0,0,CLEAR,DRY,False,OPPOSING LEFT TURN,OPPOSING LEFT TURN,STRAIGHT & LEVEL,DAYLIGHT,,,5/25/2020 8:59:58 AM,False,2100,Accepted,
26732027,0568000,LOUISVILLE METRO POLICE DEPT,Accepted,JEFFERSON,US0060,,FRANKFORT,AVE,,,BIRCHWOOD,,,,,38.254754173,-85.690803136,1.595,5/24/2020 12:00:00 AM,1801,2,2,0,1,CLEAR,DRY,False,COLLISION WITH PARKED VEHICLE,ANGLE,STRAIGHT & LEVEL,DAYLIGHT,,,5/25/2020 9:00:01 AM,False,7281,Accepted,
26732034,0568000,LOUISVILLE METRO POLICE DEPT,Accepted,JEFFERSON,US0150,,BROADWAY,,W,,15TH,,,,,38.248203356,-85.776612531,1.377,5/24/2020 12:00:00 AM,2225,2,2,0,0,CLEAR,DRY,False,OTHER INTERSECTION COLLISIONS,REAR END,STRAIGHT & LEVEL,DARK-HWY LIGHTED/ON,,,5/25/2020 9:00:27 AM,False,7417,Accepted,
26732035,0568000,LOUISVILLE METRO POLICE DEPT,Accepted,JEFFERSON,I 0265,,I265 N,,,,,I 0265,I265 N EXIT27 OFF RAMP TO US60,I 0265,I265 N EXIT27 ON RAMP FROM US60,38.243395669,-85.503561956,26.910,5/24/2020 12:00:00 AM,2300,1,1,0,0,CLEAR,DRY,False,OTHER ROADWAY OR MID-BLOCK COLLISION,SINGLE VEHICLE,STRAIGHT & LEVEL,DARK-HWY LIGHTED/ON,,,5/25/2020 9:00:32 AM,False,2013,Accepted,
26732011,0568000,LOUISVILLE METRO POLICE DEPT,Accepted,JEFFERSON,,,DIXIE,HWY,,,OAK,,,,,38.237337808,-85.786861242,0.832,5/24/2020 12:00:00 AM,0041,2,2,0,0,RAINING,WET,True,ANGLE COLLISION - OTHER,ANGLE,STRAIGHT & LEVEL,DARK-HWY LIGHTED/ON,,,5/25/2020 8:59:04 AM,False,5140,Accepted,
26732012,0568000,LOUISVILLE METRO POLICE DEPT,Accepted,JEFFERSON,KY1865,,NEW CUT,RD,,,OLD NEW CUT,,,,,38.117618844,-85.775369869,0.610,5/24/2020 12:00:00 AM,0101,2,2,0,1,CLEAR,DRY,False,HEAD-ON COLLISION,HEAD ON,STRAIGHT & LEVEL,DARK-HWY LIGHTED/ON,,,5/25/2020 8:59:11 AM,False,5263,Accepted,
26732037,0568000,LOUISVILLE METRO POLICE DEPT,Accepted,JEFFERSON,I 0265,,I265 N,,,I 0265,I265 N EXIT27 ON RAMP FROM US60,,,,,38.243225818,-85.503529306,26.899,5/24/2020 12:00:00 AM,2350,1,1,0,0,CLEAR,DRY,False,OTHER INTERSECTION COLLISIONS,SINGLE VEHICLE,STRAIGHT & HILLCREST,DARK-HWY LIGHTED/ON,,,5/25/2020 9:01:01 AM,False,7012,Accepted,
26745396,0568000,LOUISVILLE METRO POLICE DEPT,Accepted,JEFFERSON,US0031W,,DIXIE,HWY,,,MEYERS,,,,,38.165057824,-85.830373894,13.076,5/24/2020 12:00:00 AM,0603,2,2,0,1,CLEAR,DRY,False,OTHER INTERSECTION COLLISIONS,REAR END,STRAIGHT & LEVEL,DAWN,,,5/28/2020 9:13:23 AM,False,5170,Accepted,
26774329,0568000,LOUISVILLE METRO POLICE DEPT,Accepted,JEFFERSON,KY1865,,TAYLOR,BLVD,,,BEECHER,,,,,38.191681537,-85.783273378,5.876,5/24/2020 12:00:00 AM,2336,2,2,0,0,CLOUDY,DRY,True,ANGLE COLLISION - OTHER,ANGLE,STRAIGHT & LEVEL,DARK-HWY LIGHTED/ON,,,6/5/2020 3:55:06 PM,False,7426,Accepted,
26745391,0568000,LOUISVILLE METRO POLICE DEPT,Accepted,JEFFERSON,US0060,16921,SHELBYVILLE,RD,,,,,,,,38.237084752,-85.436049760,15.881,5/24/2020 12:00:00 AM,1930,2,2,0,1,CLEAR,DRY,False,1 VEHICLE ENTERING/LEAVING ENTRANCE,ANGLE,STRAIGHT & GRADE,DAYLIGHT,,,5/28/2020 9:13:05 AM,True,6532,Accepted,
28118386,0568000,LOUISVILLE METRO POLICE DEPT,Accepted,JEFFERSON,I 0264,,I264 E,,,,,,,,,38.272050068,-85.808619821,0.342,5/24/2020 12:00:00 AM,1815,1,1,0,1,CLEAR,DRY,False,COLLISION WITH NON-FIXED OBJECT ,SINGLE VEHICLE,CURVE & LEVEL,DUSK,,,5/11/2021 3:11:34 PM,False,7469,Accepted,
27103662,0568000,LOUISVILLE METRO POLICE DEPT,Accepted,JEFFERSON,,7501,PIMLICO,DR,,,,,,,,38.151061890,-85.806872594,0.004,5/23/2020 12:00:00 AM,2344,4,4,0,0,CLEAR,DRY,True,1 VEHICLE PARKED POSITION (NOT PARKING LOT/DRIVEWAY),HEAD ON,STRAIGHT & LEVEL,DARK-HWY LIGHTED/ON,,,8/20/2020 8:06:38 AM,False,7444,Accepted,
26934488,0568000,LOUISVILLE METRO POLICE DEPT,Accepted,JEFFERSON,,,THORNBERRY,AVE,,US0060A,TAYLOR,,,,,38.203949198,-85.779189172,0.198,5/23/2020 12:00:00 AM,2109,2,2,0,0,CLEAR,WET,False,OTHER INTERSECTION COLLISIONS,REAR END,STRAIGHT & LEVEL,DARK-HWY LIGHTED/ON,,,7/15/2020 8:55:40 AM,False,7462,Accepted,
26745405,0568000,LOUISVILLE METRO POLICE DEPT,Accepted,JEFFERSON,US0150,,BROADWAY,,W,,,,10TH,,11TH,38.247212304,-85.769418498,1.771,5/23/2020 12:00:00 AM,1755,2,2,0,4,RAINING,WET,False,REAR END IN TRAFFIC LANES BOTH VEHICLES MOVING,REAR END,STRAIGHT & LEVEL,DAYLIGHT,,,5/28/2020 9:14:03 AM,False,2854,Accepted,
26740776,0568000,LOUISVILLE METRO POLICE DEPT,Accepted,JEFFERSON,US0150,2130,BROADWAY,,W,,,,,,,38.249163754,-85.786482978,0.827,5/23/2020 12:00:00 AM,1323,1,1,0,0,CLEAR,DRY,True,OTHER ROADWAY OR MID-BLOCK COLLISION,SINGLE VEHICLE,STRAIGHT & LEVEL,DAYLIGHT,,,5/27/2020 8:43:06 AM,False,7241,Accepted,
26745404,0568000,LOUISVILLE METRO POLICE DEPT,Accepted,JEFFERSON,KY1020,,2ND,ST,S,,,,LIBERTY,,JEFFERSON,38.253394990,-85.753723053,12.621,5/23/2020 12:00:00 AM,1406,1,1,0,1,CLOUDY,DRY,False,OTHER ROADWAY OR MID-BLOCK COLLISION,SINGLE VEHICLE,STRAIGHT & LEVEL,DAYLIGHT,,,5/28/2020 9:13:57 AM,False,2854,Accepted,
26749920,0568000,LOUISVILLE METRO POLICE DEPT,Accepted,JEFFERSON,KY1934,,CANE RUN,RD,,,HARTLAGE,,,,,38.200365300,-85.835846472,9.293,5/23/2020 12:00:00 AM,1730,2,2,0,0,CLEAR,DRY,True,ANGLE COLLISION - OTHER,ANGLE,STRAIGHT & LEVEL,DAYLIGHT,,,5/29/2020 8:16:26 AM,False,7467,Accepted,
26731987,0568000,LOUISVILLE METRO POLICE DEPT,Accepted,JEFFERSON,KY0864,,POPLAR LEVEL,RD,,,POPLAR LEVEL,,,,,38.164092600,-85.679305331,8.618,5/23/2020 12:00:00 AM,1622,2,2,0,1,CLEAR,DRY,False,ANGLE COLLISION - OTHER,ANGLE,STRAIGHT & GRADE,DAYLIGHT,,,5/25/2020 8:57:51 AM,False,5130,Accepted,
26736539,0561500,UNIV. OF LOUISVILLE POLICE,Accepted,JEFFERSON,KY1020,,3RD,ST,S,,CARDINAL,,,,,38.220611352,-85.761206364,10.314,5/23/2020 12:00:00 AM,0251,2,2,0,0,CLEAR,DRY,False,ANGLE COLLISION - OTHER,ANGLE,STRAIGHT & LEVEL,DARK-HWY LIGHTED/ON,,,5/26/2020 10:40:46 AM,False,5702,Accepted,
26732036,0568000,LOUISVILLE METRO POLICE DEPT,Accepted,JEFFERSON,KY1934,,CANE RUN,RD,,KY2049,CRUMS,,,,,38.199324211,-85.837439843,9.190,5/23/2020 12:00:00 AM,2149,2,2,0,2,CLEAR,DRY,False,ANGLE COLLISION - ONE VEHICLE TURNING RIGHT,ANGLE,STRAIGHT & LEVEL,DARK-HWY LIGHTED/ON,,,5/25/2020 9:00:36 AM,False,5292,Accepted,
26731995,0568000,LOUISVILLE METRO POLICE DEPT,Accepted,JEFFERSON,,4503,PARK,RD,S,,,,,,,38.117942516,-85.678098176,0.047,5/23/2020 12:00:00 AM,1936,1,1,0,0,CLOUDY,WET,False,COLLISION WITH FIXED OBJECT NON - INTERSECTION - FIRST EVENT COLLISION 09 - 32 EXCLUDING 16,SINGLE VEHICLE,STRAIGHT & LEVEL,DAYLIGHT,,,5/25/2020 8:58:17 AM,False,7074,Accepted,
26731996,0568000,LOUISVILLE METRO POLICE DEPT,Accepted,JEFFERSON,US0042,,STORY,AVE,,,ADAMS,,,,,38.257316702,-85.724947391,0.454,5/23/2020 12:00:00 AM,1518,2,2,0,0,CLOUDY,DRY,False,ANGLE COLLISION - OTHER,ANGLE,STRAIGHT & LEVEL,DAYLIGHT,,,5/25/2020 8:58:20 AM,False,7058,Accepted,
26732004,0568000,LOUISVILLE METRO POLICE DEPT,Accepted,JEFFERSON,,,30TH,ST,S,,MADISON,,,,,38.254857649,-85.800718308,0.456,5/23/2020 12:00:00 AM,2154,2,2,0,5,RAINING,WET,False,ANGLE COLLISION - OTHER,ANGLE,STRAIGHT & LEVEL,DARK-HWY LIGHTED/ON,,,5/25/2020 8:58:46 AM,False,7417,Accepted,
26732009,0568000,LOUISVILLE METRO POLICE DEPT,Accepted,JEFFERSON,,,20TH,ST,S,US0150,BROADWAY,,,,,38.249216132,-85.785607376,0.725,5/23/2020 12:00:00 AM,2130,2,2,0,0,CLOUDY,WET,False,ANGLE COLLISION - OTHER,ANGLE,STRAIGHT & LEVEL,DARK-HWY LIGHTED/ON,,,5/25/2020 8:58:57 AM,False,5162,Accepted,
26732010,0568000,LOUISVILLE METRO POLICE DEPT,Accepted,JEFFERSON,I 0264,,I264 W,,,I 0264,I264 W EXIT15A OFF RAMP TO KY1703 N,,,,,38.203121940,-85.685225850,14.727,5/23/2020 12:00:00 AM,1907,2,2,0,0,RAINING,WATER (STANDING OR MOVING),False,OTHER INTERSECTION COLLISIONS,REAR END,CURVE & LEVEL,DAYLIGHT,,,5/25/2020 8:59:01 AM,False,7101,Accepted,
26731986,0568000,LOUISVILLE METRO POLICE DEPT,Accepted,JEFFERSON,,5121,ANTLE,DR,,,,,,,,38.088398632,-85.661938220,0.470,5/23/2020 12:00:00 AM,1257,1,1,0,0,CLEAR,DRY,False,COLLISION WITH FIXED OBJECT NON - INTERSECTION - FIRST EVENT COLLISION 09 - 32 EXCLUDING 16,SINGLE VEHICLE,STRAIGHT & LEVEL,DAYLIGHT,,,5/25/2020 8:57:47 AM,False,7799,Accepted,
26731992,0568000,LOUISVILLE METRO POLICE DEPT,Accepted,JEFFERSON,,,7TH,ST,S,,HILL,,,,,38.226729063,-85.769043376,0.655,5/23/2020 12:00:00 AM,1720,2,2,0,0,CLOUDY,WET,True,SIDESWIPE-SAME DIRECTION,SIDESWIPE-SAME DIRECTION,CURVE & LEVEL,DAYLIGHT,,,5/25/2020 8:58:06 AM,False,5253,Accepted,
26731993,0568000,LOUISVILLE METRO POLICE DEPT,Accepted,JEFFERSON,KY1865,,NEW CUT,RD,,,SOUTHERN,,,,,38.169807870,-85.781169374,4.339,5/23/2020 12:00:00 AM,1745,2,2,0,0,CLOUDY,WET,False,SIDESWIPE-SAME DIRECTION,SIDESWIPE-SAME DIRECTION,STRAIGHT & LEVEL,DAYLIGHT,,,5/25/2020 8:58:10 AM,False,7340,Accepted,