IncidentID,AgencyORI,AgencyName,IncidentStatusDesc,County,RdwyNumber,Street,RoadwayName,StreetSfx,StreetDir,IntersectionRdwy,IntersectionRdwyName,BetweenStRdwy1,BetweenStRdwyName1,BetweenStRdwy2,BetweenStRdwyName2,Latitude,Longitude,Milepoint,CollisionDate,CollisionTime,UnitsInvolved,MotorVehiclesInvolved,NumberKilled,NumberInjured,Weather,RdwyConditionCode,HitandRun,DirAnalysisCode,MannerofCollision,RdwyCharacter,LightCondition,RampFromRdwyId,RampToRdwyId,AcceptedDate,IsSecondaryCollision,OwnerBadge,IncidentStatus,
26731994,0568000,LOUISVILLE METRO POLICE DEPT,Accepted,JEFFERSON,KY0841,,GENE SNYDER,FWY,,,,,,,,38.108340927,-85.808570860,4.129,5/23/2020 12:00:00 AM,1407,2,2,0,0,CLEAR,DRY,False,SIDESWIPE COLLISION - SAME DIRECTION,SIDESWIPE-SAME DIRECTION,STRAIGHT & LEVEL,DAYLIGHT,,,5/25/2020 8:58:13 AM,False,7373,Accepted,
26732001,0568000,LOUISVILLE METRO POLICE DEPT,Accepted,JEFFERSON,KY1447,,WESTPORT,RD,,,CREEKSIDE,,,,,38.289316072,-85.568563472,5.441,5/23/2020 12:00:00 AM,2152,2,2,0,1,RAINING,WET,False,ANGLE COLLISION - OTHER,ANGLE,STRAIGHT & LEVEL,DARK-HWY LIGHTED/ON,,,5/25/2020 8:58:36 AM,False,5004,Accepted,
26732002,0568000,LOUISVILLE METRO POLICE DEPT,Accepted,JEFFERSON,,,GARLAND,AVE,,,31ST,,,,,38.245395536,-85.803870326,2.022,5/23/2020 12:00:00 AM,1953,2,2,0,2,CLEAR,DRY,False,ANGLE COLLISION - OTHER,ANGLE,STRAIGHT & LEVEL,DAYLIGHT,,,5/25/2020 8:58:40 AM,False,5290,Accepted,
26731977,0568000,LOUISVILLE METRO POLICE DEPT,Accepted,JEFFERSON,,,ALLEY,,,,,,,,,38.226704781,-85.702985414,0.180,5/23/2020 12:00:00 AM,0337,1,1,0,0,CLEAR,DRY,False,COLLISION WITH FIXED OBJECT NON - INTERSECTION - FIRST EVENT COLLISION 09 - 32 EXCLUDING 16,SINGLE VEHICLE,STRAIGHT & LEVEL,DARK-HWY LIGHTED/ON,,,5/25/2020 8:57:13 AM,False,2976,Accepted,
26731984,0568000,LOUISVILLE METRO POLICE DEPT,Accepted,JEFFERSON,,,FERNDALE,RD,,US0031E,BARDSTOWN,,,,,38.155454592,-85.589943158,,5/23/2020 12:00:00 AM,1000,4,4,0,0,CLEAR,DRY,False,ANGLE COLLISION - OTHER,ANGLE,STRAIGHT & LEVEL,DAYLIGHT,,,5/25/2020 8:57:41 AM,False,7573,Accepted,
26732000,0568000,LOUISVILLE METRO POLICE DEPT,Accepted,JEFFERSON,,4206,ALGONQUIN,PKWY,,,,,,,,38.226342935,-85.826378126,0.226,5/23/2020 12:00:00 AM,2200,2,2,0,1,CLOUDY,WET,False,1 VEHICLE ENTERING/LEAVING ENTRANCE,ANGLE,CURVE & LEVEL,DARK-HWY LIGHTED/ON,,,5/25/2020 8:58:33 AM,False,7349,Accepted,
26732015,0568000,LOUISVILLE METRO POLICE DEPT,Accepted,JEFFERSON,,8323,ROSEBOROUGH,RD,,,,,,,,38.127541262,-85.632629042,0.345,5/23/2020 12:00:00 AM,1644,2,2,0,0,CLEAR,DRY,False,SIDESWIPE COLLISION - SAME DIRECTION,SIDESWIPE-SAME DIRECTION,STRAIGHT & LEVEL,DAYLIGHT,,,5/25/2020 8:59:22 AM,False,7812,Accepted,
26731988,0568000,LOUISVILLE METRO POLICE DEPT,Accepted,JEFFERSON,US0031W,6801,DIXIE,HWY,,,,,,,,38.151788485,-85.836794361,12.175,5/23/2020 12:00:00 AM,1706,2,2,0,0,CLOUDY,DRY,False,SIDESWIPE COLLISION - SAME DIRECTION,SIDESWIPE-SAME DIRECTION,STRAIGHT & LEVEL,DAYLIGHT,,,5/25/2020 8:57:54 AM,False,7356,Accepted,
26731989,0568000,LOUISVILLE METRO POLICE DEPT,Accepted,JEFFERSON,KY1727,,TERRY,RD,,,TATUM,,,,,38.172421458,-85.865960312,3.597,5/23/2020 12:00:00 AM,1429,2,2,0,0,CLEAR,DRY,False,OTHER INTERSECTION COLLISIONS,REAR END,STRAIGHT & LEVEL,DAYLIGHT,,,5/25/2020 8:57:58 AM,False,7485,Accepted,
26731973,0568000,LOUISVILLE METRO POLICE DEPT,Accepted,JEFFERSON,KY1020,,2ND,ST,S,,HILL,,,,,38.225675099,-85.758603914,10.692,5/23/2020 12:00:00 AM,0456,2,2,0,0,CLEAR,DRY,True,SIDESWIPE-SAME DIRECTION,SIDESWIPE-SAME DIRECTION,STRAIGHT & LEVEL,DARK-HWY LIGHTED/ON,,,5/25/2020 8:56:54 AM,False,5213,Accepted,
26731990,0568000,LOUISVILLE METRO POLICE DEPT,Accepted,JEFFERSON,KY1865,,TAYLOR,BLVD,,,ASHLAND,,,,,38.186649351,-85.783796143,5.530,5/23/2020 12:00:00 AM,1822,2,2,0,0,RAINING,WET,False,HEAD-ON COLLISION,HEAD ON,STRAIGHT & LEVEL,DAYLIGHT,,,5/25/2020 8:58:01 AM,False,7402,Accepted,
26731997,0568000,LOUISVILLE METRO POLICE DEPT,Accepted,JEFFERSON,,,15TH,ST,S,,MUHAMMAD ALI,,,,,38.253159426,-85.775693760,1.926,5/23/2020 12:00:00 AM,2021,2,2,0,0,CLEAR,DRY,False,ANGLE COLLISION - OTHER,ANGLE,STRAIGHT & LEVEL,DAYLIGHT,,,5/25/2020 8:58:23 AM,False,5047,Accepted,
26731998,0568000,LOUISVILLE METRO POLICE DEPT,Accepted,JEFFERSON,,,JEFFERSON,BLVD,,,MCCAWLEY,,,,,38.143781976,-85.674739409,0.405,5/23/2020 12:00:00 AM,1910,2,2,0,0,CLOUDY,WET,False,OTHER INTERSECTION COLLISIONS,REAR END,STRAIGHT & LEVEL,DAYLIGHT,,,5/25/2020 8:58:26 AM,False,5101,Accepted,
26731999,0568000,LOUISVILLE METRO POLICE DEPT,Accepted,JEFFERSON,I 0264,,I264 W,,,I 0264,I264 W EXIT3 OFF RAMP TO  DUMESNIL ST,,,,,38.237614072,-85.816935375,2.938,5/23/2020 12:00:00 AM,1855,2,2,0,1,CLOUDY,WET,True,SIDESWIPE-SAME DIRECTION,SIDESWIPE-SAME DIRECTION,STRAIGHT & LEVEL,DAYLIGHT,,,5/25/2020 8:58:29 AM,False,7349,Accepted,
26732005,0568000,LOUISVILLE METRO POLICE DEPT,Accepted,JEFFERSON,US0060A,,EASTERN,PKWY,,,SHERRY,,,,,38.211888152,-85.748003529,4.216,5/23/2020 12:00:00 AM,1934,2,2,0,0,CLOUDY,WET,False,ANGLE COLLISION - OTHER,ANGLE,CURVE & LEVEL,DAYLIGHT,,,5/25/2020 8:58:50 AM,False,5037,Accepted,
26732014,0568000,LOUISVILLE METRO POLICE DEPT,Accepted,JEFFERSON,KY0155,,TAYLORSVILLE,RD,,,POPE LICK,,,,,38.190812855,-85.486888610,4.874,5/23/2020 12:00:00 AM,1315,2,2,0,0,CLEAR,DRY,False,OTHER INTERSECTION COLLISIONS,REAR END,STRAIGHT & GRADE,DAYLIGHT,,,5/25/2020 8:59:18 AM,False,2321,Accepted,
26732007,0568000,LOUISVILLE METRO POLICE DEPT,Accepted,JEFFERSON,,,MUHAMMAD ALI,BLVD,W,,32ND,,,,,38.256429156,-85.804813463,2.872,5/22/2020 12:00:00 AM,1941,1,1,0,0,CLEAR,DRY,False,OTHER INTERSECTION COLLISIONS,SINGLE VEHICLE,STRAIGHT & LEVEL,DAYLIGHT,,,5/25/2020 8:58:54 AM,False,5047,Accepted,
26732042,0568000,LOUISVILLE METRO POLICE DEPT,Accepted,JEFFERSON,,,COOPER CHAPEL,RD,,KY0061,PRESTON,,,,,38.103514334,-85.672545489,0.002,5/22/2020 12:00:00 AM,1939,2,2,0,1,CLEAR,DRY,False,ANGLE COLLISION - OTHER,ANGLE,STRAIGHT & LEVEL,DAYLIGHT,,,5/25/2020 9:01:36 AM,False,5152,Accepted,
26732032,0568000,LOUISVILLE METRO POLICE DEPT,Accepted,JEFFERSON,,,NOLTEMEYER WYNDE,,,KY1065,OUTER,,,,,38.138401218,-85.680537275,0.019,5/22/2020 12:00:00 AM,1854,2,2,0,2,CLEAR,DRY,False,OPPOSING LEFT TURN,OPPOSING LEFT TURN,STRAIGHT & LEVEL,DAYLIGHT,,,5/25/2020 9:00:19 AM,False,5107,Accepted,
26732031,0568000,LOUISVILLE METRO POLICE DEPT,Accepted,JEFFERSON,US0031,,CLARK MEMORIAL,BRG,,,,,,,,38.260193987,-85.752484708,0.276,5/22/2020 12:00:00 AM,1747,3,3,0,1,CLEAR,DRY,False,REAR END IN TRAFFIC LANES BOTH VEHICLES MOVING,REAR END,STRAIGHT & GRADE,DAYLIGHT,,,5/25/2020 9:00:16 AM,False,2764,Accepted,
26722627,0568000,LOUISVILLE METRO POLICE DEPT,Accepted,JEFFERSON,,,BROOK,ST,S,,CHESTNUT,,,,,38.248293149,-85.751782551,3.038,5/22/2020 12:00:00 AM,0253,2,2,0,2,CLEAR,DRY,False,ANGLE COLLISION - OTHER,ANGLE,STRAIGHT & LEVEL,DARK-HWY LIGHTED/ON,,,5/22/2020 8:22:56 AM,False,5135,Accepted,
26725257,0560400,SHIVELY POLICE DEPARTMENT,Accepted,JEFFERSON,I 0264,,,,,,,,,,,38.185916497,-85.810198750,0.294,5/22/2020 12:00:00 AM,1224,3,3,0,0,CLOUDY,DRY,False,OTHER RAMP RELATED COLLISIONS NOT LISTED ABOVE,REAR END,CURVE & GRADE,DAYLIGHT,I 0264,US31W N,5/22/2020 10:02:55 PM,False,7105,Accepted,
26726144,0560400,SHIVELY POLICE DEPARTMENT,Accepted,JEFFERSON,US0031W,,DIXIE,HWY,,,,,WATHEN,,FUST,38.216287522,-85.795318538,17.147,5/22/2020 12:00:00 AM,2240,2,2,0,0,CLEAR,DRY,False,OTHER ROADWAY OR MID-BLOCK COLLISION,REAR END,STRAIGHT & LEVEL,DARK (UNKNOWN ROADWAY LIGHTING),,,5/23/2020 7:14:44 AM,False,7124,Accepted,
26731960,0568000,LOUISVILLE METRO POLICE DEPT,Accepted,JEFFERSON,I 0065,,,,,,,,,,,38.191282282,-85.723092950,0.252,5/22/2020 12:00:00 AM,1629,2,2,0,2,CLEAR,DRY,False,REAR END IN TRAFFIC LANES BOTH VEHICLES MOVING,REAR END,STRAIGHT & LEVEL,DAYLIGHT,,,5/25/2020 8:56:15 AM,False,2796,Accepted,
26731961,0568000,LOUISVILLE METRO POLICE DEPT,Accepted,JEFFERSON,,,DUMESNIL,ST,,US0031W,22ND,,,,,38.236523329,-85.790394136,1.647,5/22/2020 12:00:00 AM,0755,2,2,0,0,CLEAR,DRY,False,ANGLE COLLISION - OTHER,ANGLE,STRAIGHT & LEVEL,DAWN,,,5/25/2020 8:56:18 AM,False,5253,Accepted,
26731974,0568000,LOUISVILLE METRO POLICE DEPT,Accepted,JEFFERSON,,731,OAK,ST,E,,,,,,,38.233534887,-85.741794859,0.749,5/22/2020 12:00:00 AM,2005,5,5,0,1,CLOUDY,DRY,False,1 VEHICLE PARKED POSITION (NOT PARKING LOT/DRIVEWAY),ANGLE,CURVE & LEVEL,DUSK,,,5/25/2020 8:56:57 AM,False,5037,Accepted,
26724067,0568000,LOUISVILLE METRO POLICE DEPT,Accepted,JEFFERSON,,,BRECKINRIDGE,ST,E,KY0864,SHELBY,,,,,38.239944891,-85.740369409,0.839,5/22/2020 12:00:00 AM,1350,2,2,0,0,CLEAR,DRY,False,ANGLE COLLISION - OTHER,ANGLE,STRAIGHT & LEVEL,DAYLIGHT,,,5/22/2020 3:23:22 PM,False,7400,Accepted,
26724068,0568000,LOUISVILLE METRO POLICE DEPT,Accepted,JEFFERSON,I 0264,,I264 W,,,,,,,,,38.190245899,-85.752313108,10.903,5/22/2020 12:00:00 AM,1349,2,2,0,1,CLEAR,DRY,False,REAR END IN TRAFFIC LANES BOTH VEHICLES MOVING,REAR END,STRAIGHT & HILLCREST,DAYLIGHT,,,5/22/2020 3:23:26 PM,False,2499,Accepted,
26726147,0560400,SHIVELY POLICE DEPARTMENT,Accepted,JEFFERSON,US0031W,,DIXIE,HWY,,,,,WATHEN,,FUST,38.216287522,-85.795318538,17.147,5/22/2020 12:00:00 AM,2225,3,3,0,0,CLEAR,DRY,True,OTHER ROADWAY OR MID-BLOCK COLLISION,REAR END,STRAIGHT & LEVEL,DARK (UNKNOWN ROADWAY LIGHTING),,,5/23/2020 7:14:55 AM,False,7124,Accepted,
26731975,0568000,LOUISVILLE METRO POLICE DEPT,Accepted,JEFFERSON,KY1065,4840,OUTER,LOOP,,,,,,,,38.137814632,-85.671818235,6.873,5/22/2020 12:00:00 AM,2200,2,2,0,0,CLEAR,DRY,False,COLLISION IN PARKING LOT,ANGLE,STRAIGHT & LEVEL,DARK-HWY LIGHTED/ON,,,5/25/2020 8:57:01 AM,False,5115,Accepted,
26731957,0568000,LOUISVILLE METRO POLICE DEPT,Accepted,JEFFERSON,,,KENWOOD,DR,W,,,,,,,38.161468637,-85.775452265,0.204,5/22/2020 12:00:00 AM,1354,2,2,0,1,CLEAR,DRY,False,REAR END IN TRAFFIC LANES BOTH VEHICLES MOVING,REAR END,STRAIGHT & LEVEL,DAYLIGHT,,,5/25/2020 8:56:07 AM,False,7427,Accepted,
26731963,0568000,LOUISVILLE METRO POLICE DEPT,Accepted,JEFFERSON,KY1747,,FERN VALLEY,RD,,,,,,,,38.157916476,-85.688733348,2.413,5/22/2020 12:00:00 AM,1719,2,2,0,2,CLEAR,DRY,False,1 VEHICLE ENTERING/LEAVING ENTRANCE,ANGLE,STRAIGHT & LEVEL,DAYLIGHT,,,5/25/2020 8:56:26 AM,False,7234,Accepted,
26731964,0568000,LOUISVILLE METRO POLICE DEPT,Accepted,JEFFERSON,KY2052,4410,SHEPHERDSVILLE,RD,,,,,,,,38.185583538,-85.659660268,3.277,5/22/2020 12:00:00 AM,1230,1,1,0,0,CLEAR,DRY,False,COLLISION IN PARKING LOT,SINGLE VEHICLE,STRAIGHT & LEVEL,DAYLIGHT,,,5/25/2020 8:56:29 AM,False,7366,Accepted,
26731965,0568000,LOUISVILLE METRO POLICE DEPT,Accepted,JEFFERSON,,,GARDA,DR,,,,,,,,38.172404735,-85.675862524,0.042,5/22/2020 12:00:00 AM,1926,2,2,0,1,CLEAR,DRY,False,HEAD-ON COLLISION,HEAD ON,STRAIGHT & LEVEL,DAYLIGHT,,,5/25/2020 8:56:33 AM,False,7371,Accepted,
26731972,0568000,LOUISVILLE METRO POLICE DEPT,Accepted,JEFFERSON,,,MARKET,ST,W,,CECIL,,,,,38.263034487,-85.817637966,1.731,5/22/2020 12:00:00 AM,2132,2,2,0,1,CLEAR,DRY,False,HEAD-ON COLLISION,HEAD ON,STRAIGHT & LEVEL,DARK-HWY LIGHTED/ON,,,5/25/2020 8:56:50 AM,False,7489,Accepted,
26731985,0568000,LOUISVILLE METRO POLICE DEPT,Accepted,JEFFERSON,KY0061,,PRESTON,HWY,,,INDIAN,,,,,38.168829506,-85.706510422,6.333,5/22/2020 12:00:00 AM,1641,1,1,0,0,CLEAR,DRY,False,COLLISION WITH FIXED OBJECT IN INTERSECTION - FIRST EVENT COLLISION 09 - 32,SINGLE VEHICLE,STRAIGHT & LEVEL,DAYLIGHT,,,5/25/2020 8:57:44 AM,False,5028,Accepted,
26731978,0568000,LOUISVILLE METRO POLICE DEPT,Accepted,JEFFERSON,KY0155,11609,TAYLORSVILLE,RD,,,,,,,,38.187890390,-85.518162467,6.516,5/22/2020 12:00:00 AM,1827,2,2,0,0,CLEAR,DRY,True,COLLISION IN PARKING LOT,SIDESWIPE-SAME DIRECTION,STRAIGHT & LEVEL,DAYLIGHT,,,5/25/2020 8:57:17 AM,False,7755,Accepted,
26745403,0568000,LOUISVILLE METRO POLICE DEPT,Accepted,JEFFERSON,KY1020,,3RD,ST,S,US0031W,MARKET,,,,,38.255046562,-85.755120127,12.724,5/22/2020 12:00:00 AM,1654,2,2,0,0,CLEAR,DRY,False,OTHER INTERSECTION COLLISIONS,REAR END,STRAIGHT & LEVEL,DAYLIGHT,,,5/28/2020 9:13:54 AM,False,2854,Accepted,
26722626,0568000,LOUISVILLE METRO POLICE DEPT,Accepted,JEFFERSON,KY0841,,GENE SNYDER,FWY,,,,,,,,38.088434515,-85.852799250,1.300,5/22/2020 12:00:00 AM,0146,1,1,0,1,CLEAR,DRY,False,COLLISION WITH FIXED OBJECT NON - INTERSECTION - FIRST EVENT COLLISION 09 - 32 EXCLUDING 16,SINGLE VEHICLE,STRAIGHT & LEVEL,DARK-HWY NOT LIGHTED,,,5/22/2020 8:22:53 AM,False,5136,Accepted,
26724065,0568000,LOUISVILLE METRO POLICE DEPT,Accepted,JEFFERSON,KY1065,,OUTER,LOOP,,,,KY0061,PRESTON,,CAROL,38.138464678,-85.686637916,6.056,5/22/2020 12:00:00 AM,0805,2,2,0,0,CLEAR,DRY,False,OTHER ROADWAY OR MID-BLOCK COLLISION,REAR END,STRAIGHT & LEVEL,DAWN,,,5/22/2020 3:23:14 PM,False,2324,Accepted,
26731962,0568000,LOUISVILLE METRO POLICE DEPT,Accepted,JEFFERSON,US0031W,6801,DIXIE,HWY,,,,,,,,38.152006604,-85.836277875,12.194,5/22/2020 12:00:00 AM,1539,2,2,0,1,CLEAR,DRY,False,HEAD-ON COLLISION,HEAD ON,STRAIGHT & LEVEL,DAYLIGHT,,,5/25/2020 8:56:22 AM,False,7356,Accepted,
26731970,0568000,LOUISVILLE METRO POLICE DEPT,Accepted,JEFFERSON,US0031W,,DIXIE,HWY,,,,,,,,38.127331532,-85.850323298,10.262,5/22/2020 12:00:00 AM,2347,1,1,0,0,CLEAR,DRY,False,OTHER COLLISIONS ON SHOULDER,SINGLE VEHICLE,STRAIGHT & LEVEL,DARK-HWY LIGHTED/OFF,,,5/25/2020 8:56:44 AM,False,7264,Accepted,
26731971,0568000,LOUISVILLE METRO POLICE DEPT,Accepted,JEFFERSON,,4318,PLEASANT GLEN,DR,,,,,STONE LAKES,,FANCY GAP,38.177866419,-85.515353335,0.804,5/22/2020 12:00:00 AM,2315,2,2,0,0,CLEAR,DRY,True,1 VEHICLE PARKED POSITION (NOT PARKING LOT/DRIVEWAY),REAR END,STRAIGHT & LEVEL,DARK-HWY NOT LIGHTED,,,5/25/2020 8:56:47 AM,False,2775,Accepted,
26731979,0568000,LOUISVILLE METRO POLICE DEPT,Accepted,JEFFERSON,,,GOLDSMITH,LN,,,TRAFALGAR,,,,,38.207690648,-85.670228281,0.966,5/22/2020 12:00:00 AM,1443,3,3,0,0,CLEAR,DRY,False,OTHER INTERSECTION COLLISIONS,REAR TO REAR,STRAIGHT & LEVEL,DAYLIGHT,,,5/25/2020 8:57:21 AM,True,7879,Accepted,
26724066,0568000,LOUISVILLE METRO POLICE DEPT,Accepted,JEFFERSON,,,WYANDOTTE,AVE,,,BEECH,,,,,38.225091629,-85.805112728,0.279,5/22/2020 12:00:00 AM,1007,2,2,0,0,CLEAR,DRY,False,ANGLE COLLISION - OTHER,ANGLE,STRAIGHT & LEVEL,DAYLIGHT,,,5/22/2020 3:23:18 PM,False,7652,Accepted,
26745389,0568000,LOUISVILLE METRO POLICE DEPT,Accepted,JEFFERSON,I 0265,,I265 W,,,,,,,,,38.110641993,-85.676017839,11.685,5/22/2020 12:00:00 AM,1051,1,1,0,0,CLEAR,DRY,False,RAN OFF ROADWAY (1 VEHICLE WITH/EARTH EMBANKMENT/DITCH),SINGLE VEHICLE,CURVE & LEVEL,DAYLIGHT,,,5/28/2020 9:12:55 AM,False,6886,Accepted,
26722610,0568000,LOUISVILLE METRO POLICE DEPT,Accepted,JEFFERSON,KY0022,,BROWNSBORO,RD,,,NORTON HEALTHCARE,,,,,38.310937912,-85.570097803,4.271,5/21/2020 12:00:00 AM,1510,2,2,0,0,CLOUDY,DRY,False,SIDESWIPE-SAME DIRECTION,SIDESWIPE-SAME DIRECTION,STRAIGHT & LEVEL,DAYLIGHT,,,5/22/2020 8:21:45 AM,False,7355,Accepted,
26722617,0568000,LOUISVILLE METRO POLICE DEPT,Accepted,JEFFERSON,,2027,GRASMERE,DR,,,,,,,,38.227815718,-85.697200273,0.099,5/21/2020 12:00:00 AM,1728,2,2,0,0,CLOUDY,DRY,False,1 VEHICLE PARKED POSITION (NOT PARKING LOT/DRIVEWAY),SIDESWIPE-OPPOSITE DIRECTION,CURVE & GRADE,DAYLIGHT,,,5/22/2020 8:22:24 AM,False,7960,Accepted,
26722618,0568000,LOUISVILLE METRO POLICE DEPT,Accepted,JEFFERSON,US0150,,BROADWAY,,W,,9TH,,,,,38.246788080,-85.766379494,1.952,5/21/2020 12:00:00 AM,1306,2,2,0,2,CLOUDY,DRY,False,ANGLE COLLISION - ONE VEHICLE TURNING LEFT,ANGLE,STRAIGHT & LEVEL,DAYLIGHT,,,5/22/2020 8:22:28 AM,False,6360,Accepted,
26722625,0568000,LOUISVILLE METRO POLICE DEPT,Accepted,JEFFERSON,,,PRESTON,ST,S,,,,,,,38.224078181,-85.750464547,0.040,5/21/2020 12:00:00 AM,2333,1,1,0,2,CLEAR,DRY,False,COLLISION WITH FIXED OBJECT NON - INTERSECTION - FIRST EVENT COLLISION 09 - 32 EXCLUDING 16,SINGLE VEHICLE,STRAIGHT & LEVEL,DARK-HWY LIGHTED/ON,,,5/22/2020 8:22:50 AM,False,5252,Accepted,
26718356,0568000,LOUISVILLE METRO POLICE DEPT,Accepted,JEFFERSON,I 0265,,,,,,,,,,,38.144435273,-85.584703051,0.001,5/21/2020 12:00:00 AM,0601,1,1,0,1,CLEAR,DRY,False,COLLISION WITH FIXED OBJECT NOT IN GORE ,SINGLE VEHICLE,STRAIGHT & LEVEL,DAWN,US31E,I 0265,5/21/2020 8:53:34 AM,False,5116,Accepted,
26740752,0568000,LOUISVILLE METRO POLICE DEPT,Accepted,JEFFERSON,,1027,HANCOCK,ST,S,,,,,,,38.236008666,-85.745106141,1.311,5/21/2020 12:00:00 AM,1400,2,2,0,0,CLEAR,DRY,True,1 VEHICLE PARKED POSITION (NOT PARKING LOT/DRIVEWAY),REAR END,STRAIGHT & LEVEL,DAYLIGHT,,,5/27/2020 8:41:31 AM,False,7407,Accepted,
26732046,0568000,LOUISVILLE METRO POLICE DEPT,Accepted,JEFFERSON,KY0061,472,BRANDEIS,AVE,E,,,,,,,38.219536956,-85.748566331,10.690,5/21/2020 12:00:00 AM,1627,3,3,0,0,CLOUDY,DRY,True,1 VEHICLE PARKED POSITION (NOT PARKING LOT/DRIVEWAY),REAR END,STRAIGHT & LEVEL,DAYLIGHT,,,5/25/2020 9:01:50 AM,False,7407,Accepted,
26735914,0568000,LOUISVILLE METRO POLICE DEPT,Accepted,JEFFERSON,US0060,,SHELBYVILLE,RD,,,,,,,,38.246276403,-85.576761168,7.973,5/21/2020 12:00:00 AM,1849,2,2,0,1,CLEAR,DRY,False,REAR END IN TRAFFIC LANES BOTH VEHICLES MOVING,REAR END,STRAIGHT & LEVEL,DAYLIGHT,,,5/26/2020 9:09:06 AM,False,7802,Accepted,
26735929,0568000,LOUISVILLE METRO POLICE DEPT,Accepted,JEFFERSON,,643,BARRET,AVE,,,,,,,,38.245211753,-85.732957228,0.235,5/21/2020 12:00:00 AM,2314,4,4,0,0,CLEAR,DRY,False,1 VEHICLE PARKED POSITION (NOT PARKING LOT/DRIVEWAY),SIDESWIPE-SAME DIRECTION,STRAIGHT & LEVEL,DARK-HWY LIGHTED/ON,,,5/26/2020 9:10:02 AM,False,5188,Accepted,
26722622,0568000,LOUISVILLE METRO POLICE DEPT,Accepted,JEFFERSON,KY1020,,2ND,ST,S,,JEFFERSON,,,,,38.253287868,-85.753715179,12.637,5/21/2020 12:00:00 AM,2305,2,2,0,0,CLEAR,DRY,False,COLLISION WITH PARKED VEHICLE,BACKING,STRAIGHT & LEVEL,DAYLIGHT,,,5/22/2020 8:22:41 AM,False,7085,Accepted,
26722616,0568000,LOUISVILLE METRO POLICE DEPT,Accepted,JEFFERSON,,,OAK,ST,W,US0031W,22ND,,,,,38.237437511,-85.790315735,1.913,5/21/2020 12:00:00 AM,1346,2,2,0,1,CLOUDY,DRY,False,ANGLE COLLISION - OTHER,ANGLE,STRAIGHT & LEVEL,DAYLIGHT,,,5/22/2020 8:22:17 AM,False,7091,Accepted,
26722623,0568000,LOUISVILLE METRO POLICE DEPT,Accepted,JEFFERSON,US0031W,,DIXIE,HWY,,US0031W,US31W RAMP TO KY1934,,,,,38.093708815,-85.875084738,7.594,5/21/2020 12:00:00 AM,1850,2,2,0,0,CLOUDY,DRY,False,OTHER INTERSECTION COLLISIONS,REAR END,STRAIGHT & LEVEL,DAYLIGHT,,,5/22/2020 8:22:44 AM,False,5033,Accepted,
26723220,0560600,WEST BUECHEL POLICE DEPT.,Accepted,JEFFERSON,,2020,BASHFORD MANOR,LN,,,,,,,,38.201083319,-85.668242965,0.241,5/21/2020 12:00:00 AM,0915,2,2,0,0,CLOUDY,DRY,False,COLLISION IN PARKING LOT,REAR END,STRAIGHT & LEVEL,DAYLIGHT,,,5/22/2020 11:19:24 AM,False,1288,Accepted,
26722611,0568000,LOUISVILLE METRO POLICE DEPT,Accepted,JEFFERSON,KY1931,,ST ANDREWS CHURCH,RD,,,PENNACOOK,,,,,38.154513245,-85.802824674,5.409,5/21/2020 12:00:00 AM,1535,2,2,0,0,CLOUDY,DRY,False,OTHER INTERSECTION COLLISIONS,REAR END,STRAIGHT & LEVEL,DAYLIGHT,,,5/22/2020 8:21:50 AM,False,6758,Accepted,
26722612,0568000,LOUISVILLE METRO POLICE DEPT,Accepted,JEFFERSON,,,BARRET,AVE,,,,,MERCY,US0150,BROADWAY,38.243805696,-85.733949157,0.034,5/21/2020 12:00:00 AM,1512,2,2,0,0,CLOUDY,DRY,False,1 VEHICLE ENTERING/LEAVING ENTRANCE,ANGLE,STRAIGHT & LEVEL,DAYLIGHT,,,5/22/2020 8:21:56 AM,False,2230,Accepted,
26722619,0568000,LOUISVILLE METRO POLICE DEPT,Accepted,JEFFERSON,I 0065,,,,,I 0065,I65 N,,,,,38.119740773,-85.701592757,0.677,5/21/2020 12:00:00 AM,2028,2,2,0,0,CLEAR,DRY,False,SIDESWIPE-SAME DIRECTION,SIDESWIPE-SAME DIRECTION,CURVE & GRADE,DAYLIGHT,,,5/22/2020 8:22:31 AM,False,7735,Accepted,
26722620,0568000,LOUISVILLE METRO POLICE DEPT,Accepted,JEFFERSON,US0060A,,WINKLER,AVE,,,6TH,,,,,38.210674615,-85.767952045,2.875,5/21/2020 12:00:00 AM,2022,2,2,0,1,CLEAR,DRY,False,ANGLE COLLISION - OTHER,ANGLE,STRAIGHT & LEVEL,DAYLIGHT,,,5/22/2020 8:22:35 AM,False,5237,Accepted,
26735933,0568000,LOUISVILLE METRO POLICE DEPT,Accepted,JEFFERSON,KY0841,,GENE SNYDER,FWY,,,,,,,,38.092200649,-85.837573059,2.156,5/21/2020 12:00:00 AM,0552,2,2,0,0,CLEAR,DRY,False,REAR END IN TRAFFIC LANES BOTH VEHICLES MOVING,REAR END,STRAIGHT & LEVEL,DAWN,,,5/26/2020 9:10:15 AM,False,2905,Accepted,