IncidentID,AgencyORI,AgencyName,IncidentStatusDesc,County,RdwyNumber,Street,RoadwayName,StreetSfx,StreetDir,IntersectionRdwy,IntersectionRdwyName,BetweenStRdwy1,BetweenStRdwyName1,BetweenStRdwy2,BetweenStRdwyName2,Latitude,Longitude,Milepoint,CollisionDate,CollisionTime,UnitsInvolved,MotorVehiclesInvolved,NumberKilled,NumberInjured,Weather,RdwyConditionCode,HitandRun,DirAnalysisCode,MannerofCollision,RdwyCharacter,LightCondition,RampFromRdwyId,RampToRdwyId,AcceptedDate,IsSecondaryCollision,OwnerBadge,IncidentStatus,
26735917,0568000,LOUISVILLE METRO POLICE DEPT,Accepted,JEFFERSON,I 0065,,I65 N,,,,,,,,,38.133325267,-85.704590974,126.450,5/21/2020 12:00:00 AM,1704,1,1,0,0,CLEAR,DRY,False,COLLISION WITH FIXED OBJECT NON - INTERSECTION - FIRST EVENT COLLISION 09 - 32 EXCLUDING 16,SINGLE VEHICLE,STRAIGHT & LEVEL,DAYLIGHT,,,5/26/2020 9:09:19 AM,False,8278,Accepted,
26808792,0568000,LOUISVILLE METRO POLICE DEPT,Accepted,JEFFERSON,,,DIXDALE,AVE,,,MCCLOSKEY,,,,,38.221922991,-85.788524662,0.208,5/21/2020 12:00:00 AM,1621,2,2,0,1,CLEAR,DRY,False,ANGLE COLLISION - OTHER,ANGLE,CURVE & LEVEL,DAYLIGHT,,,6/15/2020 9:47:03 AM,False,5190,Accepted,
26857950,0568000,LOUISVILLE METRO POLICE DEPT,Accepted,JEFFERSON,US0031W,,DIXIE,HWY,,,MARYMAN,,,,,38.132757690,-85.846336209,10.724,5/20/2020 12:00:00 AM,1702,2,2,0,4,CLOUDY,DRY,False,ANGLE COLLISION - OTHER,ANGLE,STRAIGHT & LEVEL,DAYLIGHT,,,6/25/2020 8:31:56 AM,False,2217,Accepted,
26714670,0568000,LOUISVILLE METRO POLICE DEPT,Accepted,JEFFERSON,KY1934,,GREENBELT,HWY,,,WINSTEAD,,,,,38.132314390,-85.889613416,3.416,5/20/2020 12:00:00 AM,0644,1,1,0,0,RAINING,WET,False,COLLISION WITH FIXED OBJECT IN INTERSECTION - FIRST EVENT COLLISION 09 - 32,SINGLE VEHICLE,STRAIGHT & LEVEL,DAWN,,,5/20/2020 10:51:19 AM,False,7073,Accepted,
26716911,0560300,ST. MATTHEWS POLICE DEPARTMENT,Accepted,JEFFERSON,US0060,,SHELBYVILLE,RD,,,,,,,,38.250283371,-85.623903262,5.307,5/20/2020 12:00:00 AM,1620,2,2,0,1,CLOUDY,DRY,False,1 VEHICLE ENTERING/LEAVING ENTRANCE,ANGLE,STRAIGHT & LEVEL,DAYLIGHT,,,5/20/2020 10:45:37 PM,False,9170,Accepted,
26718349,0568000,LOUISVILLE METRO POLICE DEPT,Accepted,JEFFERSON,KY0061,2110,PRESTON,ST,S,,,,,,,38.217226608,-85.745569591,10.348,5/20/2020 12:00:00 AM,1446,2,2,0,0,CLOUDY,DRY,False,1 VEHICLE PARKED POSITION (NOT PARKING LOT/DRIVEWAY),SIDESWIPE-SAME DIRECTION,STRAIGHT & LEVEL,DAYLIGHT,,,5/21/2020 8:53:08 AM,False,7418,Accepted,
26718350,0568000,LOUISVILLE METRO POLICE DEPT,Accepted,JEFFERSON,US0060,15811,SHELBYVILLE,RD,,,,,,,,38.236700635,-85.463085850,14.308,5/20/2020 12:00:00 AM,2144,2,2,0,0,CLEAR,DRY,True,SIDESWIPE COLLISION - SAME DIRECTION,SIDESWIPE-SAME DIRECTION,STRAIGHT & LEVEL,DARK-HWY NOT LIGHTED,,,5/21/2020 8:53:12 AM,False,5128,Accepted,
26714678,0568000,LOUISVILLE METRO POLICE DEPT,Accepted,JEFFERSON,,,1ST,ST,S,,,,MUHAMMAD ALI,I 0065,I65 S EXIT136 ON RAMP FROM  S 1ST ST,38.251288073,-85.752456778,0.334,5/20/2020 12:00:00 AM,0805,2,2,0,1,RAINING,WET,False,SIDESWIPE COLLISION - SAME DIRECTION,SIDESWIPE-SAME DIRECTION,STRAIGHT & LEVEL,DAYLIGHT,,,5/20/2020 10:51:27 AM,False,2406,Accepted,
26718347,0568000,LOUISVILLE METRO POLICE DEPT,Accepted,JEFFERSON,KY1819,,BILLTOWN,RD,,I 0265,I265 E EXIT19 ON RAMP FROM KY1819 S,,,,,38.147630165,-85.546606095,5.271,5/20/2020 12:00:00 AM,1650,2,2,0,1,CLOUDY,DRY,False,ANGLE COLLISION - OTHER,ANGLE,STRAIGHT & LEVEL,DAYLIGHT,,,5/21/2020 8:53:00 AM,False,7465,Accepted,
26718348,0568000,LOUISVILLE METRO POLICE DEPT,Accepted,JEFFERSON,,1059,MARY,ST,,,,,,,,38.233639973,-85.734230045,0.031,5/20/2020 12:00:00 AM,1038,4,4,0,0,CLOUDY,DRY,True,1 VEHICLE PARKED POSITION (NOT PARKING LOT/DRIVEWAY),SIDESWIPE-SAME DIRECTION,STRAIGHT & HILLCREST,DAYLIGHT,,,5/21/2020 8:53:04 AM,False,7407,Accepted,
26718355,0568000,LOUISVILLE METRO POLICE DEPT,Accepted,JEFFERSON,I 0064,,I64 W,,,,,,,,,38.260077508,-85.741745187,5.132,5/20/2020 12:00:00 AM,0736,2,2,0,1,RAINING,WET,False,OTHER ROADWAY OR MID-BLOCK COLLISION,REAR END,CURVE & GRADE,DAYLIGHT,,,5/21/2020 8:53:30 AM,False,7720,Accepted,
26714063,0568000,LOUISVILLE METRO POLICE DEPT,Accepted,JEFFERSON,,2708,MASEMURE,CT,,,,,,,,38.206501389,-85.652710708,0.076,5/20/2020 12:00:00 AM,0317,4,4,0,0,CLEAR,DRY,True,1 VEHICLE PARKED POSITION (NOT PARKING LOT/DRIVEWAY),SIDESWIPE-SAME DIRECTION,STRAIGHT & LEVEL,DARK-HWY LIGHTED/ON,,,5/20/2020 8:09:51 AM,False,5269,Accepted,
26718345,0568000,LOUISVILLE METRO POLICE DEPT,Accepted,JEFFERSON,KY1865,,NEW CUT,RD,,,PARK,,,,,38.155925246,-85.777573571,3.382,5/20/2020 12:00:00 AM,1556,2,2,0,1,CLEAR,DRY,False,ANGLE COLLISION - ONE VEHICLE TURNING LEFT,ANGLE,STRAIGHT & LEVEL,DAYLIGHT,,,5/21/2020 8:52:52 AM,False,7139,Accepted,
26718346,0568000,LOUISVILLE METRO POLICE DEPT,Accepted,JEFFERSON,KY1065,,OUTER,LOOP,,,,,CANDLEWORTH,KY1865,NEW CUT,38.126562940,-85.784166212,0.584,5/20/2020 12:00:00 AM,1704,2,2,0,1,CLEAR,DRY,False,OTHER ROADWAY OR MID-BLOCK COLLISION,OPPOSING LEFT TURN,STRAIGHT & LEVEL,DAYLIGHT,,,5/21/2020 8:52:57 AM,False,7202,Accepted,
26718353,0568000,LOUISVILLE METRO POLICE DEPT,Accepted,JEFFERSON,,,MUD,LN,,,,,,,,38.088970635,-85.694984269,1.810,5/20/2020 12:00:00 AM,1901,2,2,0,3,CLEAR,DRY,False,1 VEHICLE ENTERING/LEAVING ENTRANCE,ANGLE,STRAIGHT & LEVEL,DAYLIGHT,,,5/21/2020 8:53:22 AM,False,5138,Accepted,
26718342,0568000,LOUISVILLE METRO POLICE DEPT,Accepted,JEFFERSON,I 0064,,I64 E,,,,,,,,,38.275029547,-85.813367895,0.771,5/20/2020 12:00:00 AM,1320,2,2,0,1,CLEAR,DRY,True,REAR END IN TRAFFIC LANES BOTH VEHICLES MOVING,REAR END,CURVE & LEVEL,DAYLIGHT,,,5/21/2020 8:52:41 AM,False,7988,Accepted,
26718343,0568000,LOUISVILLE METRO POLICE DEPT,Accepted,JEFFERSON,KY0907,,VALLEY STATION,RD,,,,,EVE ADAM,KY0907,3RD ST,38.106957997,-85.842116081,1.403,5/20/2020 12:00:00 AM,1324,3,3,0,0,CLEAR,DRY,True,REAR END IN TRAFFIC LANES BOTH VEHICLES MOVING,REAR END,STRAIGHT & LEVEL,DAYLIGHT,,,5/21/2020 8:52:45 AM,False,6318,Accepted,
26718344,0568000,LOUISVILLE METRO POLICE DEPT,Accepted,JEFFERSON,US0031E,,BARDSTOWN,RD,,,,,HIGHLAND,,GRINSTEAD,38.238559104,-85.721247622,15.442,5/20/2020 12:00:00 AM,1301,2,2,0,0,CLEAR,DRY,True,SIDESWIPE COLLISION - SAME DIRECTION,SIDESWIPE-SAME DIRECTION,STRAIGHT & LEVEL,DAYLIGHT,,,5/21/2020 8:52:49 AM,False,7129,Accepted,
26718351,0568000,LOUISVILLE METRO POLICE DEPT,Accepted,JEFFERSON,I 0065,,I65 S,,,,,,,,,38.247210149,-85.752115086,135.360,5/20/2020 12:00:00 AM,0720,1,1,0,0,RAINING,WET,False,OTHER ROADWAY OR MID-BLOCK COLLISION,SINGLE VEHICLE,CURVE & LEVEL,DAYLIGHT,,,5/21/2020 8:53:15 AM,False,5172,Accepted,
26714059,0568000,LOUISVILLE METRO POLICE DEPT,Accepted,JEFFERSON,,,7TH,ST,S,,LEE,,,,,38.224279237,-85.771022990,0.452,5/20/2020 12:00:00 AM,0230,2,2,0,0,CLOUDY,DRY,True,ANGLE COLLISION - OTHER,ANGLE,STRAIGHT & GRADE,DARK-HWY LIGHTED/ON,,,5/20/2020 8:09:37 AM,False,2457,Accepted,
27094249,0568000,LOUISVILLE METRO POLICE DEPT,Accepted,JEFFERSON,,,MARKET,ST,W,,30TH,,,,,38.260281135,-85.800883369,0.791,5/20/2020 12:00:00 AM,0751,2,2,0,1,RAINING,WET,False,OTHER INTERSECTION COLLISIONS,REAR END,STRAIGHT & LEVEL,DAYLIGHT,,,8/18/2020 8:10:37 AM,False,7405,Accepted,
27137829,0568000,LOUISVILLE METRO POLICE DEPT,Accepted,JEFFERSON,KY1934,,GREENBELT,HWY,,,GLOBAL,,,,,38.139529796,-85.887586090,3.908,5/20/2020 12:00:00 AM,1636,2,2,0,0,CLOUDY,DRY,False,OTHER INTERSECTION COLLISIONS,REAR END,STRAIGHT & LEVEL,DAYLIGHT,,,8/28/2020 9:18:55 AM,False,7073,Accepted,
27225933,0568000,LOUISVILLE METRO POLICE DEPT,Accepted,JEFFERSON,,,ORMSBY,AVE,W,,12TH,,,,,38.234138306,-85.773928481,0.817,5/20/2020 12:00:00 AM,1140,1,1,0,0,CLEAR,DRY,False,COLLISION WITH FIXED OBJECT IN INTERSECTION - FIRST EVENT COLLISION 09 - 32,SINGLE VEHICLE,STRAIGHT & LEVEL,DAYLIGHT,,,9/18/2020 8:07:35 AM,False,5190,Accepted,
26854690,0568000,LOUISVILLE METRO POLICE DEPT,Accepted,JEFFERSON,KY0061,7515,PRESTON,HWY,,,,,,,,38.156706650,-85.696776943,5.349,5/19/2020 12:00:00 AM,0150,2,1,0,1,CLEAR,DRY,True,COLLISION WITH PEDESTRIAN NON - INTERSECTION,SINGLE VEHICLE,STRAIGHT & LEVEL,DARK-HWY NOT LIGHTED,,,6/24/2020 12:28:44 PM,False,2142,Accepted,
26714042,0568000,LOUISVILLE METRO POLICE DEPT,Accepted,JEFFERSON,US0150,,BROADWAY,,W,,16TH,,,,,38.248512906,-85.778114548,1.289,5/19/2020 12:00:00 AM,1356,3,3,0,0,CLEAR,DRY,False,OTHER INTERSECTION COLLISIONS,REAR END,STRAIGHT & LEVEL,DAYLIGHT,,,5/20/2020 8:08:39 AM,False,7173,Accepted,
26714051,0568000,LOUISVILLE METRO POLICE DEPT,Accepted,JEFFERSON,,,15TH,ST,S,,,,,,,38.241189356,-85.777588711,1.096,5/19/2020 12:00:00 AM,1030,2,2,0,0,CLEAR,DRY,False,SIDESWIPE COLLISION - SAME DIRECTION,SIDESWIPE-SAME DIRECTION,STRAIGHT & LEVEL,DAYLIGHT,,,5/20/2020 8:09:07 AM,False,5257,Accepted,
26714057,0568000,LOUISVILLE METRO POLICE DEPT,Accepted,JEFFERSON,US0031E,,BARDSTOWN,RD,,,FERN CREEK,,,,,38.158089298,-85.591188468,6.144,5/19/2020 12:00:00 AM,2207,2,2,0,1,CLOUDY,DRY,False,ANGLE COLLISION - OTHER,ANGLE,STRAIGHT & LEVEL,DARK (UNKNOWN ROADWAY LIGHTING),,,5/20/2020 8:09:33 AM,False,7828,Accepted,
26714056,0568000,LOUISVILLE METRO POLICE DEPT,Accepted,JEFFERSON,,,7TH,ST,S,,HILL,,,,,38.226761292,-85.768999320,0.658,5/19/2020 12:00:00 AM,2045,2,2,0,1,CLEAR,DRY,True,OTHER INTERSECTION COLLISIONS,REAR END,STRAIGHT & LEVEL,DARK-HWY LIGHTED/ON,,,5/20/2020 8:09:30 AM,False,7435,Accepted,
26731982,0568000,LOUISVILLE METRO POLICE DEPT,Accepted,JEFFERSON,KY1747,,HURSTBOURNE,PKWY,,US0031E,BARDSTOWN,,,,,38.168957003,-85.605268200,7.481,5/19/2020 12:00:00 AM,1720,2,2,0,0,CLEAR,DRY,True,OTHER INTERSECTION COLLISIONS,REAR END,STRAIGHT & LEVEL,DAYLIGHT,,,5/25/2020 8:57:33 AM,False,7573,Accepted,
26714045,0568000,LOUISVILLE METRO POLICE DEPT,Accepted,JEFFERSON,,5124,QUEENS CASTLE,RD,,,,,,,,38.104733784,-85.665519415,0.076,5/19/2020 12:00:00 AM,0048,3,3,0,0,CLEAR,DRY,False,1 VEHICLE PARKED POSITION (NOT PARKING LOT/DRIVEWAY),REAR TO REAR,STRAIGHT & LEVEL,OTHER,,,5/20/2020 8:08:47 AM,False,7474,Accepted,
26714053,0568000,LOUISVILLE METRO POLICE DEPT,Accepted,JEFFERSON,,1776,WILSON,AVE,,,,,,,,38.233758168,-85.783635981,0.457,5/19/2020 12:00:00 AM,1630,2,2,0,0,CLEAR,DRY,True,1 VEHICLE PARKED POSITION (NOT PARKING LOT/DRIVEWAY),HEAD ON,STRAIGHT & LEVEL,DAYLIGHT,,,5/20/2020 8:09:17 AM,False,5151,Accepted,
26714061,0568000,LOUISVILLE METRO POLICE DEPT,Accepted,JEFFERSON,KY2860,,GRINSTEAD,DR,,,,,CHEROKEE,US0031E,BARDSTOWN,38.238732521,-85.720246622,0.045,5/19/2020 12:00:00 AM,2330,1,0,0,1,CLOUDY,DRY,True,1 VEHICLE ENTERING/LEAVING ENTRANCE,ANGLE,STRAIGHT & LEVEL,DARK-HWY LIGHTED/ON,,,5/20/2020 8:09:47 AM,False,7076,Accepted,
26711590,0568000,LOUISVILLE METRO POLICE DEPT,Accepted,JEFFERSON,US0060A,,LEXINGTON,RD,,,ALTA VISTA,,,,,38.245359742,-85.687998078,8.759,5/19/2020 12:00:00 AM,1140,2,2,0,0,CLOUDY,DRY,False,ANGLE COLLISION - OTHER,ANGLE,CURVE & LEVEL,DAYLIGHT,,,5/19/2020 2:11:09 PM,False,2413,Accepted,
26714060,0568000,LOUISVILLE METRO POLICE DEPT,Accepted,JEFFERSON,,,28TH,ST,S,,CEDAR,,,,,38.256890909,-85.796962903,0.287,5/19/2020 12:00:00 AM,0650,2,2,0,3,CLOUDY,DRY,True,ANGLE COLLISION - OTHER,ANGLE,STRAIGHT & LEVEL,DAYLIGHT,,,5/20/2020 8:09:41 AM,False,5162,Accepted,
26732045,0568000,LOUISVILLE METRO POLICE DEPT,Accepted,JEFFERSON,,1000,GRADE,LN,,,,,,,,38.173068581,-85.721002468,0.536,5/19/2020 12:00:00 AM,2233,3,3,0,2,CLEAR,DRY,False,REAR END IN TRAFFIC LANES BOTH VEHICLES MOVING,REAR END,STRAIGHT & LEVEL,UNKNOWN,,,5/25/2020 9:01:46 AM,False,7383,Accepted,
26749939,0568000,LOUISVILLE METRO POLICE DEPT,Accepted,JEFFERSON,,,BRECKINRIDGE,ST,E,,1ST,,,,,38.241360156,-85.754146052,1.600,5/19/2020 12:00:00 AM,1309,2,2,0,0,CLEAR,DRY,False,ANGLE COLLISION - OTHER,ANGLE,STRAIGHT & LEVEL,DAYLIGHT,,,5/29/2020 8:17:27 AM,False,5186,Accepted,
26795010,0568000,LOUISVILLE METRO POLICE DEPT,Accepted,JEFFERSON,KY1865,,TAYLOR,BLVD,,,STRADER,,,,,38.191103277,-85.783334532,5.841,5/19/2020 12:00:00 AM,2350,2,2,0,2,CLOUDY,DRY,False,OPPOSING LEFT TURN,OPPOSING LEFT TURN,STRAIGHT & LEVEL,DARK-HWY LIGHTED/ON,,,6/11/2020 8:29:38 AM,False,7426,Accepted,
26857953,0568000,LOUISVILLE METRO POLICE DEPT,Accepted,JEFFERSON,KY0061,,PRESTON,HWY,,,,,,,,38.156761839,-85.696938123,5.351,5/19/2020 12:00:00 AM,0150,2,1,0,0,CLEAR,DRY,True,OTHER ROADWAY OR MID-BLOCK COLLISION,SINGLE VEHICLE,STRAIGHT & LEVEL,DARK-HWY NOT LIGHTED,,,6/25/2020 8:32:25 AM,False,2142,Accepted,
26735923,0568000,LOUISVILLE METRO POLICE DEPT,Accepted,JEFFERSON,,,CENTRAL,AVE,,KY1631,CRITTENDEN,,,,,38.202911075,-85.750697716,0.001,5/18/2020 12:00:00 AM,1547,3,3,0,0,CLEAR,DRY,False,OTHER INTERSECTION COLLISIONS,REAR END,STRAIGHT & LEVEL,DAYLIGHT,,,5/26/2020 9:09:38 AM,False,7094,Accepted,
26758524,0568000,LOUISVILLE METRO POLICE DEPT,Accepted,JEFFERSON,US0031,,US31 TURN LANE,,,,,US0031,CLARK MEMORIAL,US0031E,MAIN,38.256441934,-85.753407915,0.012,5/18/2020 12:00:00 AM,1139,2,2,0,0,RAINING,WET,False,SIDESWIPE COLLISION - SAME DIRECTION,SIDESWIPE-SAME DIRECTION,CURVE & LEVEL,DAYLIGHT,,,6/1/2020 12:55:08 PM,False,7840,Accepted,
26714052,0568000,LOUISVILLE METRO POLICE DEPT,Accepted,JEFFERSON,US0042,,STORY,AVE,,,,I 0064,I64 E EXIT7 OFF RAMP TO  STORY AVE,,SPRING,38.257798719,-85.723859071,0.524,5/18/2020 12:00:00 AM,1056,1,1,0,1,RAINING,WATER (STANDING OR MOVING),False,COLLISION WITH FIXED OBJECT NON - INTERSECTION - FIRST EVENT COLLISION 09 - 32 EXCLUDING 16,SINGLE VEHICLE,CURVE & GRADE,DAYLIGHT,,,5/20/2020 8:09:12 AM,False,2764,Accepted,
26737003,0370200,KY STATE POLICE CVE,Accepted,JEFFERSON,,,FLAT ROCK,RD,,,,,,,,38.250847453,-85.434016741,1.262,5/18/2020 12:00:00 AM,1545,2,2,0,0,CLEAR,DRY,True,SIDESWIPE COLLISION - OPPOSITE DIRECTION,SIDESWIPE-OPPOSITE DIRECTION,CURVE & GRADE,DAYLIGHT,,,5/26/2020 12:57:20 PM,False,C-358,Accepted,
26709860,0568000,LOUISVILLE METRO POLICE DEPT,Accepted,JEFFERSON,I 0064,,I64 E,,,I 0064,I64 N EXIT25A RAMP TO I64 E,,,,,38.222486087,-85.500441068,19.213,5/18/2020 12:00:00 AM,2015,2,2,0,0,CLOUDY,WET,False,ANGLE COLLISION - OTHER,ANGLE,CURVE & GRADE,DAYLIGHT,,,5/19/2020 8:23:01 AM,False,7018,Accepted,
26731981,0568000,LOUISVILLE METRO POLICE DEPT,Accepted,JEFFERSON,,,3RD,ST,S,KY2801,FLORENCE,,,,,38.191188960,-85.764894286,0.649,5/18/2020 12:00:00 AM,1108,2,2,0,0,RAINING,WET,False,ANGLE COLLISION - OTHER,ANGLE,STRAIGHT & LEVEL,DAYLIGHT,,,5/25/2020 8:57:29 AM,False,7094,Accepted,
26709851,0568000,LOUISVILLE METRO POLICE DEPT,Accepted,JEFFERSON,,5712,ZACHARY,CIR,,,,,,,,38.141619232,-85.773211067,0.100,5/18/2020 12:00:00 AM,1550,1,1,0,0,CLEAR,DRY,False,COLLISION IN PARKING LOT,SINGLE VEHICLE,STRAIGHT & LEVEL,DAYLIGHT,,,5/19/2020 8:22:43 AM,False,7263,Accepted,
26707395,0568000,LOUISVILLE METRO POLICE DEPT,Accepted,JEFFERSON,KY1703,,NEWBURG,RD,,I 0264,I264 E EXIT15 ON RAMP FROM KY1703 S,,,,,38.201552383,-85.687712153,2.182,5/18/2020 12:00:00 AM,0530,2,2,0,1,RAINING,WET,False,ANGLE COLLISION - OTHER,ANGLE,STRAIGHT & HILLCREST,DARK-HWY LIGHTED/ON,,,5/18/2020 3:05:14 PM,False,7916,Accepted,
26707393,0568000,LOUISVILLE METRO POLICE DEPT,Accepted,JEFFERSON,KY0907,,SOUTHSIDE,DR,,KY1142,PALATKA,,,,,38.148766351,-85.771726185,6.596,5/18/2020 12:00:00 AM,0645,2,2,0,0,CLOUDY,WET,False,OTHER INTERSECTION COLLISIONS,REAR END,STRAIGHT & LEVEL,DAWN,,,5/18/2020 3:05:07 PM,False,5293,Accepted,
26714047,0568000,LOUISVILLE METRO POLICE DEPT,Accepted,JEFFERSON,I 0264,,I264 E,,,,,I 0064,I64 E EXIT19 TRANSIT,I 0064,I64 E EXIT19A RAMP TO I64 E,38.234527159,-85.625361855,18.649,5/18/2020 12:00:00 AM,1706,2,2,0,1,RAINING,WET,False,SIDESWIPE COLLISION - SAME DIRECTION,SIDESWIPE-SAME DIRECTION,STRAIGHT & LEVEL,DAYLIGHT,,,5/20/2020 8:08:51 AM,False,7751,Accepted,
26718354,0568000,LOUISVILLE METRO POLICE DEPT,Accepted,JEFFERSON,KY0907,,SOUTHSIDE,DR,,,SOUTHVIEW,,,,,38.151479595,-85.766437856,6.943,5/18/2020 12:00:00 AM,1457,2,2,0,3,OTHER,DRY,False,HEAD-ON COLLISION,HEAD ON,CURVE & GRADE,DAYLIGHT,,,5/21/2020 8:53:27 AM,False,7720,Accepted,
26709864,0568000,LOUISVILLE METRO POLICE DEPT,Accepted,JEFFERSON,I 0065,,I65 N,,,,,,,,,38.251779443,-85.747676403,135.807,5/18/2020 12:00:00 AM,2327,2,2,0,0,CLEAR,DRY,True,SIDESWIPE COLLISION - SAME DIRECTION,SIDESWIPE-SAME DIRECTION,CURVE & LEVEL,DARK-HWY LIGHTED/ON,,,5/19/2020 8:23:12 AM,False,5122,Accepted,
26714207,0564400,INDIAN HILLS POLICE DEPARTMENT,Accepted,JEFFERSON,US0042,,BROWNSBORO,RD,,,,,HUBBARDS,,SUNNYVIEW,38.270514640,-85.652834644,4.670,5/18/2020 12:00:00 AM,1855,2,2,0,0,CLOUDY,DRY,False,SIDESWIPE COLLISION - SAME DIRECTION,SIDESWIPE-SAME DIRECTION,STRAIGHT & GRADE,DAYLIGHT,,,5/20/2020 8:45:03 AM,False,4423,Accepted,
26709821,0568000,LOUISVILLE METRO POLICE DEPT,Accepted,JEFFERSON,US0031W,,DIXIE,HWY,,KY1931,ST ANDREWS CHURCH,,,,,38.143630763,-85.839511085,11.676,5/18/2020 12:00:00 AM,0755,2,2,0,1,RAINING,WET,False,ANGLE COLLISION - OTHER,ANGLE,STRAIGHT & LEVEL,DAYLIGHT,,,5/19/2020 8:22:30 AM,False,7356,Accepted,
26709831,0568000,LOUISVILLE METRO POLICE DEPT,Accepted,JEFFERSON,I 0064,,I64 E,,,,,,,,,38.258824356,-85.758315532,4.449,5/18/2020 12:00:00 AM,1441,2,2,0,0,CLOUDY,DRY,False,REAR END IN TRAFFIC LANES BOTH VEHICLES MOVING,REAR END,STRAIGHT & LEVEL,DAYLIGHT,,,5/19/2020 8:22:35 AM,False,7937,Accepted,
26709856,0568000,LOUISVILLE METRO POLICE DEPT,Accepted,JEFFERSON,,,ARCADE,AVE,,KY1931,7TH ST,,,,,38.209502451,-85.787079290,0.594,5/18/2020 12:00:00 AM,1224,2,2,0,0,RAINING,WET,False,ANGLE COLLISION - OTHER,ANGLE,STRAIGHT & LEVEL,DAYLIGHT,,,5/19/2020 8:22:53 AM,False,7468,Accepted,
26709863,0568000,LOUISVILLE METRO POLICE DEPT,Accepted,JEFFERSON,KY0061,,PRESTON,HWY,,,,,,,,38.175773510,-85.713924860,6.978,5/18/2020 12:00:00 AM,1938,2,2,0,0,CLOUDY,WET,False,OTHER ROADWAY OR MID-BLOCK COLLISION,OPPOSING LEFT TURN,STRAIGHT & LEVEL,DAYLIGHT,,,5/19/2020 8:23:08 AM,False,5144,Accepted,
26707399,0568000,LOUISVILLE METRO POLICE DEPT,Accepted,JEFFERSON,,,26TH,ST,S,,CEDAR,,,,,38.256579922,-85.794101791,0.288,5/18/2020 12:00:00 AM,0853,3,3,0,0,RAINING,WET,False,ANGLE COLLISION - OTHER,ANGLE,STRAIGHT & LEVEL,DAWN,,,5/18/2020 3:05:25 PM,False,7463,Accepted,
26709853,0568000,LOUISVILLE METRO POLICE DEPT,Accepted,JEFFERSON,,6400,LADD,AVE,,KY2051,LEES,,,,,38.192728664,-85.859409662,0.419,5/18/2020 12:00:00 AM,0921,1,1,0,0,RAINING,WET,False,OTHER INTERSECTION COLLISIONS,SINGLE VEHICLE,STRAIGHT & LEVEL,DAYLIGHT,,,5/19/2020 8:22:46 AM,False,5208,Accepted,
26709855,0568000,LOUISVILLE METRO POLICE DEPT,Accepted,JEFFERSON,,,3RD,ST,S,,,,,,,38.178746599,-85.766755092,1.507,5/18/2020 12:00:00 AM,1437,2,2,0,1,RAINING,WET,False,1 VEHICLE ENTERING/LEAVING ENTRANCE,ANGLE,STRAIGHT & LEVEL,DAYLIGHT,,,5/19/2020 8:22:50 AM,False,5127,Accepted,
26710815,0568000,LOUISVILLE METRO POLICE DEPT,Accepted,JEFFERSON,US0031E,,BARDSTOWN,RD,,,,,,,,38.187479868,-85.638537204,9.469,5/18/2020 12:00:00 AM,1411,2,2,0,1,RAINING,WET,False,HEAD-ON COLLISION,HEAD ON,STRAIGHT & LEVEL,DAYLIGHT,,,5/19/2020 11:36:55 AM,False,4693,Accepted,
26707391,0568000,LOUISVILLE METRO POLICE DEPT,Accepted,JEFFERSON,KY0864,,GOSS,AVE,,,TEXAS,,,,,38.226621125,-85.734407797,14.008,5/18/2020 12:00:00 AM,0005,2,2,0,0,CLOUDY,DRY,False,COLLISION WITH PARKED VEHICLE,REAR END,STRAIGHT & LEVEL,DARK-HWY LIGHTED/ON,,,5/18/2020 3:05:00 PM,False,7344,Accepted,
26707398,0568000,LOUISVILLE METRO POLICE DEPT,Accepted,JEFFERSON,US0031E,,BARDSTOWN,RD,,,,,,,,38.210239867,-85.670566270,12.003,5/18/2020 12:00:00 AM,0812,5,5,0,0,RAINING,WET,False,1 VEHICLE ENTERING/LEAVING ENTRANCE,ANGLE,STRAIGHT & LEVEL,DAYLIGHT,,,5/18/2020 3:05:21 PM,False,7284,Accepted,
26940912,0568000,LOUISVILLE METRO POLICE DEPT,Accepted,JEFFERSON,KY1065,,OUTER,LOOP,,,,I 0065,I65 S EXIT127 OFF RAMP TO KY1065,I 0065,I65 S EXIT127 OFF RAMP TO KY6162,38.136641784,-85.713443810,4.564,5/18/2020 12:00:00 AM,1445,4,4,1,1,CLOUDY,DRY,False,1 VEHICLE ENTERING/LEAVING ENTRANCE,ANGLE,STRAIGHT & GRADE,DAYLIGHT,,,7/16/2020 2:28:09 PM,False,7840,Accepted,
26707374,0568000,LOUISVILLE METRO POLICE DEPT,Accepted,JEFFERSON,US0031W,10307,DIXIE,HWY,,,,,,,,38.105374728,-85.868167473,8.459,5/17/2020 12:00:00 AM,1133,2,1,0,0,CLEAR,DRY,False,COLLISION WITH BICYCLIST NON INTERSECTION,SINGLE VEHICLE,STRAIGHT & LEVEL,DAYLIGHT,,,5/18/2020 3:03:46 PM,False,7205,Accepted,