IncidentID,AgencyORI,AgencyName,IncidentStatusDesc,County,RdwyNumber,Street,RoadwayName,StreetSfx,StreetDir,IntersectionRdwy,IntersectionRdwyName,BetweenStRdwy1,BetweenStRdwyName1,BetweenStRdwy2,BetweenStRdwyName2,Latitude,Longitude,Milepoint,CollisionDate,CollisionTime,UnitsInvolved,MotorVehiclesInvolved,NumberKilled,NumberInjured,Weather,RdwyConditionCode,HitandRun,DirAnalysisCode,MannerofCollision,RdwyCharacter,LightCondition,RampFromRdwyId,RampToRdwyId,AcceptedDate,IsSecondaryCollision,OwnerBadge,IncidentStatus,
26699320,0560400,SHIVELY POLICE DEPARTMENT,Accepted,JEFFERSON,I 0264,,I264 E,,,,,,,,,38.185647002,-85.821997821,6.970,5/15/2020 12:00:00 AM,1739,1,1,0,1,RAINING,WET,False,OTHER ROADWAY OR MID-BLOCK COLLISION,SINGLE VEHICLE,STRAIGHT & LEVEL,DAYLIGHT,,,5/15/2020 8:18:46 PM,True,7128,Accepted,
26697015,0568000,LOUISVILLE METRO POLICE DEPT,Accepted,JEFFERSON,,,34TH,ST,S,,VIRGINIA,,,,,38.238973804,-85.810268622,1.633,5/15/2020 12:00:00 AM,0020,2,2,0,2,CLEAR,DRY,False,ANGLE COLLISION - OTHER,ANGLE,STRAIGHT & LEVEL,DARK-HWY LIGHTED/ON,,,5/15/2020 8:20:21 AM,False,5290,Accepted,
26707335,0568000,LOUISVILLE METRO POLICE DEPT,Accepted,JEFFERSON,US0031E,,BARDSTOWN,RD,,,RICHMOND,,,,,38.227046561,-85.698877852,13.964,5/15/2020 12:00:00 AM,1234,2,1,0,0,CLOUDY,WET,False,COLLISION WITH PEDESTRIAN IN INTERSECTION,SINGLE VEHICLE,STRAIGHT & LEVEL,DAYLIGHT,,,5/18/2020 3:02:21 PM,False,7960,Accepted,
26709866,0568000,LOUISVILLE METRO POLICE DEPT,Accepted,JEFFERSON,,1200 BLK,CLAY,ST,S,,,,OAK,,GWENDOLYN,38.233164098,-85.743560337,1.521,5/15/2020 12:00:00 AM,0556,3,3,0,1,CLEAR,DRY,False,1 VEHICLE PARKED POSITION (NOT PARKING LOT/DRIVEWAY),HEAD ON,STRAIGHT & LEVEL,DAWN,,,5/19/2020 8:23:16 AM,False,5204,Accepted,
26708054,0560400,SHIVELY POLICE DEPARTMENT,Accepted,JEFFERSON,I 0264,,I264 E,,,,,,,,,38.185647002,-85.821997821,6.970,5/15/2020 12:00:00 AM,1739,1,1,0,0,RAINING,WET,False,COLLISION WITH FIXED OBJECT NON - INTERSECTION - FIRST EVENT COLLISION 09 - 32 EXCLUDING 16,SINGLE VEHICLE,STRAIGHT & LEVEL,DAYLIGHT,,,5/18/2020 5:54:29 PM,False,7128,Accepted,
26714055,0568000,LOUISVILLE METRO POLICE DEPT,Accepted,JEFFERSON,I 0065,,I65 S,,,,,,,,,38.112706714,-85.701628039,125.000,5/15/2020 12:00:00 AM,1627,2,2,0,2,CLOUDY,DRY,False,SIDESWIPE COLLISION - SAME DIRECTION,SIDESWIPE-SAME DIRECTION,STRAIGHT & LEVEL,DAYLIGHT,,,5/20/2020 8:09:26 AM,False,2217,Accepted,
26732040,0568000,LOUISVILLE METRO POLICE DEPT,Accepted,JEFFERSON,,,23RD,ST,N,,DUNCAN,,,,,38.262753160,-85.787474067,0.091,5/15/2020 12:00:00 AM,2301,2,2,0,0,CLEAR,DRY,False,COLLISION WITH PARKED VEHICLE,SIDESWIPE-SAME DIRECTION,STRAIGHT & LEVEL,DARK-HWY LIGHTED/ON,,,5/25/2020 9:01:29 AM,False,7416,Accepted,
26732013,0568000,LOUISVILLE METRO POLICE DEPT,Accepted,JEFFERSON,,,SCENIC,LOOP,,,,,BARNEY,,EASTERN,38.236324758,-85.702908159,0.416,5/14/2020 12:00:00 AM,1940,2,0,0,1,CLEAR,DRY,True,SIDESWIPE COLLISION - SAME DIRECTION,SIDESWIPE-SAME DIRECTION,CURVE & GRADE,DAYLIGHT,,,5/25/2020 8:59:15 AM,False,2228,Accepted,
26709842,0568000,LOUISVILLE METRO POLICE DEPT,Accepted,JEFFERSON,,,BERRY,BLVD,,KY1865,TAYLOR,,,,,38.196304980,-85.782958366,0.001,5/14/2020 12:00:00 AM,1530,2,2,0,1,CLEAR,DRY,False,COLLISION WITH PARKED VEHICLE,BACKING,STRAIGHT & LEVEL,DAYLIGHT,,,5/19/2020 8:22:39 AM,False,7298,Accepted,
26731958,0568000,LOUISVILLE METRO POLICE DEPT,Accepted,JEFFERSON,KY1747,,HURSTBOURNE,PKWY,N,,,,,,,38.288975346,-85.573458407,17.163,5/14/2020 12:00:00 AM,1922,2,2,0,0,CLEAR,DRY,False,1 VEHICLE ENTERING/LEAVING ENTRANCE,ANGLE,STRAIGHT & LEVEL,DAYLIGHT,,,5/25/2020 8:56:11 AM,False,5102,Accepted,
26731956,0568000,LOUISVILLE METRO POLICE DEPT,Accepted,JEFFERSON,,,KENTUCKY,ST,W,,,,1ST,KY1020,2ND,38.238409647,-85.754772854,3.740,5/14/2020 12:00:00 AM,1622,3,3,0,0,CLEAR,DRY,True,1 VEHICLE PARKED POSITION (NOT PARKING LOT/DRIVEWAY),SIDESWIPE-SAME DIRECTION,STRAIGHT & LEVEL,DAYLIGHT,,,5/25/2020 8:56:03 AM,False,7619,Accepted,
26697023,0568000,LOUISVILLE METRO POLICE DEPT,Accepted,JEFFERSON,,1600,BRASHEAR,DR,,,,,,,,38.225375884,-85.775721197,0.129,5/14/2020 12:00:00 AM,2250,2,2,0,0,CLEAR,DRY,True,SIDESWIPE COLLISION - OPPOSITE DIRECTION,SIDESWIPE-OPPOSITE DIRECTION,STRAIGHT & LEVEL,DARK-HWY LIGHTED/ON,,,5/15/2020 8:20:58 AM,False,5292,Accepted,
26711208,0568000,LOUISVILLE METRO POLICE DEPT,Accepted,JEFFERSON,I 0065,,I65 N,,,,,,,,,38.209878739,-85.752884431,132.743,5/14/2020 12:00:00 AM,0545,2,1,0,1,CLOUDY,DRY,False,1 VEHICLE ENTERING/LEAVING ENTRANCE,ANGLE,CURVE & LEVEL,DARK-HWY LIGHTED/ON,,,5/19/2020 12:47:19 PM,True,5037,Accepted,
26697008,0568000,LOUISVILLE METRO POLICE DEPT,Accepted,JEFFERSON,,,JAN,WAY,,,,,BONAVANT,,CANOPUS,38.124741370,-85.692066018,0.275,5/14/2020 12:00:00 AM,1751,1,1,0,1,CLEAR,DRY,False,OTHER COLLISIONS ON SHOULDER,SINGLE VEHICLE,STRAIGHT & LEVEL,DAYLIGHT,,,5/15/2020 8:19:53 AM,False,2324,Accepted,
26697014,0568000,LOUISVILLE METRO POLICE DEPT,Accepted,JEFFERSON,KY1931,4953,MANSLICK,RD,,,GAGEL,,,,,38.170741346,-85.797368263,6.487,5/14/2020 12:00:00 AM,2230,2,1,0,1,CLEAR,DRY,False,COLLISION IN PARKING LOT,SINGLE VEHICLE,STRAIGHT & LEVEL,DARK-HWY LIGHTED/ON,,,5/15/2020 8:20:17 AM,False,5237,Accepted,
26714050,0568000,LOUISVILLE METRO POLICE DEPT,Accepted,JEFFERSON,KY2054,,ALGONQUIN,PKWY,,,,,,,,38.223391670,-85.795950932,1.456,5/14/2020 12:00:00 AM,1026,2,2,0,0,CLEAR,DRY,False,VEHICLE BACKING NON INTERSECTION,BACKING,STRAIGHT & LEVEL,DAYLIGHT,,,5/20/2020 8:09:03 AM,False,5257,Accepted,
26710816,0568000,LOUISVILLE METRO POLICE DEPT,Accepted,JEFFERSON,KY1747,,FERN VALLEY,RD,,,,,,,,38.155815342,-85.651670057,4.418,5/14/2020 12:00:00 AM,1600,1,1,0,1,CLEAR,DRY,False,OTHER ROADWAY OR MID-BLOCK COLLISION,SINGLE VEHICLE,STRAIGHT & LEVEL,DAYLIGHT,,,5/19/2020 11:36:58 AM,False,7573,Accepted,
26697013,0568000,LOUISVILLE METRO POLICE DEPT,Accepted,JEFFERSON,US0031W,,DIXIE,HWY,,,PAGES,,,,,38.130232547,-85.847815044,10.495,5/14/2020 12:00:00 AM,1948,2,2,0,2,CLEAR,DRY,False,OPPOSING LEFT TURN,OPPOSING LEFT TURN,STRAIGHT & LEVEL,DAYLIGHT,,,5/15/2020 8:20:13 AM,False,7160,Accepted,
26697005,0568000,LOUISVILLE METRO POLICE DEPT,Accepted,JEFFERSON,I 0064,,,,,,,,,,,38.257861589,-85.723761344,0.150,5/14/2020 12:00:00 AM,1703,2,2,0,0,CLEAR,DRY,False,OTHER RAMP RELATED COLLISIONS NOT LISTED ABOVE,SIDESWIPE-SAME DIRECTION,STRAIGHT & LEVEL,DAYLIGHT,I 0064,STORY AVE,5/15/2020 8:19:41 AM,False,2764,Accepted,
26697006,0568000,LOUISVILLE METRO POLICE DEPT,Accepted,JEFFERSON,,,INDIAN,TRL,E,KY0864,POPLAR LEVEL,,,,,38.171566979,-85.685015162,1.215,5/14/2020 12:00:00 AM,1630,3,3,0,0,CLEAR,DRY,False,SIDESWIPE-SAME DIRECTION,SIDESWIPE-SAME DIRECTION,STRAIGHT & LEVEL,DAYLIGHT,,,5/15/2020 8:19:44 AM,False,2796,Accepted,
26697007,0568000,LOUISVILLE METRO POLICE DEPT,Accepted,JEFFERSON,KY1142,,PALATKA,RD,,,VENETIAN,,,,,38.154109161,-85.796665210,0.306,5/14/2020 12:00:00 AM,1818,2,2,0,1,CLEAR,DRY,False,NON-COLLISION OBJECT COLLISION,HEAD ON,CURVE & LEVEL,DAYLIGHT,,,5/15/2020 8:19:50 AM,False,7424,Accepted,
26709862,0568000,LOUISVILLE METRO POLICE DEPT,Accepted,JEFFERSON,,1025,CECIL,AVE,,,,,,,,38.244550538,-85.821085471,1.072,5/14/2020 12:00:00 AM,1917,2,2,0,0,CLEAR,DRY,False,VEHICLE BACKING NON INTERSECTION,BACKING,STRAIGHT & LEVEL,DAYLIGHT,,,5/19/2020 8:23:05 AM,False,7349,Accepted,
26697017,0568000,LOUISVILLE METRO POLICE DEPT,Accepted,JEFFERSON,KY3064,,PORTLAND,AVE,,,27TH,,,,,38.271812967,-85.792126095,0.549,5/14/2020 12:00:00 AM,2000,2,2,0,0,CLEAR,DRY,False,SIDESWIPE-SAME DIRECTION,SIDESWIPE-SAME DIRECTION,STRAIGHT & LEVEL,DAYLIGHT,,,5/15/2020 8:20:27 AM,False,7173,Accepted,
26692527,0568000,LOUISVILLE METRO POLICE DEPT,Accepted,JEFFERSON,I 0064,,I64 E,,,I 0064,I64 E EXIT6 RAMP TO I71 N,,,,,38.261010758,-85.733168383,5.943,5/14/2020 12:00:00 AM,0220,1,1,0,1,CLEAR,WET,False,OTHER INTERSECTION COLLISIONS,SINGLE VEHICLE,STRAIGHT & LEVEL,DARK-HWY LIGHTED/ON,,,5/14/2020 8:05:41 AM,False,5172,Accepted,
26692528,0568000,LOUISVILLE METRO POLICE DEPT,Accepted,JEFFERSON,I 0064,,,,,,,,,,,38.276696664,-85.808539312,0.093,5/14/2020 12:00:00 AM,0345,1,1,0,2,CLEAR,WET,False,COLLISION WITH FIXED OBJECT NOT IN GORE ,SINGLE VEHICLE,CURVE & LEVEL,DARK-HWY LIGHTED/ON,I 0064,I 0264,5/14/2020 8:05:44 AM,False,7173,Accepted,
26692521,0568000,LOUISVILLE METRO POLICE DEPT,Accepted,JEFFERSON,,,GLENGARRY,DR,,,WESTCOLT,,,,,38.121296237,-85.739489713,1.261,5/14/2020 12:00:00 AM,0151,1,1,0,0,CLEAR,WET,True,COLLISION WITH FIXED OBJECT IN INTERSECTION - FIRST EVENT COLLISION 09 - 32,SINGLE VEHICLE,CURVE & LEVEL,DARK-HWY LIGHTED/ON,,,5/14/2020 8:05:30 AM,False,7074,Accepted,
26692529,0568000,LOUISVILLE METRO POLICE DEPT,Accepted,JEFFERSON,I 0064,,,,,,,,,,,38.272565587,-85.808456530,0.003,5/14/2020 12:00:00 AM,0504,1,1,0,1,CLEAR,WET,False,COLLISION WITH FIXED OBJECT NOT IN GORE ,SINGLE VEHICLE,CURVE & LEVEL,DARK-HWY LIGHTED/ON,I 0064,I 0064,5/14/2020 8:05:47 AM,False,7173,Accepted,
26694038,0568000,LOUISVILLE METRO POLICE DEPT,Accepted,JEFFERSON,KY1747,,HURSTBOURNE,PKWY,S,,,,,,,38.186859300,-85.605920981,8.790,5/14/2020 12:00:00 AM,0820,2,2,0,0,CLEAR,WET,False,COLLISION IN PARKING LOT,BACKING,STRAIGHT & LEVEL,DAYLIGHT,,,5/14/2020 1:41:52 PM,False,7750,Accepted,
26696997,0568000,LOUISVILLE METRO POLICE DEPT,Accepted,JEFFERSON,,,4TH,ST,S,,,,HEYWOOD,,CENTRAL,38.205250380,-85.765552379,3.580,5/14/2020 12:00:00 AM,1552,2,2,0,0,CLEAR,DRY,False,1 VEHICLE ENTERING/LEAVING ENTRANCE,ANGLE,STRAIGHT & LEVEL,DAYLIGHT,,,5/15/2020 8:18:57 AM,False,2499,Accepted,
26696999,0568000,LOUISVILLE METRO POLICE DEPT,Accepted,JEFFERSON,US0031E,,BARDSTOWN,RD,,,BROOKRIDGE VILLAGE,,,,,38.145210681,-85.584967502,5.192,5/14/2020 12:00:00 AM,1706,2,2,0,1,CLEAR,DRY,False,HEAD-ON COLLISION,HEAD ON,STRAIGHT & LEVEL,DAYLIGHT,,,5/15/2020 8:19:04 AM,False,6337,Accepted,
26697000,0568000,LOUISVILLE METRO POLICE DEPT,Accepted,JEFFERSON,,,HIDDEN VALLEY FARM,RD,,,,,,,,38.086525386,-85.556495789,0.009,5/14/2020 12:00:00 AM,1530,2,2,0,0,CLEAR,DRY,False,COLLISION IN PARKING LOT,BACKING,STRAIGHT & LEVEL,DAYLIGHT,,,5/15/2020 8:19:12 AM,False,2321,Accepted,
26696995,0568000,LOUISVILLE METRO POLICE DEPT,Accepted,JEFFERSON,,,BASHFORD MANOR,LN,,,,,ADELE,US0031E,BARDSTOWN,38.202821352,-85.664680093,0.018,5/14/2020 12:00:00 AM,1252,2,2,0,0,CLEAR,DRY,False,OTHER ROADWAY OR MID-BLOCK COLLISION,REAR END,STRAIGHT & LEVEL,DAYLIGHT,,,5/15/2020 8:18:49 AM,False,7602,Accepted,
26697002,0568000,LOUISVILLE METRO POLICE DEPT,Accepted,JEFFERSON,KY1703,,NEWBURG,RD,,I 0264,I264 E EXIT15 ON RAMP FROM KY1703 S,,,,,38.201532437,-85.687644082,2.178,5/14/2020 12:00:00 AM,1615,2,2,0,1,CLEAR,DRY,False,ANGLE COLLISION - OTHER,ANGLE,STRAIGHT & LEVEL,DAYLIGHT,,,5/15/2020 8:19:30 AM,False,6813,Accepted,
26697003,0568000,LOUISVILLE METRO POLICE DEPT,Accepted,JEFFERSON,KY1447,,WESTPORT,RD,,,,,CREEKSIDE,KY1747,HURSTBOURNE,38.288172941,-85.570931985,5.313,5/14/2020 12:00:00 AM,0948,2,2,0,1,RAINING,WET,False,OTHER ROADWAY OR MID-BLOCK COLLISION,REAR END,STRAIGHT & LEVEL,DAYLIGHT,,,5/15/2020 8:19:33 AM,False,7751,Accepted,
26697012,0568000,LOUISVILLE METRO POLICE DEPT,Accepted,JEFFERSON,US0031W,,MARKET,ST,W,,12TH,,,,,38.256686079,-85.770006184,21.100,5/14/2020 12:00:00 AM,1005,1,1,0,0,CLEAR,WET,True,COLLISION WITH FIXED OBJECT IN INTERSECTION - FIRST EVENT COLLISION 09 - 32,SINGLE VEHICLE,STRAIGHT & LEVEL,DAYLIGHT,,,5/15/2020 8:20:10 AM,False,2854,Accepted,
26697018,0568000,LOUISVILLE METRO POLICE DEPT,Accepted,JEFFERSON,,,MARKET,ST,W,,34TH,,,,,38.260973407,-85.806922675,1.117,5/14/2020 12:00:00 AM,2047,2,2,0,1,CLEAR,DRY,False,SIDESWIPE-SAME DIRECTION,SIDESWIPE-SAME DIRECTION,STRAIGHT & LEVEL,DAYLIGHT,,,5/15/2020 8:20:32 AM,False,7489,Accepted,
26697019,0568000,LOUISVILLE METRO POLICE DEPT,Accepted,JEFFERSON,I 0265,,I265 E,,,,,,,,,38.113937051,-85.664339172,12.372,5/14/2020 12:00:00 AM,2246,1,1,0,0,CLEAR,DRY,False,COLLISION WITH FIXED OBJECT NON - INTERSECTION - FIRST EVENT COLLISION 09 - 32 EXCLUDING 16,SINGLE VEHICLE,STRAIGHT & LEVEL,DARK-HWY LIGHTED/ON,,,5/15/2020 8:20:37 AM,False,7474,Accepted,
26697020,0568000,LOUISVILLE METRO POLICE DEPT,Accepted,JEFFERSON,I 0065,,I65 N,,,,,,,,,38.209937384,-85.752893425,132.747,5/14/2020 12:00:00 AM,0545,1,1,0,0,CLOUDY,DRY,False,OTHER ROADWAY OR MID-BLOCK COLLISION,SINGLE VEHICLE,CURVE & LEVEL,DARK-HWY LIGHTED/ON,,,5/15/2020 8:20:40 AM,False,5037,Accepted,
26697254,0560600,WEST BUECHEL POLICE DEPT.,Accepted,JEFFERSON,,2020,BASHFORD MANOR,LN,,,,,,,,38.200641438,-85.668946120,0.290,5/14/2020 12:00:00 AM,1530,2,2,0,0,CLEAR,DRY,True,COLLISION IN PARKING LOT,SIDESWIPE-OPPOSITE DIRECTION,STRAIGHT & LEVEL,DAYLIGHT,,,5/15/2020 9:38:00 AM,False,1290,Accepted,
26845748,0568000,LOUISVILLE METRO POLICE DEPT,Accepted,JEFFERSON,KY1934,,CANE RUN,RD,,,,,HUDSON,KY2056,BELLS,38.221430361,-85.812171253,11.239,5/14/2020 12:00:00 AM,2342,2,2,0,1,CLEAR,DRY,False,OTHER ROADWAY OR MID-BLOCK COLLISION,REAR END,STRAIGHT & LEVEL,DARK-HWY LIGHTED/ON,,,6/22/2020 10:31:07 AM,False,7536,Accepted,
26697010,0568000,LOUISVILLE METRO POLICE DEPT,Accepted,JEFFERSON,,,JEFFERSON,ST,W,,6TH,,,,,38.254199289,-85.760320621,0.454,5/13/2020 12:00:00 AM,0809,3,2,0,3,RAINING,WET,False,ANGLE COLLISION - OTHER,ANGLE,STRAIGHT & LEVEL,DAYLIGHT,,,5/15/2020 8:20:01 AM,False,2854,Accepted,
26697011,0568000,LOUISVILLE METRO POLICE DEPT,Accepted,JEFFERSON,US0150,,BROADWAY,,W,,,,,,,38.247177819,-85.769164990,1.785,5/13/2020 12:00:00 AM,1540,2,2,0,0,RAINING,WET,False,REAR END IN TRAFFIC LANES BOTH VEHICLES MOVING,REAR END,STRAIGHT & LEVEL,DAYLIGHT,,,5/15/2020 8:20:06 AM,False,2854,Accepted,
26689202,0568000,LOUISVILLE METRO POLICE DEPT,Accepted,JEFFERSON,,5610,MINYARD,DR,,,,,,,,38.138358482,-85.697422704,0.112,5/13/2020 12:00:00 AM,0339,1,1,0,0,CLEAR,DRY,False,COLLISION WITH FIXED OBJECT NON - INTERSECTION - FIRST EVENT COLLISION 09 - 32 EXCLUDING 16,SINGLE VEHICLE,STRAIGHT & LEVEL,DARK-HWY LIGHTED/OFF,,,5/13/2020 10:12:54 AM,False,5040,Accepted,
26692509,0568000,LOUISVILLE METRO POLICE DEPT,Accepted,JEFFERSON,,,CHAMBERLAIN,LN,,,GARDEN LEAF,,,,,38.308187186,-85.565570907,3.716,5/13/2020 12:00:00 AM,0941,2,2,0,0,RAINING,WET,True,OPPOSITE DIRECTION - BOTH VEHICLES GOING STRAIGHT AHEAD,SIDESWIPE-OPPOSITE DIRECTION,CURVE & LEVEL,DAYLIGHT,,,5/14/2020 8:04:57 AM,False,7751,Accepted,
26692511,0568000,LOUISVILLE METRO POLICE DEPT,Accepted,JEFFERSON,I 0071,,I71 S,,,,,,,,,38.315121464,-85.581672710,9.114,5/13/2020 12:00:00 AM,1124,2,2,0,0,RAINING,WET,False,SIDESWIPE COLLISION - SAME DIRECTION,SIDESWIPE-SAME DIRECTION,STRAIGHT & LEVEL,DAYLIGHT,,,5/14/2020 8:05:00 AM,False,7751,Accepted,
26707338,0568000,LOUISVILLE METRO POLICE DEPT,Accepted,JEFFERSON,KY1020,6908,SOUTHSIDE,DR,,,,,,,,38.155887454,-85.764681483,5.929,5/13/2020 12:00:00 AM,0654,1,1,0,0,RAINING,WET,False,COLLISION WITH FIXED OBJECT NON - INTERSECTION - FIRST EVENT COLLISION 09 - 32 EXCLUDING 16,SINGLE VEHICLE,STRAIGHT & HILLCREST,DAYLIGHT,,,5/18/2020 3:02:33 PM,False,5276,Accepted,
26692516,0568000,LOUISVILLE METRO POLICE DEPT,Accepted,JEFFERSON,KY1931,,MANSLICK,RD,,,,,,,,38.175066319,-85.797799648,6.922,5/13/2020 12:00:00 AM,1259,1,1,0,0,RAINING,OIL,False,COLLISION WITH FIXED OBJECT NON - INTERSECTION - FIRST EVENT COLLISION 09 - 32 EXCLUDING 16,SINGLE VEHICLE,CURVE & HILLCREST,DAYLIGHT,,,5/14/2020 8:05:15 AM,False,7667,Accepted,
26692517,0568000,LOUISVILLE METRO POLICE DEPT,Accepted,JEFFERSON,KY1020,,SOUTHSIDE,DR,,,AMHERST,,,,,38.174469146,-85.764772424,7.198,5/13/2020 12:00:00 AM,1638,2,2,0,1,RAINING,WET,False,ANGLE COLLISION - OTHER,ANGLE,STRAIGHT & LEVEL,DAYLIGHT,,,5/14/2020 8:05:19 AM,False,5052,Accepted,
26692525,0568000,LOUISVILLE METRO POLICE DEPT,Accepted,JEFFERSON,,,BATES,RD,,,PENNSYLVANIA RUN,,,,,38.118830131,-85.629763548,,5/13/2020 12:00:00 AM,2027,1,1,0,1,RAINING,WET,False,COLLISION WITH FIXED OBJECT IN INTERSECTION - FIRST EVENT COLLISION 09 - 32,SINGLE VEHICLE,STRAIGHT & LEVEL,DUSK,,,5/14/2020 8:05:33 AM,False,7474,Accepted,
26695095,0561500,UNIV. OF LOUISVILLE POLICE,Accepted,JEFFERSON,,,BROOK,ST,S,,BRANDEIS,,,,,38.220106023,-85.756650226,1.074,5/13/2020 12:00:00 AM,2031,1,1,0,0,CLOUDY,WET,False,COLLISION WITH FIXED OBJECT IN INTERSECTION - FIRST EVENT COLLISION 09 - 32,SINGLE VEHICLE,CURVE & LEVEL,DUSK,,,5/14/2020 6:27:35 PM,False,5690,Accepted,
26689205,0568000,LOUISVILLE METRO POLICE DEPT,Accepted,JEFFERSON,I 0064,,I64 W,,,,,I 0064,I64 W EXIT137 RAMP TO I64 W,I 0064,I64 W EXIT5 OFF RAMP TO  N  3RD ST,38.258843844,-85.747409684,4.802,5/13/2020 12:00:00 AM,0741,1,1,0,0,RAINING,WET,False,OTHER ROADWAY OR MID-BLOCK COLLISION,SINGLE VEHICLE,CURVE & LEVEL,DAYLIGHT,,,5/13/2020 10:13:01 AM,False,2000,Accepted,
26692505,0568000,LOUISVILLE METRO POLICE DEPT,Accepted,JEFFERSON,I 0064,,I64 W,,,I 0064,I64 W EXIT19A RAMP TO I265 S,,,,,38.222902806,-85.506870352,18.798,5/13/2020 12:00:00 AM,1015,1,1,0,0,RAINING,WET,False,COLLISION WITH FIXED OBJECT IN INTERSECTION - FIRST EVENT COLLISION 09 - 32,SINGLE VEHICLE,CURVE & LEVEL,DAYLIGHT,,,5/14/2020 8:04:43 AM,False,7018,Accepted,
26692506,0568000,LOUISVILLE METRO POLICE DEPT,Accepted,JEFFERSON,KY1934,,GREENBELT,HWY,,,INTERMODAL,,,,,38.157203030,-85.884831582,5.173,5/13/2020 12:00:00 AM,1043,2,2,0,0,RAINING,WET,False,ANGLE COLLISION - OTHER,ANGLE,STRAIGHT & LEVEL,DAYLIGHT,,,5/14/2020 8:04:46 AM,False,7485,Accepted,
26692513,0568000,LOUISVILLE METRO POLICE DEPT,Accepted,JEFFERSON,KY0061,,PRESTON,HWY,,,INDIAN,,,,,38.168749308,-85.706567457,6.338,5/13/2020 12:00:00 AM,1659,2,2,0,0,RAINING,WET,True,OTHER INTERSECTION COLLISIONS,REAR END,STRAIGHT & LEVEL,DAYLIGHT,,,5/14/2020 8:05:05 AM,False,2796,Accepted,
26692514,0568000,LOUISVILLE METRO POLICE DEPT,Accepted,JEFFERSON,KY0907,7800,3RD ST,RD,,,,,,,,38.130234563,-85.792746244,4.873,5/13/2020 12:00:00 AM,1658,2,2,0,2,RAINING,WET,False,1 VEHICLE ENTERING/LEAVING ENTRANCE,ANGLE,STRAIGHT & LEVEL,DAYLIGHT,,,5/14/2020 8:05:08 AM,False,7768,Accepted,
26692530,0568000,LOUISVILLE METRO POLICE DEPT,Accepted,JEFFERSON,KY1931,,MANSLICK,RD,,,ESKRIDGE,,,,,38.175369620,-85.797816400,6.937,5/13/2020 12:00:00 AM,1132,1,1,0,0,RAINING,OIL,False,OTHER INTERSECTION COLLISIONS,SINGLE VEHICLE,STRAIGHT & GRADE,DAYLIGHT,,,5/14/2020 8:05:50 AM,False,7977,Accepted,
26694034,0568000,LOUISVILLE METRO POLICE DEPT,Accepted,JEFFERSON,KY0061,,PRESTON,HWY,,,,,GILMORE,,VIM,38.174428817,-85.712534173,6.862,5/13/2020 12:00:00 AM,1106,2,2,0,0,RAINING,WET,False,SIDESWIPE COLLISION - SAME DIRECTION,SIDESWIPE-SAME DIRECTION,STRAIGHT & LEVEL,DAYLIGHT,,,5/14/2020 1:41:36 PM,False,7602,Accepted,
26694035,0568000,LOUISVILLE METRO POLICE DEPT,Accepted,JEFFERSON,I 0064,,I64 W,,,,,,,,,38.223687594,-85.532120819,17.422,5/13/2020 12:00:00 AM,1230,2,2,1,0,RAINING,WET,False,REAR END IN TRAFFIC LANES BOTH VEHICLES MOVING,REAR END,STRAIGHT & HILLCREST,DAYLIGHT,,,5/14/2020 1:41:39 PM,False,6886,Accepted,
26696998,0568000,LOUISVILLE METRO POLICE DEPT,Accepted,JEFFERSON,,,MADISON,ST,W,US0031W,DR W J HODGE,,,,,38.253119809,-85.785949927,0.733,5/13/2020 12:00:00 AM,1954,2,2,0,0,CLOUDY,WET,False,OPPOSING LEFT TURN,OPPOSING LEFT TURN,STRAIGHT & LEVEL,DAYLIGHT,,,5/15/2020 8:19:00 AM,False,5162,Accepted,
26694040,0568000,LOUISVILLE METRO POLICE DEPT,Accepted,JEFFERSON,,,7TH,ST,S,,HILL,,,,,38.227020148,-85.768936887,0.648,5/13/2020 12:00:00 AM,1620,2,2,0,0,RAINING,WET,False,COLLISION WITH FIXED OBJECT IN INTERSECTION - FIRST EVENT COLLISION 09 - 32,REAR TO REAR,CURVE & LEVEL,DAYLIGHT,,,5/14/2020 1:41:58 PM,False,7402,Accepted,
26689860,0568000,LOUISVILLE METRO POLICE DEPT,Accepted,JEFFERSON,KY2053,,THIXTON,LN,,,PEBBLE,,,,,38.089679533,-85.598798159,4.804,5/13/2020 12:00:00 AM,1158,2,2,0,1,RAINING,WET,False,OPPOSITE DIRECTION - BOTH VEHICLES GOING STRAIGHT AHEAD,SIDESWIPE-OPPOSITE DIRECTION,CURVE & LEVEL,DAYLIGHT,,,5/13/2020 1:53:02 PM,False,2017,Accepted,
26692503,0568000,LOUISVILLE METRO POLICE DEPT,Accepted,JEFFERSON,US0042,,BROWNSBORO,RD,,,COUNTRY,,,,,38.264766180,-85.669926938,3.660,5/13/2020 12:00:00 AM,1217,2,2,0,0,RAINING,WET,False,ANGLE COLLISION - OTHER,ANGLE,STRAIGHT & LEVEL,DAYLIGHT,,,5/14/2020 8:04:20 AM,False,7281,Accepted,