IncidentID,AgencyORI,AgencyName,IncidentStatusDesc,County,RdwyNumber,Street,RoadwayName,StreetSfx,StreetDir,IntersectionRdwy,IntersectionRdwyName,BetweenStRdwy1,BetweenStRdwyName1,BetweenStRdwy2,BetweenStRdwyName2,Latitude,Longitude,Milepoint,CollisionDate,CollisionTime,UnitsInvolved,MotorVehiclesInvolved,NumberKilled,NumberInjured,Weather,RdwyConditionCode,HitandRun,DirAnalysisCode,MannerofCollision,RdwyCharacter,LightCondition,RampFromRdwyId,RampToRdwyId,AcceptedDate,IsSecondaryCollision,OwnerBadge,IncidentStatus,
26689858,0568000,LOUISVILLE METRO POLICE DEPT,Accepted,JEFFERSON,KY0061,,BRANDEIS,AVE,E,,BRADLEY,,,,,38.218213708,-85.751583674,10.856,5/13/2020 12:00:00 AM,1029,1,1,0,2,RAINING,WET,False,COLLISION WITH FIXED OBJECT IN INTERSECTION - FIRST EVENT COLLISION 09 - 32,SINGLE VEHICLE,CURVE & HILLCREST,DAYLIGHT,,,5/13/2020 1:52:47 PM,False,7390,Accepted,
26689859,0568000,LOUISVILLE METRO POLICE DEPT,Accepted,JEFFERSON,KY1142,1000,PALATKA,RD,,,,,,,,38.152118840,-85.785555343,0.930,5/13/2020 12:00:00 AM,1141,2,2,0,0,RAINING,WET,False,OTHER ROADWAY OR MID-BLOCK COLLISION,REAR END,STRAIGHT & GRADE,DAYLIGHT,,,5/13/2020 1:52:56 PM,False,7768,Accepted,
26692518,0568000,LOUISVILLE METRO POLICE DEPT,Accepted,JEFFERSON,,1801,ENGLISH STATION,RD,N,KY0146,LA GRANGE,,,,,38.271140584,-85.518671132,1.863,5/13/2020 12:00:00 AM,2252,1,1,0,0,CLEAR,WET,False,COLLISION WITH FIXED OBJECT IN INTERSECTION - FIRST EVENT COLLISION 09 - 32,SINGLE VEHICLE,CURVE & LEVEL,DARK-HWY NOT LIGHTED,,,5/14/2020 8:05:23 AM,False,5007,Accepted,
26692526,0568000,LOUISVILLE METRO POLICE DEPT,Accepted,JEFFERSON,I 0064,,I64 E,,,I 0064,I64 E EXIT6 RAMP TO I71 N,,,,,38.260887461,-85.734729277,5.870,5/13/2020 12:00:00 AM,2249,1,1,0,1,RAINING,WET,False,OTHER INTERSECTION COLLISIONS,SINGLE VEHICLE,STRAIGHT & LEVEL,DARK-HWY LIGHTED/ON,,,5/14/2020 8:05:37 AM,False,5172,Accepted,
26696996,0568000,LOUISVILLE METRO POLICE DEPT,Accepted,JEFFERSON,,,BLEVINS GAP,RD,,,ORELL,,,,,38.070101025,-85.879648707,0.297,5/13/2020 12:00:00 AM,0952,2,2,0,1,RAINING,WET,False,ANGLE COLLISION - OTHER,ANGLE,STRAIGHT & LEVEL,DAYLIGHT,,,5/15/2020 8:18:53 AM,False,7634,Accepted,
26707334,0568000,LOUISVILLE METRO POLICE DEPT,Accepted,JEFFERSON,I 0065,,I65 S,,,,,,,,,38.206402711,-85.745204835,132.197,5/13/2020 12:00:00 AM,0102,2,2,0,0,CLEAR,DRY,False,REAR END IN TRAFFIC LANES BOTH VEHICLES MOVING,REAR END,STRAIGHT & LEVEL,DUSK,,,5/18/2020 3:02:17 PM,False,7400,Accepted,
26707392,0568000,LOUISVILLE METRO POLICE DEPT,Accepted,JEFFERSON,,2710,BROADWAY,,W,,,,,,,38.249534693,-85.797059167,0.483,5/13/2020 12:00:00 AM,1400,2,1,0,1,RAINING,WET,False,COLLISION WITH BICYCLIST NON INTERSECTION,SINGLE VEHICLE,STRAIGHT & LEVEL,DAYLIGHT,,,5/18/2020 3:05:04 PM,False,7241,Accepted,
26714054,0568000,LOUISVILLE METRO POLICE DEPT,Accepted,JEFFERSON,KY1865,,TAYLOR,BLVD,,,,,BLUEGRASS,,LYNNHURST,38.179238490,-85.783191224,5.005,5/13/2020 12:00:00 AM,1301,3,3,0,3,CLOUDY,WET,False,1 VEHICLE ENTERING/LEAVING ENTRANCE,ANGLE,CURVE & LEVEL,DAYLIGHT,,,5/20/2020 8:09:21 AM,False,2217,Accepted,
26707377,0568000,LOUISVILLE METRO POLICE DEPT,Accepted,JEFFERSON,,,MAGAZINE,ST,,,29TH,,,,,38.252236881,-85.799488651,1.773,5/12/2020 12:00:00 AM,1353,2,2,0,2,CLEAR,DRY,False,ANGLE COLLISION - OTHER,ANGLE,STRAIGHT & LEVEL,DAYLIGHT,,,5/18/2020 3:03:56 PM,False,5168,Accepted,
26697024,0568000,LOUISVILLE METRO POLICE DEPT,Accepted,JEFFERSON,,4577,2ND,ST,S,,,,,,,38.183735507,-85.764145347,1.052,5/12/2020 12:00:00 AM,1430,2,2,0,0,CLEAR,DRY,False,COLLISION IN PARKING LOT,REAR END,STRAIGHT & LEVEL,DAYLIGHT,,,5/15/2020 8:21:08 AM,False,7301,Accepted,
26722614,0568000,LOUISVILLE METRO POLICE DEPT,Accepted,JEFFERSON,,,MARKET,ST,W,,30TH,,,,,38.260162131,-85.799908084,0.739,5/12/2020 12:00:00 AM,1345,2,2,0,2,CLOUDY,DRY,False,ANGLE COLLISION - OTHER,ANGLE,STRAIGHT & LEVEL,DAYLIGHT,,,5/22/2020 8:22:03 AM,False,7840,Accepted,
26707363,0568000,LOUISVILLE METRO POLICE DEPT,Accepted,JEFFERSON,KY0907,,3RD ST,RD,,,,,,,,38.140431243,-85.781821611,5.796,5/12/2020 12:00:00 AM,1035,2,2,0,0,CLEAR,DRY,False,1 VEHICLE ENTERING/LEAVING ENTRANCE,ANGLE,STRAIGHT & LEVEL,DAYLIGHT,,,5/18/2020 3:03:24 PM,False,7053,Accepted,
26707381,0568000,LOUISVILLE METRO POLICE DEPT,Accepted,JEFFERSON,,6706,RUTLEDGE,RD,,,,,SYLVANIA NO 4,,SYLVANIA,38.154345582,-85.877551287,0.264,5/12/2020 12:00:00 AM,0920,1,1,0,1,CLEAR,DRY,False,COLLISION WITH FIXED OBJECT NON - INTERSECTION - FIRST EVENT COLLISION 09 - 32 EXCLUDING 16,SINGLE VEHICLE,CURVE & LEVEL,DAYLIGHT,,,5/18/2020 3:04:21 PM,False,7073,Accepted,
26692515,0568000,LOUISVILLE METRO POLICE DEPT,Accepted,JEFFERSON,KY1865,,NEW CUT,RD,,KY0907,3RD ST,,,,,38.145864823,-85.775223098,2.672,5/12/2020 12:00:00 AM,1225,1,1,0,0,CLEAR,DRY,True,OTHER INTERSECTION COLLISIONS,SINGLE VEHICLE,STRAIGHT & LEVEL,DAYLIGHT,,,5/14/2020 8:05:12 AM,False,7427,Accepted,
26684712,0568000,LOUISVILLE METRO POLICE DEPT,Accepted,JEFFERSON,,,MUHAMMAD ALI,BLVD,W,,,,4TH,,CATHEDRAL,38.251171332,-85.757879183,0.294,5/12/2020 12:00:00 AM,0230,1,1,0,0,CLEAR,DRY,True,COLLISION WITH FIXED OBJECT NON - INTERSECTION - FIRST EVENT COLLISION 09 - 32 EXCLUDING 16,SINGLE VEHICLE,STRAIGHT & LEVEL,DARK-HWY LIGHTED/ON,,,5/12/2020 8:34:26 AM,False,7316,Accepted,
26689189,0568000,LOUISVILLE METRO POLICE DEPT,Accepted,JEFFERSON,,1250,FLOYD,ST,S,,,,,,,38.232051221,-85.752076388,1.612,5/12/2020 12:00:00 AM,0839,2,2,0,0,CLEAR,DRY,False,1 VEHICLE PARKED POSITION (NOT PARKING LOT/DRIVEWAY),ANGLE,STRAIGHT & LEVEL,DAYLIGHT,,,5/13/2020 10:11:54 AM,False,7132,Accepted,
26689190,0568000,LOUISVILLE METRO POLICE DEPT,Accepted,JEFFERSON,KY1065,,LOVERS,LN,,,,,,,,38.159897574,-85.571865085,13.247,5/12/2020 12:00:00 AM,1250,1,1,0,0,CLOUDY,DRY,False,COLLISION WITH FIXED OBJECT NON - INTERSECTION - FIRST EVENT COLLISION 09 - 32 EXCLUDING 16,SINGLE VEHICLE,STRAIGHT & LEVEL,DAYLIGHT,,,5/13/2020 10:11:57 AM,False,4693,Accepted,
26689197,0568000,LOUISVILLE METRO POLICE DEPT,Accepted,JEFFERSON,,222,ORMSBY,AVE,E,,,,,,,38.231519004,-85.752892524,0.161,5/12/2020 12:00:00 AM,1400,2,2,0,0,CLEAR,DRY,False,1 VEHICLE PARKED POSITION (NOT PARKING LOT/DRIVEWAY),REAR TO REAR,STRAIGHT & LEVEL,DAYLIGHT,,,5/13/2020 10:12:27 AM,False,7441,Accepted,
26689199,0568000,LOUISVILLE METRO POLICE DEPT,Accepted,JEFFERSON,US0031W,10200,DIXIE,HWY,,KY0907,VALLEY STATION,,,,,38.107370907,-85.867715443,8.445,5/12/2020 12:00:00 AM,1945,1,1,0,0,CLEAR,DRY,False,COLLISION WITH FIXED OBJECT IN INTERSECTION - FIRST EVENT COLLISION 09 - 32,SINGLE VEHICLE,STRAIGHT & LEVEL,DUSK,,,5/13/2020 10:12:37 AM,False,5211,Accepted,
26689193,0568000,LOUISVILLE METRO POLICE DEPT,Accepted,JEFFERSON,US0060A,,EASTERN,PKWY,,KY0061,SHELBY,,,,,38.214830423,-85.742653420,4.581,5/12/2020 12:00:00 AM,1141,2,2,0,0,CLOUDY,DRY,False,ANGLE COLLISION - OTHER,ANGLE,STRAIGHT & LEVEL,DAYLIGHT,,,5/13/2020 10:12:09 AM,False,7322,Accepted,
26689194,0568000,LOUISVILLE METRO POLICE DEPT,Accepted,JEFFERSON,,1953,GOLDSMITH,LN,,,,,,,,38.202707776,-85.679181461,0.369,5/12/2020 12:00:00 AM,1111,1,1,0,0,CLEAR,DRY,False,COLLISION WITH FIXED OBJECT NON - INTERSECTION - FIRST EVENT COLLISION 09 - 32 EXCLUDING 16,SINGLE VEHICLE,CURVE & GRADE,DAYLIGHT,,,5/13/2020 10:12:13 AM,False,7722,Accepted,
26689195,0568000,LOUISVILLE METRO POLICE DEPT,Accepted,JEFFERSON,KY0061,,PRESTON,ST,S,,,,ATWOOD,,FETTER,38.216298485,-85.744690593,10.270,5/12/2020 12:00:00 AM,1347,2,2,0,2,CLEAR,DRY,False,SIDESWIPE COLLISION - SAME DIRECTION,SIDESWIPE-SAME DIRECTION,STRAIGHT & LEVEL,DAYLIGHT,,,5/13/2020 10:12:17 AM,False,7418,Accepted,
26689201,0568000,LOUISVILLE METRO POLICE DEPT,Accepted,JEFFERSON,,,DUTCHMANS,LN,,KY2048,CANNONS,,,,,38.226015795,-85.650467263,0.003,5/12/2020 12:00:00 AM,2000,2,2,0,2,CLOUDY,DRY,False,ANGLE COLLISION - OTHER,ANGLE,STRAIGHT & LEVEL,DUSK,,,5/13/2020 10:12:50 AM,False,7916,Accepted,
26684714,0568000,LOUISVILLE METRO POLICE DEPT,Accepted,JEFFERSON,,,CHEROKEE,RD,,US0031E,BAXTER,,,,,38.243397250,-85.726470659,0.024,5/12/2020 12:00:00 AM,0549,2,2,0,0,CLEAR,DRY,False,VEHICLE BACKING IN INTERSECTION,BACKING,CURVE & LEVEL,DAWN,,,5/12/2020 8:34:37 AM,False,7049,Accepted,
26689192,0568000,LOUISVILLE METRO POLICE DEPT,Accepted,JEFFERSON,,,26TH,ST,S,,MAGAZINE,,,,,38.251681920,-85.794631863,0.627,5/12/2020 12:00:00 AM,1400,2,2,0,4,CLEAR,DRY,False,ANGLE COLLISION - OTHER,ANGLE,STRAIGHT & LEVEL,DAYLIGHT,,,5/13/2020 10:12:05 AM,False,6360,Accepted,
26689200,0568000,LOUISVILLE METRO POLICE DEPT,Accepted,JEFFERSON,,,EDLIN,LN,,,,,,,,38.128101757,-85.714807566,0.180,5/12/2020 12:00:00 AM,1842,2,2,0,1,CLEAR,DRY,False,1 VEHICLE PARKED POSITION (NOT PARKING LOT/DRIVEWAY),ANGLE,STRAIGHT & LEVEL,DAYLIGHT,,,5/13/2020 10:12:43 AM,False,5248,Accepted,
26689188,0568000,LOUISVILLE METRO POLICE DEPT,Accepted,JEFFERSON,,,RIVER,RD,,,TIMBER RIDGE,,,,,38.340518860,-85.625389659,6.123,5/12/2020 12:00:00 AM,0715,2,2,0,0,CLEAR,DRY,False,SIDESWIPE-SAME DIRECTION,SIDESWIPE-SAME DIRECTION,STRAIGHT & LEVEL,DAYLIGHT,,,5/13/2020 10:11:50 AM,False,7839,Accepted,
26689204,0568000,LOUISVILLE METRO POLICE DEPT,Accepted,JEFFERSON,,,DUMESNIL,ST,,,28TH,,,,,38.236762035,-85.800493439,1.074,5/12/2020 12:00:00 AM,1949,2,2,0,0,CLEAR,DRY,False,SIDESWIPE-SAME DIRECTION,SIDESWIPE-SAME DIRECTION,STRAIGHT & GRADE,DUSK,,,5/13/2020 10:12:57 AM,False,5261,Accepted,
26684700,0568000,LOUISVILLE METRO POLICE DEPT,Accepted,JEFFERSON,US0031E,,BARDSTOWN,RD,,,GLENWORTH,,,,,38.203778714,-85.665281155,11.439,5/11/2020 12:00:00 AM,1141,2,2,0,0,CLEAR,DRY,False,OTHER INTERSECTION COLLISIONS,REAR END,STRAIGHT & LEVEL,DAYLIGHT,,,5/12/2020 8:33:44 AM,False,7319,Accepted,
26680114,0568000,LOUISVILLE METRO POLICE DEPT,Accepted,JEFFERSON,US0031W,,DIXIE,HWY,,,,,,,,38.173176730,-85.824574534,13.669,5/11/2020 12:00:00 AM,0302,2,2,0,0,CLEAR,DRY,True,HEAD-ON COLLISION,HEAD ON,STRAIGHT & LEVEL,DARK-HWY LIGHTED/ON,,,5/11/2020 8:33:41 AM,False,5259,Accepted,
26684701,0568000,LOUISVILLE METRO POLICE DEPT,Accepted,JEFFERSON,,,MAGAZINE,ST,,,28TH,,,,,38.252018998,-85.797834203,1.682,5/11/2020 12:00:00 AM,1547,2,2,0,0,CLOUDY,DRY,False,SIDESWIPE-SAME DIRECTION,SIDESWIPE-SAME DIRECTION,STRAIGHT & LEVEL,DAYLIGHT,,,5/12/2020 8:33:48 AM,True,5124,Accepted,
26684702,0568000,LOUISVILLE METRO POLICE DEPT,Accepted,JEFFERSON,US0150,315,BROADWAY,,E,,,,,,,38.245340676,-85.748062551,2.938,5/11/2020 12:00:00 AM,1210,2,2,0,1,CLOUDY,DRY,True,SIDESWIPE COLLISION - SAME DIRECTION,SIDESWIPE-SAME DIRECTION,STRAIGHT & LEVEL,DAYLIGHT,,,5/12/2020 8:33:52 AM,False,2855,Accepted,
26684710,0568000,LOUISVILLE METRO POLICE DEPT,Accepted,JEFFERSON,US0031W,,22ND,ST,S,KY2054,ALGONQUIN,,,,,38.223373318,-85.795103554,17.732,5/11/2020 12:00:00 AM,2052,2,2,0,0,CLEAR,DRY,False,HEAD-ON COLLISION,HEAD ON,STRAIGHT & LEVEL,DARK-HWY LIGHTED/OFF,,,5/12/2020 8:34:18 AM,False,5039,Accepted,
26684691,0568000,LOUISVILLE METRO POLICE DEPT,Accepted,JEFFERSON,,,BEECH,ST,,,,,,,,38.233348977,-85.805020406,0.355,5/11/2020 12:00:00 AM,1013,3,3,0,0,CLEAR,DRY,False,1 VEHICLE PARKED POSITION (NOT PARKING LOT/DRIVEWAY),REAR TO REAR,STRAIGHT & LEVEL,DAYLIGHT,,,5/12/2020 8:33:14 AM,False,7326,Accepted,
26684706,0568000,LOUISVILLE METRO POLICE DEPT,Accepted,JEFFERSON,,207,ALVINA,WAY,,,,,,,,38.149904499,-85.767873739,0.053,5/11/2020 12:00:00 AM,1902,2,2,0,0,CLEAR,DRY,False,1 VEHICLE PARKED POSITION (NOT PARKING LOT/DRIVEWAY),BACKING,STRAIGHT & GRADE,DAYLIGHT,,,5/12/2020 8:34:06 AM,False,7139,Accepted,
26684707,0568000,LOUISVILLE METRO POLICE DEPT,Accepted,JEFFERSON,US0150,,BROADWAY,,E,US0031E,BAXTER,,,,,38.243704101,-85.727001516,4.092,5/11/2020 12:00:00 AM,1751,2,2,0,0,CLEAR,DRY,False,ANGLE COLLISION - OTHER,ANGLE,STRAIGHT & LEVEL,DAYLIGHT,,,5/12/2020 8:34:10 AM,False,7037,Accepted,
26684713,0568000,LOUISVILLE METRO POLICE DEPT,Accepted,JEFFERSON,,,OAK,ST,W,KY1020,2ND,,,,,38.234727795,-85.757004636,0.090,5/11/2020 12:00:00 AM,2300,2,2,0,0,CLEAR,DRY,True,COLLISION WITH PARKED VEHICLE,SIDESWIPE-SAME DIRECTION,STRAIGHT & LEVEL,DARK-HWY LIGHTED/ON,,,5/12/2020 8:34:31 AM,False,5196,Accepted,
26680117,0568000,LOUISVILLE METRO POLICE DEPT,Accepted,JEFFERSON,,,19TH,ST,S,,MAGAZINE,,,,,38.250443136,-85.782945510,0.622,5/11/2020 12:00:00 AM,0119,3,3,0,1,CLEAR,DRY,False,ANGLE COLLISION - OTHER,ANGLE,STRAIGHT & LEVEL,DARK-HWY LIGHTED/ON,,,5/11/2020 8:33:49 AM,False,5047,Accepted,
26684693,0568000,LOUISVILLE METRO POLICE DEPT,Accepted,JEFFERSON,I 0064,,I64 E,,,,,I 0064,I64 E EXIT17 ON RAMP FROM KY913,I 0064,I64 E EXIT19A RAMP TO I265 S,38.222684345,-85.516856303,18.367,5/11/2020 12:00:00 AM,0900,1,1,0,0,CLOUDY,DRY,False,OTHER ROADWAY OR MID-BLOCK COLLISION,SINGLE VEHICLE,CURVE & GRADE,DAYLIGHT,,,5/12/2020 8:33:23 AM,False,7720,Accepted,
26684694,0568000,LOUISVILLE METRO POLICE DEPT,Accepted,JEFFERSON,,,HALE,AVE,,,,,,,,38.238567983,-85.791299763,0.713,5/11/2020 12:00:00 AM,1257,2,2,0,0,CLOUDY,DRY,False,1 VEHICLE PARKED POSITION (NOT PARKING LOT/DRIVEWAY),SIDESWIPE-OPPOSITE DIRECTION,STRAIGHT & LEVEL,DAYLIGHT,,,5/12/2020 8:33:27 AM,False,7326,Accepted,
26692507,0568000,LOUISVILLE METRO POLICE DEPT,Accepted,JEFFERSON,KY2845,,MANSLICK,RD,E,,ASTRID,,,,,38.123243284,-85.634747641,2.577,5/11/2020 12:00:00 AM,0230,1,1,0,0,CLOUDY,DRY,False,COLLISION WITH FIXED OBJECT IN INTERSECTION - FIRST EVENT COLLISION 09 - 32,SINGLE VEHICLE,STRAIGHT & LEVEL,DARK-HWY LIGHTED/ON,,,5/14/2020 8:04:50 AM,False,7642,Accepted,
26717911,0560400,SHIVELY POLICE DEPARTMENT,Accepted,JEFFERSON,I 0264,,I264 W,,,,,I 0264,I264 W EXIT8A OFF RAMP TO US31W N,I 0264,I264 E EXIT8B OFF RAMP TO US31W S,38.185547871,-85.809691431,7.762,5/11/2020 12:00:00 AM,1714,2,2,0,0,CLOUDY,DRY,False,SIDESWIPE COLLISION - SAME DIRECTION,SIDESWIPE-SAME DIRECTION,STRAIGHT & HILLCREST,DAYLIGHT,,,5/21/2020 7:19:24 AM,False,7109,Accepted,
26697022,0568000,LOUISVILLE METRO POLICE DEPT,Accepted,JEFFERSON,US0060A,,TAYLOR,BLVD,,,EARL,,,,,38.202820799,-85.780660004,1.953,5/10/2020 12:00:00 AM,1920,2,2,0,1,CLEAR,DRY,False,OPPOSING LEFT TURN,OPPOSING LEFT TURN,STRAIGHT & LEVEL,DAYLIGHT,,,5/15/2020 8:20:49 AM,False,7462,Accepted,
26707400,0568000,LOUISVILLE METRO POLICE DEPT,Accepted,JEFFERSON,,5338,3RD,ST,S,,,,,,,38.169877250,-85.768293230,2.001,5/10/2020 12:00:00 AM,1859,1,1,0,0,CLOUDY,DRY,False,COLLISION IN PARKING LOT,SINGLE VEHICLE,STRAIGHT & LEVEL,DAYLIGHT,,,5/18/2020 3:05:29 PM,False,7232,Accepted,
26740748,0568000,LOUISVILLE METRO POLICE DEPT,Accepted,JEFFERSON,KY3082,,BANK,ST,,,26TH,,,,,38.269347313,-85.790944614,1.088,5/10/2020 12:00:00 AM,1750,2,2,0,0,CLEAR,DRY,True,ANGLE COLLISION - OTHER,ANGLE,STRAIGHT & LEVEL,DAYLIGHT,,,5/27/2020 8:41:16 AM,False,7305,Accepted,
26680111,0568000,LOUISVILLE METRO POLICE DEPT,Accepted,JEFFERSON,,3001,SPRINGFIELD,DR,,,,,,,,38.147488542,-85.816741961,0.198,5/10/2020 12:00:00 AM,1905,2,2,0,1,CLEAR,DRY,False,1 VEHICLE PARKED POSITION (NOT PARKING LOT/DRIVEWAY),ANGLE,STRAIGHT & LEVEL,DAYLIGHT,,,5/11/2020 8:33:34 AM,False,5263,Accepted,
26680120,0568000,LOUISVILLE METRO POLICE DEPT,Accepted,JEFFERSON,,,RIVER PARK,DR,,,32ND,,,,,38.254197538,-85.804941583,1.208,5/10/2020 12:00:00 AM,0610,1,1,0,1,CLEAR,DRY,False,COLLISION WITH FIXED OBJECT IN INTERSECTION - FIRST EVENT COLLISION 09 - 32,SINGLE VEHICLE,CURVE & LEVEL,DAWN,,,5/11/2020 8:33:59 AM,False,5162,Accepted,
26680104,0568000,LOUISVILLE METRO POLICE DEPT,Accepted,JEFFERSON,,230,SOUTHERN HEIGHTS,AVE,E,,,,,,,38.189013417,-85.757711129,0.184,5/10/2020 12:00:00 AM,1617,2,1,0,1,CLEAR,DRY,False,COLLISION WITH BICYCLIST NON INTERSECTION,SINGLE VEHICLE,STRAIGHT & LEVEL,DAYLIGHT,,,5/11/2020 8:33:12 AM,False,5052,Accepted,
26680106,0568000,LOUISVILLE METRO POLICE DEPT,Accepted,JEFFERSON,,1231,TEXAS,AVE,,,,,,,,38.227131512,-85.732171855,0.903,5/10/2020 12:00:00 AM,1701,2,1,0,1,CLEAR,DRY,False,COLLISION WITH PEDESTRIAN NON - INTERSECTION,SINGLE VEHICLE,STRAIGHT & LEVEL,DAYLIGHT,,,5/11/2020 8:33:21 AM,False,7495,Accepted,
26680107,0568000,LOUISVILLE METRO POLICE DEPT,Accepted,JEFFERSON,KY1450,,BLUE LICK,RD,,,FOREMAN,,,,,38.129297092,-85.689446497,3.081,5/10/2020 12:00:00 AM,1858,2,2,0,0,CLEAR,DRY,False,ANGLE COLLISION - OTHER,ANGLE,CURVE & LEVEL,DAYLIGHT,,,5/11/2020 8:33:24 AM,False,5270,Accepted,
26680086,0568000,LOUISVILLE METRO POLICE DEPT,Accepted,JEFFERSON,I 0064,,I64 W,,,,,,,,,38.259053819,-85.750229029,4.647,5/10/2020 12:00:00 AM,0153,2,2,0,0,CLEAR,DRY,False,OTHER ROADWAY OR MID-BLOCK COLLISION,REAR TO REAR,STRAIGHT & LEVEL,DARK-HWY LIGHTED/ON,,,5/11/2020 8:32:14 AM,False,5195,Accepted,
26680093,0568000,LOUISVILLE METRO POLICE DEPT,Accepted,JEFFERSON,,,MAGAZINE,ST,,,26TH,,,,,38.251684513,-85.794621648,1.508,5/10/2020 12:00:00 AM,1355,3,3,0,0,CLEAR,DRY,False,COLLISION WITH PARKED VEHICLE,HEAD ON,STRAIGHT & LEVEL,DAYLIGHT,,,5/11/2020 8:32:42 AM,False,7463,Accepted,
26680094,0568000,LOUISVILLE METRO POLICE DEPT,Accepted,JEFFERSON,,,BROOK,ST,S,,JEFFERSON,,,,,38.253137470,-85.750475209,3.394,5/10/2020 12:00:00 AM,1530,2,2,0,4,RAINING,WET,True,ANGLE COLLISION - OTHER,ANGLE,,DAYLIGHT,,,5/11/2020 8:32:46 AM,False,7239,Accepted,
26680095,0568000,LOUISVILLE METRO POLICE DEPT,Accepted,JEFFERSON,,,COOPER CHAPEL,RD,,,BATES,,,,,38.110582887,-85.621731901,3.196,5/10/2020 12:00:00 AM,0655,2,2,0,0,CLEAR,DRY,False,ANGLE COLLISION - OTHER,ANGLE,STRAIGHT & LEVEL,DAYLIGHT,,,5/11/2020 8:32:49 AM,False,7442,Accepted,
26680097,0568000,LOUISVILLE METRO POLICE DEPT,Accepted,JEFFERSON,US0150,,BROADWAY,,E,,FLOYD,,,,,38.245447624,-85.749653270,2.844,5/10/2020 12:00:00 AM,1540,2,2,0,1,CLOUDY,DRY,False,ANGLE COLLISION - OTHER,ANGLE,STRAIGHT & LEVEL,DAYLIGHT,,,5/11/2020 8:32:52 AM,False,5251,Accepted,
26680098,0568000,LOUISVILLE METRO POLICE DEPT,Accepted,JEFFERSON,KY0864,,POPLAR LEVEL,RD,,,BELMAR,,,,,38.205405201,-85.712953027,12.074,5/10/2020 12:00:00 AM,1708,3,3,0,2,CLEAR,DRY,False,ANGLE COLLISION - OTHER,ANGLE,STRAIGHT & LEVEL,DAYLIGHT,,,5/11/2020 8:32:56 AM,False,5191,Accepted,
26680099,0568000,LOUISVILLE METRO POLICE DEPT,Accepted,JEFFERSON,,,VERMONT,AVE,,,36TH,,,,,38.255985286,-85.811144067,0.571,5/10/2020 12:00:00 AM,1131,2,2,0,2,CLOUDY,DRY,False,ANGLE COLLISION - OTHER,ANGLE,STRAIGHT & LEVEL,DAYLIGHT,,,5/11/2020 8:33:00 AM,False,5282,Accepted,
26680101,0568000,LOUISVILLE METRO POLICE DEPT,Accepted,JEFFERSON,,,ROY WILKINS,AVE,,,MUHAMMAD ALI,,,,,38.252046347,-85.765777118,0.386,5/10/2020 12:00:00 AM,1113,2,2,0,0,CLOUDY,DRY,True,OTHER INTERSECTION COLLISIONS,REAR END,STRAIGHT & LEVEL,DAYLIGHT,,,5/11/2020 8:33:08 AM,False,2854,Accepted,
26680109,0568000,LOUISVILLE METRO POLICE DEPT,Accepted,JEFFERSON,,6618,GABRIEL,DR,,,,,,,,38.155524405,-85.854893257,0.353,5/10/2020 12:00:00 AM,2107,1,1,0,1,CLEAR,DRY,False,OTHER COLLISIONS ON SHOULDER,SINGLE VEHICLE,CURVE & LEVEL,DUSK,,,5/11/2020 8:33:28 AM,False,7264,Accepted,
26680110,0568000,LOUISVILLE METRO POLICE DEPT,Accepted,JEFFERSON,,,OLD TOWNE,RD,,,CAPE COD,,,,,38.146794787,-85.763393764,0.199,5/10/2020 12:00:00 AM,2326,2,2,0,0,CLEAR,DRY,False,COLLISION WITH PARKED VEHICLE,REAR END,STRAIGHT & LEVEL,DARK-HWY NOT LIGHTED,,,5/11/2020 8:33:31 AM,False,7160,Accepted,
26694036,0568000,LOUISVILLE METRO POLICE DEPT,Accepted,JEFFERSON,US0031W,9212,DIXIE,HWY,,,,,EUCLID,,STONESTREET,38.120465038,-85.856352504,9.686,5/10/2020 12:00:00 AM,1410,3,3,0,0,CLEAR,DRY,True,REAR END IN TRAFFIC LANES BOTH VEHICLES MOVING,REAR END,STRAIGHT & LEVEL,DAYLIGHT,,,5/14/2020 1:41:43 PM,False,7336,Accepted,
26680116,0568000,LOUISVILLE METRO POLICE DEPT,Accepted,JEFFERSON,KY1865,,TAYLOR,BLVD,,,BLUEGRASS,,,,,38.179599290,-85.783268028,5.030,5/10/2020 12:00:00 AM,2042,2,2,0,2,CLEAR,DRY,False,ANGLE COLLISION - OTHER,ANGLE,STRAIGHT & LEVEL,DUSK,,,5/11/2020 8:33:45 AM,False,5221,Accepted,
26680118,0568000,LOUISVILLE METRO POLICE DEPT,Accepted,JEFFERSON,KY1747,,HURSTBOURNE,PKWY,S,,,,AMBROSSE,,SIX MILE,38.197820648,-85.603078298,9.530,5/10/2020 12:00:00 AM,2351,1,1,0,1,CLOUDY,DRY,False,COLLISION WITH FIXED OBJECT NON - INTERSECTION - FIRST EVENT COLLISION 09 - 32 EXCLUDING 16,SINGLE VEHICLE,STRAIGHT & LEVEL,DARK-HWY NOT LIGHTED,,,5/11/2020 8:33:55 AM,False,7851,Accepted,